run,game,t,until_last_alive_s,target,own_r,enemy_r,target_gap,nearest_gap,nearest_id,speed,boost,heading_error,normal_speed,bend,quality_reason
t2_20261002_081425,1,7.959,1.9930000000000003,131,14.910377358490567,47.5,42.60097096816007,42.60097096816007,131,5.79,False,0.2648161045646331,-27.954995391603244,0.7598253523212892,curve
t2_20261002_081425,1,7.994,1.9580000000000002,131,14.910377358490567,47.5,39.30957482197404,39.30957482197404,131,5.79,False,0.31390348977697435,-95.20597676342207,0.7598253523212892,curve
t2_20261002_081425,1,8.032,1.92,131,14.910377358490567,47.5,37.29424954886629,37.29424954886629,131,5.79,False,0.31390348977697435,-53.639939905858206,0.7598253523212892,curve
t2_20261002_081425,1,8.061,1.891,131,14.910377358490567,47.5,36.06814460084017,36.06814460084017,131,5.79,False,0.26915573411057014,-41.826000021557704,0.812255129029352,curve
t2_20261002_081425,1,8.102,1.8499999999999996,131,14.910377358490567,47.6,35.238467450572784,35.238467450572784,131,5.79,False,0.24954394266254187,-22.12342115169966,0.8230417485330483,curve
t2_20261002_081425,1,8.139,1.8130000000000006,131,14.910377358490567,47.6,32.80915245455465,32.80915245455465,131,5.79,False,0.2986313278748822,-65.28356642814687,0.8230417485330483,curve
t2_20261002_081425,1,8.184,1.7680000000000007,131,14.910377358490567,47.6,30.969180045514097,30.969180045514097,131,5.79,False,0.3231750204810524,-40.38897437799938,0.8230417485330483,curve
t2_20261002_081425,1,8.202,1.75,131,14.910377358490567,47.6,29.105990316931685,29.105990316931685,131,5.79,False,0.3231750204810524,-107.23997181691387,0.8230417485330483,curve
t2_20261002_081425,1,8.235,1.7170000000000005,131,14.910377358490567,47.6,27.27814539290981,27.27814539290981,131,5.79,False,0.2473736800199564,-54.442695588653,0.8721340835209328,curve
t2_20261002_081425,1,8.267,1.6850000000000005,131,14.910377358490567,47.6,25.497994181413606,25.497994181413606,131,5.79,False,0.29646106523229676,-55.94923211041856,0.8721340835209328,curve
t2_20261002_081425,1,8.3,1.6519999999999992,131,14.910377358490567,47.7,25.017057075291444,25.017057075291444,131,5.79,False,0.27557493967515967,-15.614705485266601,0.8815742451683612,curve
t2_20261002_081425,1,8.35,1.6020000000000003,131,14.910377358490567,47.7,22.282924574385472,22.282924574385472,131,5.79,False,0.30011863228132984,-55.49922906765673,0.8815742451683612,curve
t2_20261002_081425,1,8.361,1.5909999999999993,131,14.910377358490567,47.7,21.711640951469544,21.711640951469544,131,5.79,False,0.27557493967515967,-50.97590082784846,0.8815742451683612,curve
t2_20261002_081425,1,8.394,1.5579999999999998,131,14.910377358490567,47.7,20.149155827362346,20.149155827362346,131,5.79,False,0.27557493967515967,-48.775861461282965,0.8815742451683612,curve
t2_20261002_081425,1,8.428,1.5239999999999991,131,14.910377358490567,47.7,18.194276569105593,18.194276569105593,131,5.79,False,0.2672497533008267,-56.40568924894386,0.9814439811360582,curve
t2_20261002_081425,1,8.459,1.4930000000000003,131,14.910377358490567,47.7,16.748009310353208,16.748009310353208,131,5.79,False,0.19361867548231615,-47.24601843667654,0.9814439811360582,body_interference
t2_20261002_081425,1,8.5,1.452,131,14.910377358490567,47.9,16.323003545015187,16.323003545015187,131,5.79,False,0.1716059358695592,-8.269803655636153,0.9904746101690596,body_interference
t2_20261002_081425,1,8.522,1.4299999999999997,131,14.910377358490567,47.9,15.37126287565491,15.37126287565491,131,5.79,False,0.22069332108189954,-42.48626563756723,0.9904746101690596,body_interference
t2_20261002_081425,1,8.556,1.3960000000000008,131,14.910377358490567,47.9,13.907187001937306,13.907187001937306,131,5.79,False,0.2697807062942399,-43.965126575550926,0.9904746101690596,body_interference
t2_20261002_081425,1,8.587,1.3650000000000002,131,14.910377358490567,47.9,12.439623104396166,12.439623104396166,131,5.79,False,0.18227245743753695,-46.463842323794275,1.0330601694254105,body_interference
t2_20261002_081425,1,8.634,1.3179999999999996,131,14.910377358490567,47.9,10.887199175394816,10.887199175394816,131,5.79,False,0.15772876483136677,-33.35995749580425,1.0330601694254105,body_interference
t2_20261002_081425,1,8.667,1.2850000000000001,131,14.910377358490567,47.9,9.721644168662483,9.721644168662483,131,5.79,False,0.206816150043708,-35.69535686484819,1.0330601694254105,body_interference
t2_20261002_081425,1,8.698,1.2539999999999996,131,14.910377358490567,48,9.528901909994456,9.528901909994456,131,5.79,False,0.18387078919892552,-6.700627643251143,1.0402610910284067,body_interference
t2_20261002_081425,1,8.743,1.2089999999999996,131,14.910377358490567,48,8.470266211008404,8.470266211008404,131,5.79,False,0.18387078919892552,-24.08665112325174,1.0402610910284067,body_interference
t2_20261002_081425,1,8.762,1.1899999999999995,131,14.910377358490567,48,9.328542590853555,9.328542590853555,131,5.79,False,0.0916782389344526,43.33934878888535,1.075240966915822,body_interference
t2_20261002_081425,1,8.81,1.1419999999999995,131,14.910377358490567,48,7.87731504673145,7.87731504673145,131,5.79,False,0.14076562414679294,-29.571055372174772,1.075240966915822,body_interference
t2_20261002_081425,1,8.828,1.1240000000000006,131,14.910377358490567,48,7.373076704059141,7.373076704059141,131,5.79,False,0.16530931675296312,-29.42637064445766,1.075240966915822,body_interference
t2_20261002_081425,1,8.862,1.0899999999999999,131,14.910377358490567,48,6.346698068597927,6.346698068597927,131,5.79,False,0.16530931675296312,-29.94873211740942,1.075240966915822,body_interference
t2_20261002_081425,1,8.897,1.0549999999999997,131,14.910377358490567,48.2,6.018746995791641,6.018746995791641,131,5.79,False,0.21530369166904695,-6.996190387411984,1.080493556021838,body_interference
t2_20261002_081425,1,8.922,1.0299999999999994,131,14.910377358490567,48.2,5.086077338063898,5.086077338063898,131,5.79,False,0.1662163064567066,-38.00098912193824,1.080493556021838,body_interference
t2_20261002_081425,1,8.954,0.9979999999999993,131,14.910377358490567,48.2,4.354395834423581,4.354395834423581,131,5.79,False,0.045905518179021776,-22.58036150563231,1.1070857197655237,body_interference
t2_20261002_081425,1,8.987,0.9649999999999999,131,15.047169811320755,48.2,2.56513755623938,2.56513755623938,131,5.79,False,0.045905518179021776,-55.9470577472762,1.1070857197655237,body_interference
t2_20261002_081425,1,9.021,0.9309999999999992,131,15.047169811320755,48.2,2.036021192990221,2.036021192990221,131,5.79,False,0.09499290339136213,-16.256031826632718,1.1070857197655237,body_interference
t2_20261002_081425,1,9.063,0.8889999999999993,131,15.047169811320755,48.2,1.083131421249762,1.083131421249762,131,5.79,False,0.16862398120987265,-23.00672421086337,1.1070857197655237,body_interference
t2_20261002_081425,1,9.086,0.8659999999999997,131,15.047169811320755,48.3,1.175242656819366,1.175242656819366,131,5.79,False,0.07105137993888189,4.135189224132313,1.2203630550739382,body_interference
t2_20261002_081425,1,9.116,0.8360000000000003,131,15.047169811320755,48.3,0.5327656447650302,0.5327656447650302,131,5.79,False,0.07105137993888189,-22.02643798275617,1.2203630550739382,body_interference
t2_20261002_081425,1,9.162,0.7899999999999991,131,15.047169811320755,48.3,-0.3627161071638678,-0.3627161071638678,131,5.79,False,0.16332307978611027,-18.79754655382861,1.2203630550739382,body_interference
t2_20261002_081425,1,9.195,0.7569999999999997,131,15.047169811320755,48.3,-1.2835043537289064,-1.2835043537289064,131,5.79,False,0.1446824577573933,-27.992292670160275,1.2203630550739382,body_interference
t2_20261002_081425,1,9.23,0.7219999999999995,131,15.047169811320755,48.3,-0.7643804693084757,-0.7643804693084757,131,5.79,False,0.04557992294516566,14.884488649973644,1.2295564826728644,body_interference
t2_20261002_081425,1,9.259,0.6929999999999996,131,15.047169811320755,48.3,-1.2493077197232463,-1.2493077197232463,131,5.79,False,0.5389338045298979,-15.93919703833025,1.385119412754484,body_interference
t2_20261002_081425,1,9.301,0.6509999999999998,131,15.047169811320755,48.4,-3.4753389601885285,-3.4753389601885285,131,5.79,False,0.46305927074798525,-55.55099479079704,1.2209633374164701,body_interference
t2_20261002_081425,1,9.322,0.6300000000000008,131,15.047169811320755,48.4,-6.301219898918786,-6.301219898918786,131,5.79,False,0.46305927074798525,-132.84577357222855,1.2209633374164701,body_interference
t2_20261002_081425,1,9.355,0.5969999999999995,131,15.047169811320755,48.4,-8.113099628483544,-8.113099628483544,131,5.79,False,0.2817798709717909,-56.8639615259729,1.2209633374164701,body_interference
t2_20261002_081425,1,9.387,0.5649999999999995,131,15.047169811320755,48.4,-9.23752802769504,-9.23752802769504,131,5.79,False,0.17974203043534231,-35.0753126814906,1.2209633374164701,body_interference
t2_20261002_081425,1,9.421,0.5310000000000006,131,15.047169811320755,48.4,-9.889149196995154,-9.889149196995154,131,5.79,False,0.04220891465978038,-18.666079128275857,1.143706563885766,body_interference
t2_20261002_081425,1,9.465,0.4870000000000001,131,15.047169811320755,48.4,-9.692675299396134,-9.692675299396134,131,5.79,False,0.04220891465978038,5.178179139873555,1.143706563885766,body_interference
t2_20261002_081425,1,9.483,0.4689999999999994,131,15.047169811320755,48.6,-9.262247172467957,-9.262247172467957,131,5.79,False,0.016896919520549503,28.553764692719305,1.1282114824439216,body_interference
t2_20261002_081425,1,9.514,0.4380000000000006,131,15.047169811320755,48.6,-9.872481242742415,-9.872481242742415,131,5.79,False,0.012838419293225378,-19.48301469784216,1.0500990104619743,body_interference
t2_20261002_081425,1,9.548,0.4039999999999999,131,15.047169811320755,48.6,-10.073457228769412,-10.073457228769412,131,5.79,False,0.012838419293225378,-5.909112985617466,1.0500990104619743,body_interference
t2_20261002_081425,1,9.58,0.3719999999999999,131,15.047169811320755,48.6,-10.140533792569931,-10.140533792569931,131,5.79,False,0.012838419293225378,-2.3672740641130163,1.0500990104619743,body_interference
t2_20261002_081425,1,9.624,0.3279999999999994,131,15.047169811320755,48.6,-10.317567123060462,-10.317567123060462,131,5.79,False,0.06416637206362541,-4.016719833832874,0.9684101053159275,body_interference
t2_20261002_081425,1,9.644,0.30799999999999983,131,15.047169811320755,48.6,-10.045015213819665,-10.045015213819665,131,5.79,False,0.06416637206362541,13.593261540201235,0.9684101053159275,body_interference
t2_20261002_081425,1,9.702,0.25,131,15.183962264150946,48.7,-10.087794013975095,-10.087794013975095,131,5.79,False,0.03995764604235763,-0.6531687652764293,0.8723649276428946,body_interference
t2_20261002_081425,1,9.722,0.23000000000000043,131,15.183962264150946,48.7,-9.895639801775875,-9.895639801775875,131,5.79,False,0.03995764604235763,11.406549991514241,0.8723649276428946,body_interference
t2_20261002_081425,1,9.754,0.1980000000000004,131,15.183962264150946,48.7,-9.310942222401312,-9.310942222401312,131,5.79,False,0.0645013386485278,18.058756794131575,0.8723649276428946,body_interference
t2_20261002_081425,1,9.803,0.14899999999999913,131,15.183962264150946,48.7,-7.18085387958271,-7.18085387958271,131,5.79,False,0.0645013386485278,18.058756794131575,0.8723649276428946,body_interference
t2_20261002_081425,1,9.822,0.13000000000000078,131,15.183962264150946,48.7,-6.123929425544691,-6.123929425544691,131,5.79,False,0.0645013386485278,18.058756794131575,0.8723649276428946,body_interference
t2_20261002_081425,1,9.855,0.09699999999999953,131,15.183962264150946,48.7,-3.3668561745579986,-6.403405030334355,270,5.79,False,0.0645013386485278,18.058756794131575,0.8723649276428946,body_interference
t2_20261002_081425,1,9.886,0.06600000000000072,131,15.183962264150946,48.7,-0.6476729350531052,-8.280121171353848,270,5.79,False,0.0645013386485278,18.058756794131575,0.8723649276428946,body_interference
t2_20261002_081425,1,9.915,0.03700000000000081,131,15.183962264150946,48.8,7.975480359482365,-10.15964094739936,270,5.79,False,0.0645013386485278,18.058756794131575,0.8723649276428946,body_interference
t2_20261002_081425,1,9.952,0.0,131,15.183962264150946,48.8,12.066964598338746,-12.706490922676494,270,5.79,False,0.0645013386485278,18.058756794131575,0.8723649276428946,body_interference
t2_20261002_082349,1,8.314,1.9879999999999995,489,14.5,30.1,13.553752051268297,13.553752051268297,489,14,True,0.07771130418442773,-397.74803992156484,0.03270082732628943,clean
t2_20261002_082349,1,8.348,1.9539999999999988,489,14.5,30.1,35.919772891351634,35.919772891351634,489,14,True,0.014160582051596649,654.8975624071788,0.018743527159733375,align
t2_20261002_082349,1,8.38,1.9219999999999988,489,14.5,30.1,22.874820962285902,22.874820962285902,489,14,True,0.014160582051596649,-402.6849897905022,0.018743527159733375,clean
t2_20261002_082349,1,8.422,1.879999999999999,489,14.5,30.1,11.294483573216773,11.294483573216773,489,14,True,0.03870427465776771,-280.47844379172443,0.018743527159733375,clean
t2_20261002_082349,1,8.443,1.859,489,14.5,30.1,0.2380544072707238,0.2380544072707238,489,14,True,0.03870427465776771,-524.2744049127884,0.018743527159733375,clean
t2_20261002_082349,1,8.475,1.827,489,14.5,30.1,-8.650073182853973,-8.650073182853973,489,14,True,0.03870427465776771,-282.4519328613251,0.018743527159733375,clean
t2_20261002_082349,1,8.507,1.795,489,14.5,30.1,-13.195277669555686,-13.195277669555686,489,14,True,0.03870427465776771,-138.95633686537568,0.018743527159733375,clean
t2_20261002_082349,1,8.539,1.763,489,14.5,30.1,0.40293273945634667,0.40293273945634667,489,14,True,0.04745678440737677,429.1791291401137,0.02201852377903535,clean
t2_20261002_082349,1,8.579,1.722999999999999,489,14.5,30.1,-7.042205220440216,-7.042205220440216,489,14,True,0.07200047701354784,-186.8167547352633,0.02201852377903535,clean
t2_20261002_082349,1,8.602,1.6999999999999993,489,14.5,30.1,-10.652844677123063,-10.652844677123063,489,14,True,0.07200047701354784,-156.05477298843414,0.02201852377903535,clean
t2_20261002_082349,1,8.634,1.6679999999999993,489,14.5,30.1,-10.980236972904805,-10.980236972904805,489,14,True,0.0016306008049635778,-9.953610690810235,0.02201852377903535,clean
t2_20261002_082349,1,8.682,1.6199999999999992,489,14.5,30.1,-10.721435106243185,-10.721435106243185,489,14,True,0.04947121816091027,5.483289159599402,0.03359140713947717,clean
t2_20261002_082349,1,8.714,1.5879999999999992,489,14.5,30.1,-9.848410850393385,-9.848410850393385,489,14,True,0.07401491076708133,26.739838402588088,0.03359140713947717,clean
t2_20261002_082349,1,8.758,1.5440000000000005,489,14.5,30.1,-8.656755615464974,-8.656755615464974,489,14,True,0.07315431638462933,27.73017216188383,0.0475263119242566,clean
t2_20261002_082349,1,8.781,1.520999999999999,489,14.5,30.1,-8.102350152969144,-8.102350152969144,489,14,True,0.06886024229162757,23.904630244768033,0.05629239506486705,clean
t2_20261002_082349,1,8.819,1.4829999999999988,489,14.5,30.1,-6.992064160673685,-6.992064160673685,489,14,True,0.08774496869474113,29.310583607139385,0.07363515970780998,clean
t2_20261002_082349,1,8.843,1.4589999999999996,489,14.5,30.1,-6.401097412824548,-6.401097412824548,489,14,True,0.08774496869474113,23.913042867864434,0.07363515970780998,clean
t2_20261002_082349,1,8.874,1.427999999999999,489,14.5,30.1,-5.280553237370405,-5.280553237370405,489,14,True,0.0794449688750607,35.79038456772941,0.09265308170720798,clean
t2_20261002_082349,1,8.907,1.3949999999999996,489,14.5,30.1,-4.188990659162975,-4.188990659162975,489,14,True,0.0794449688750607,34.089339657303746,0.09265308170720798,clean
t2_20261002_082349,1,8.94,1.362,489,14.5,30.1,-3.0893954269918567,-3.0893954269918567,489,14,True,0.09316515729093489,33.703902290628996,0.11300760578694158,curve
t2_20261002_082349,1,8.981,1.3209999999999997,489,14.5,30.1,-2.024057575571021,-2.024057575571021,489,14,True,0.08213748351495909,26.39974857082397,0.12032160842240636,curve
t2_20261002_082349,1,9.002,1.299999999999999,489,14.5,30.1,-0.8834111944438447,-0.8834111944438447,489,14,True,0.08213748351495909,54.958478281151436,0.12032160842240636,curve
t2_20261002_082349,1,9.034,1.267999999999999,489,14.5,30.1,-0.32643354041026384,-0.32643354041026384,489,14,True,0.06746666598350615,17.041863569536876,0.14164881275484964,curve
t2_20261002_082349,1,9.069,1.2329999999999988,489,14.5,30.1,0.5134169106726247,0.5134169106726247,489,14,True,0.04292297337733686,22.984642275955945,0.14164881275484964,curve
t2_20261002_082349,1,9.1,1.202,489,14.5,30.1,0.8884797712499548,0.8884797712499548,489,14,True,0.02626653096055165,12.537668278896295,0.16302829137529118,curve
t2_20261002_082349,1,9.139,1.1630000000000003,489,14.5,30.1,2.934675194601134,2.934675194601134,489,14,True,0.0815258832949084,52.75271725425733,0.17634464731813004,curve
t2_20261002_082349,1,9.181,1.1210000000000004,489,14.5,30.1,4.323675831900914,4.323675831900914,489,14,True,0.066376293201035,32.36656159853212,0.18098254555891335,curve
t2_20261002_082349,1,9.203,1.0990000000000002,489,14.5,30.1,5.021017940731966,5.021017940731966,489,14,True,0.066376293201035,31.081833271237358,0.18098254555891335,curve
t2_20261002_082349,1,9.243,1.0589999999999993,489,14.5,30.1,4.044591538248795,4.044591538248795,489,14,True,0.021596734585408228,-25.106983388461984,0.18727866282873995,curve
t2_20261002_082349,1,9.275,1.0269999999999992,489,14.5,30.1,4.6427638864732685,4.6427638864732685,489,14,True,0.025262303020189947,18.52837787073335,0.18906698474146433,curve
t2_20261002_082349,1,9.308,0.9939999999999998,489,14.5,30.1,5.318977773297185,5.318977773297185,489,14,True,0.04980599562636101,21.176084301411784,0.18906698474146433,curve
t2_20261002_082349,1,9.341,0.9610000000000003,489,14.5,30.1,6.6012112615450675,6.6012112615450675,489,14,True,0.053318461602883005,38.249461597084036,0.18588570860797837,curve
t2_20261002_082349,1,9.382,0.9199999999999999,489,14.5,30.1,7.051179199773145,7.051179199773145,489,14,True,0.038706846492871705,10.298249255523054,0.17619472139895764,curve
t2_20261002_082349,1,9.402,0.9000000000000004,489,14.5,30.1,7.564872808989406,7.564872808989406,489,14,True,0.038706846492871705,26.270716282193057,0.17619472139895764,curve
t2_20261002_082349,1,9.435,0.8669999999999991,489,14.5,30.1,7.640765786672681,7.640765786672681,489,14,True,0.019171146332013222,1.633567557519468,0.16329181234563972,curve
t2_20261002_082349,1,9.469,0.8330000000000002,489,14.5,30.1,7.903106362014981,7.903106362014981,489,14,True,0.001106364601252352,6.755884709711672,0.14455998303858664,curve
t2_20261002_082349,1,9.503,0.7989999999999995,489,14.5,30.1,8.041441996947817,8.041441996947817,489,14,True,0.02565005720742164,5.716698878097446,0.14455998303858664,curve
t2_20261002_082349,1,9.552,0.75,489,14.5,30.1,7.50087688945343,7.50087688945343,489,14,True,0.015550891437452918,-11.223835484236321,0.12922477190558013,curve
t2_20261002_082349,1,9.563,0.738999999999999,489,14.5,30.1,7.5175691744446596,7.5175691744446596,489,14,True,0.02250940051441752,1.4877184386629783,0.11767589833632774,curve
t2_20261002_082349,1,9.595,0.706999999999999,489,14.5,30.1,7.2088789524773915,7.2088789524773915,489,14,True,0.02250940051441752,-10.035190957599088,0.11767589833632774,curve
t2_20261002_082349,1,9.634,0.6679999999999993,489,14.5,30.1,8.154059782056962,8.154059782056962,489,14,True,0.008234845548290792,23.431980379450522,0.11229591333925226,curve
t2_20261002_082349,1,9.676,0.6259999999999994,489,14.5,30.1,7.577350986556503,7.577350986556503,489,14,True,0.03483826593019934,-13.786207016719292,0.11100513911456567,curve
t2_20261002_082349,1,9.707,0.5949999999999989,489,14.5,30.1,5.822081962206852,5.822081962206852,489,14,True,0.03760277796872735,-55.35713011184397,0.11877745771896331,curve
t2_20261002_082349,1,9.742,0.5599999999999987,489,14.5,30.1,5.123675508675049,5.123675508675049,489,14,True,0.06004783260338442,-19.399614470939532,0.13476910112148754,curve
t2_20261002_082349,1,9.771,0.5309999999999988,489,14.5,30.1,4.4639392714157395,4.4639392714157395,489,14,True,0.051216547190659156,-24.047124195240198,0.1508025313564314,curve
t2_20261002_082349,1,9.804,0.49799999999999933,489,14.5,30.1,4.320337593973576,4.320337593973576,489,14,True,0.02667285458448987,-4.717161069509559,0.1508025313564314,curve
t2_20261002_082349,1,9.836,0.4659999999999993,489,14.5,30.1,3.608114541086522,3.608114541086522,489,14,True,0.07576023979683022,-23.017767539752906,0.1508025313564314,curve
t2_20261002_082349,1,9.87,0.4320000000000004,489,14.5,30.1,2.960396156604588,2.960396156604588,489,14,True,0.0636067498329993,-18.113388572016348,0.1714981640683204,curve
t2_20261002_082349,1,9.901,0.4009999999999998,489,14.5,30.1,1.9055515270040857,1.9055515270040857,489,14,True,0.07175707712237767,-33.796504387135265,0.20926735593103052,curve
t2_20261002_082349,1,9.949,0.35299999999999976,489,14.5,30.1,0.31741168548775534,0.31741168548775534,489,14,True,0.12291404945247564,-32.50042015231076,0.2555173539578841,curve
t2_20261002_082349,1,9.965,0.33699999999999974,489,14.5,30.1,-0.8929800085136748,-0.8929800085136748,489,14,True,0.125414890058412,-80.24942363208196,0.24215189831132733,curve
t2_20261002_082349,1,9.996,0.30599999999999916,489,14.5,30.1,-1.805649963606733,-1.805649963606733,489,14,True,0.09844217739776795,-28.672223461490145,0.29410676304310357,curve
t2_20261002_082349,1,10.029,0.2729999999999997,489,14.5,30.1,-3.432621866875337,-3.432621866875337,489,14,True,0.08994477006216073,-48.53404746999899,0.34536477780362196,curve
t2_20261002_082349,1,10.062,0.2400000000000002,489,14.5,30.1,-4.455704453683516,-4.455704453683516,489,14,True,0.1445491047445593,-32.451752852098885,0.3301584640691537,curve
t2_20261002_082349,1,10.102,0.1999999999999993,489,14.5,30.1,-7.031084868487987,-7.031084868487987,489,14,True,0.06485797687625094,-64.89845205474771,0.42014946581863644,curve
t2_20261002_082349,1,10.145,0.15700000000000003,489,14.5,30.1,-8.324587612747571,-8.324587612747571,489,13.833333333333334,True,0.06485797687625094,-64.89845205474771,0.42014946581863644,curve
t2_20261002_082349,1,10.155,0.14700000000000024,489,14.5,30.1,-7.916538933649974,-7.916538933649974,489,12.944444444444445,True,0.06485797687625094,-64.89845205474771,0.42014946581863644,curve
t2_20261002_082349,1,10.192,0.10999999999999943,489,14.5,30.1,-8.919424134659813,-8.919424134659813,489,12.944444444444445,True,0.06485797687625094,-64.89845205474771,0.42014946581863644,curve
t2_20261002_082349,1,10.221,0.08099999999999952,489,14.5,30.1,-10.344576826309144,-10.344576826309144,489,12.055555555555555,True,0.06485797687625094,-64.89845205474771,0.42014946581863644,curve
t2_20261002_082349,1,10.269,0.032999999999999474,489,14.5,30.1,-10.97314503060187,-10.97314503060187,489,11.222222222222221,True,0.06485797687625094,-64.89845205474771,0.42014946581863644,curve
t2_20261002_082349,1,10.302,0.0,489,14.5,30.1,-11.927763282133938,-11.927763282133938,489,10.333333333333334,True,0.06485797687625094,-64.89845205474771,0.42014946581863644,curve
t2_20261002_082349,2,14.976,1.9819999999999975,184,14.5,33.5,16.668882336485524,16.668882336485524,184,5.777777777777778,False,0.3685159902870687,-55.34424372105598,1.8882555514994475,curve
t2_20261002_082349,2,15.019,1.9389999999999983,184,14.5,33.5,14.385668578040352,14.385668578040352,184,5.777777777777778,False,0.30017390725240745,-52.018280514186294,1.911073659968368,curve
t2_20261002_082349,2,15.054,1.9039999999999981,184,14.5,33.5,11.298087681186104,11.298087681186104,184,5.777777777777778,False,0.3866357227707855,-89.3167633040988,1.8635800420643944,curve
t2_20261002_082349,2,15.105,1.852999999999998,184,14.5,33.5,7.753791510370618,7.753791510370618,184,5.777777777777778,False,0.483052991690311,-69.10588161146592,1.8502841823435903,curve
t2_20261002_082349,2,15.142,1.815999999999999,184,14.5,33.5,3.1371303591694684,3.1371303591694684,184,5.777777777777778,False,0.562208884386795,-125.81811686291287,1.825048482192495,curve
t2_20261002_082349,2,15.183,1.7749999999999986,184,14.5,33.5,-1.3690938507522077,-1.3690938507522077,184,5.777777777777778,False,0.43767664757070435,-109.56258427775246,1.7867252822707669,curve
t2_20261002_082349,2,15.215,1.7429999999999986,184,14.5,33.5,-3.0868467370765913,-3.0868467370765913,184,5.777777777777778,False,0.32602111239570597,-53.98418659610073,1.5621228550111694,curve
t2_20261002_082349,2,15.264,1.693999999999999,184,14.5,33.5,-3.6237713790627737,-3.6237713790627737,184,5.777777777777778,False,0.3261229902501519,-11.238912538532256,1.4941343342911795,curve
t2_20261002_082349,2,15.278,1.679999999999998,184,14.5,33.5,-5.890921337315021,-5.890921337315021,184,5.777777777777778,False,0.13553638765468,-165.9046275077027,1.5044074218827004,curve
t2_20261002_082349,2,15.309,1.6489999999999991,184,14.5,33.5,-6.401820627359726,-6.401820627359726,184,5.777777777777778,False,0.10807639058897323,-16.342006459197272,1.4258121043357384,curve
t2_20261002_082349,2,15.357,1.600999999999999,184,14.5,33.5,-5.889546606047453,-5.889546606047453,184,5.777777777777778,False,0.10394815030956117,10.531856244635016,1.4258121043357384,curve
t2_20261002_082349,2,15.375,1.5829999999999984,184,14.5,33.5,-6.595270534752956,-6.595270534752956,184,5.777777777777778,False,0.11395520441763907,-38.32553834988864,1.3506454464762694,curve
t2_20261002_082349,2,15.416,1.541999999999998,184,14.5,33.5,-5.787600326919559,-5.787600326919559,184,5.777777777777778,False,0.17211724526699967,18.744316600082833,1.3506454464762694,curve
t2_20261002_082349,2,15.436,1.5219999999999985,184,14.5,33.5,-4.9373801050107815,-4.9373801050107815,184,5.777777777777778,False,0.13084940353497743,42.6941326847511,1.1162904699946834,curve
t2_20261002_082349,2,15.47,1.4879999999999978,184,14.5,33.5,-4.972683769871587,-4.972683769871587,184,5.777777777777778,False,0.15273723182511567,-0.10549012901625113,1.2698674177825797,curve
t2_20261002_082349,2,15.501,1.456999999999999,184,14.5,33.5,-5.654803216996953,-5.654803216996953,184,5.777777777777778,False,0.07508703318226218,-21.508694761134088,1.0316160480574235,curve
t2_20261002_082349,2,15.537,1.4209999999999976,184,14.5,33.5,-5.067132934603983,-5.067132934603983,184,5.777777777777778,False,0.09963072578843146,16.421198346561503,1.0316160480574235,curve
t2_20261002_082349,2,15.565,1.392999999999999,184,14.5,33.5,-5.279531484930253,-5.279531484930253,184,5.777777777777778,False,0.09864862362989513,-7.754319321449877,0.9206165547695169,curve
t2_20261002_082349,2,15.614,1.3439999999999976,184,14.5,33.5,-3.9303916955920357,-3.9303916955920357,184,5.777777777777778,False,0.19682339405457583,27.373156316442444,0.9206165547695169,curve
t2_20261002_082349,2,15.65,1.307999999999998,184,14.5,33.5,-2.8858960488816763,-2.8858960488816763,184,5.777777777777778,False,0.13486313097394387,29.177066922105524,0.8216222268387692,curve
t2_20261002_082349,2,15.678,1.2799999999999976,184,14.5,33.7,-3.0637946182713094,-3.0637946182713094,184,5.777777777777778,False,0.1030476382987473,-5.0294343411574,0.8408454383565758,curve
t2_20261002_082349,2,15.709,1.2489999999999988,184,14.5,33.7,-2.5613357437578728,-2.5613357437578728,184,5.777777777777778,False,0.04749014201373569,15.944861618281562,0.6336643034995473,curve
t2_20261002_082349,2,15.743,1.214999999999998,184,14.5,33.5,-1.3719371798329192,-1.3719371798329192,184,5.777777777777778,False,0.11252539787134097,33.74646843711512,0.7624803155140811,curve
t2_20261002_082349,2,15.775,1.182999999999998,184,14.5,33.5,-0.7198455780873232,-0.7198455780873232,184,5.777777777777778,False,0.11252539787134097,20.402150356516355,0.7624803155140811,curve
t2_20261002_082349,2,15.816,1.1419999999999977,184,14.5,33.5,-0.16172644604027653,-0.16172644604027653,184,5.777777777777778,False,0.0875801810492014,13.235790273794603,0.5652622896778925,curve
t2_20261002_082349,2,15.837,1.1209999999999987,184,14.5,33.7,-0.42096352671511283,-0.42096352671511283,184,5.777777777777778,True,0.07771169784562382,-9.230669360146395,0.582684121590769,curve
t2_20261002_082349,2,15.869,1.0889999999999986,184,14.5,33.5,0.24875862633830792,0.24875862633830792,184,5.888888888888889,True,0.08307658180579836,19.379600648037382,0.4995974799220493,curve
t2_20261002_082349,2,15.902,1.0559999999999992,184,14.5,33.5,0.7333546230493511,0.7333546230493511,184,5.888888888888889,True,0.08307658180579836,14.457579891440231,0.4995974799220493,curve
t2_20261002_082349,2,15.935,1.022999999999998,184,14.5,33.5,0.9150625287336709,0.9150625287336709,184,6.555555555555555,True,0.05829873786172968,4.267037000987531,0.4366462739658017,curve
t2_20261002_082349,2,15.978,0.9799999999999986,184,14.5,33.5,1.7520624189819074,1.7520624189819074,184,7.166666666666667,True,0.05829873786172968,19.851723094302088,0.4366462739658017,curve
t2_20261002_082349,2,16.031,0.9269999999999996,184,14.5,33.5,2.357735568393373,2.357735568393373,184,7.833333333333333,True,0.10738612307407003,11.521733613774694,0.4366462739658017,curve
t2_20261002_082349,2,16.061,0.8969999999999985,184,14.5,33.7,3.131056493317203,3.131056493317203,184,8.5,True,0.08667862915819313,29.95673082770786,0.37629357867829505,curve
t2_20261002_082349,2,16.108,0.8499999999999979,184,14.5,33.7,3.5914972964084058,3.5914972964084058,184,9.166666666666666,True,0.011114592035177395,8.976258481664011,0.310006575349302,curve
t2_20261002_082349,2,16.142,0.815999999999999,184,14.5,33.7,2.535287591802252,2.535287591802252,184,9.833333333333334,True,0.0008280050322042598,-31.05766176758428,0.21232209064319596,curve
t2_20261002_082349,2,16.175,0.7829999999999977,184,14.5,33.7,2.5317703554141886,2.5317703554141886,184,10.5,True,0.0008280050322042598,-0.2631984147550926,0.21232209064319596,curve
t2_20261002_082349,2,16.216,0.7419999999999973,184,14.5,33.7,2.4890547078635734,2.4890547078635734,184,10.5,True,0.016280008479593988,-1.1729723141484385,0.1781024680322476,curve
t2_20261002_082349,2,16.236,0.7219999999999978,184,14.5,33.7,2.4637365445340222,2.4637365445340222,184,11.11111111111111,True,0.004500851974725606,0.4144053334768686,0.15892421019898562,curve
t2_20261002_082349,2,16.268,0.6899999999999977,184,14.5,33.7,3.1135954309905003,3.1135954309905003,184,11.777777777777779,True,0.05358823718706773,19.469873430304535,0.15892421019898562,curve
t2_20261002_082349,2,16.302,0.6559999999999988,184,14.5,33.7,3.434739256514881,3.434739256514881,184,12.444444444444445,True,0.0004192155312452428,9.207839069304425,0.14641756773883374,curve
t2_20261002_082349,2,16.334,0.6239999999999988,184,14.5,33.7,3.4589139014992014,3.4589139014992014,184,12.444444444444445,True,0.0035278916881331668,2.186466618418002,0.14304392647371422,curve
t2_20261002_082349,2,16.375,0.5829999999999984,184,14.5,33.7,3.5937344073679327,3.5937344073679327,184,13.11111111111111,True,0.021015800918039673,3.946344157904302,0.14304392647371422,curve
t2_20261002_082349,2,16.398,0.5599999999999987,184,14.5,33.7,2.992101088264917,2.992101088264917,184,13.777777777777779,True,0.04035304187365085,-27.033420739293526,0.1501715724927033,curve
t2_20261002_082349,2,16.429,0.5289999999999999,184,14.5,33.8,2.596647713428432,2.596647713428432,184,14,True,0.02916623314178146,-14.379960669226575,0.16146147226056407,curve
t2_20261002_082349,2,16.464,0.4939999999999998,184,14.5,33.8,2.223798030784394,2.223798030784394,184,14,True,0.02916623314178146,-10.68949795921203,0.16146147226056407,curve
t2_20261002_082349,2,16.493,0.46499999999999986,184,14.5,33.8,0.9426647052728612,0.9426647052728612,184,14,True,0.08794304762653837,-43.26968994503459,0.18594333875759128,curve
t2_20261002_082349,2,16.536,0.42199999999999704,184,14.5,33.9,-0.2723934580937595,-0.2723934580937595,184,14,True,0.11331395299810865,-29.28812063559247,0.1770378136365922,curve
t2_20261002_082349,2,16.557,0.4009999999999998,184,14.5,33.9,-2.366521368925966,-2.366521368925966,184,14,True,0.09465236933493415,-99.51945240812209,0.2079529448279116,curve
t2_20261002_082349,2,16.619,0.33899999999999864,184,14.5,33.9,-4.1990935887323815,-4.1990935887323815,184,14,True,0.09465236933493415,-99.51945240812209,0.2079529448279116,curve
t2_20261002_082349,2,16.669,0.2889999999999979,184,14.5,33.9,-4.219065884459553,-4.219065884459553,184,14,True,0.09465236933493415,-99.51945240812209,0.2079529448279116,curve
t2_20261002_082349,2,16.706,0.2519999999999989,184,14.5,33.9,-5.241763597634659,-5.241763597634659,184,14,True,0.09465236933493415,-99.51945240812209,0.2079529448279116,curve
t2_20261002_082349,2,16.72,0.23799999999999955,184,14.5,33.9,-5.870439552860141,-5.870439552860141,184,14,True,0.09465236933493415,-99.51945240812209,0.2079529448279116,curve
t2_20261002_082349,2,16.78,0.17799999999999727,184,14.5,33.9,-6.460733661857702,-6.460733661857702,184,14,True,0.09465236933493415,-99.51945240812209,0.2079529448279116,curve
t2_20261002_082349,2,16.797,0.1609999999999978,184,14.5,33.9,-7.489228634784318,-7.489228634784318,184,14,True,0.09465236933493415,-99.51945240812209,0.2079529448279116,curve
t2_20261002_082349,2,16.83,0.1280000000000001,184,14.5,33.9,-9.505721699856622,-9.505721699856622,184,14,True,0.09465236933493415,-99.51945240812209,0.2079529448279116,curve
t2_20261002_082349,2,16.877,0.08099999999999952,184,14.5,33.9,-11.321174679175066,-11.321174679175066,184,14,True,0.09465236933493415,-99.51945240812209,0.2079529448279116,curve
t2_20261002_082349,2,16.895,0.06299999999999883,184,14.5,33.9,-11.266368304280071,-11.266368304280071,184,14,True,0.09465236933493415,-99.51945240812209,0.2079529448279116,curve
t2_20261002_082349,2,16.938,0.019999999999999574,184,14.5,33.9,-11.44701222780477,-11.44701222780477,184,14,True,0.09465236933493415,-99.51945240812209,0.2079529448279116,curve
t2_20261002_082349,2,16.958,0.0,184,14.5,33.9,-12.743014856681235,-12.743014856681235,184,14,True,0.09465236933493415,-99.51945240812209,0.2079529448279116,curve
t2_20261002_082349,3,10.821,1.9730000000000008,193,14.5,34.2,76.52628819408366,76.52628819408366,193,5.777777777777778,False,0.6634406248807867,-120.03667505250806,0.46761144437081237,curve
t2_20261002_082349,3,10.84,1.9540000000000006,193,14.5,34.2,74.63522190870476,74.63522190870476,193,5.777777777777778,True,0.6170173275907311,-96.0179572713118,0.45607941837296506,curve
t2_20261002_082349,3,10.873,1.9210000000000012,193,14.5,34.2,72.59320051408638,72.59320051408638,193,5.777777777777778,True,0.47596790349246554,-60.23471073582617,0.45859862240367644,curve
t2_20261002_082349,3,10.913,1.8810000000000002,193,14.5,34.2,70.4580379301494,70.4580379301494,193,5.777777777777778,True,0.34314290354164,-53.9264776553356,0.45859862240367644,curve
t2_20261002_082349,3,10.934,1.8600000000000012,193,14.5,34.2,68.37786143013933,68.37786143013933,193,5.888888888888889,True,0.2606437071044301,-99.07147736512671,0.45859862240367644,curve
t2_20261002_082349,3,10.967,1.827,193,14.5,34.2,67.61966985068621,67.61966985068621,193,6.5,True,0.22674305651464,-23.806680364555792,0.44934557797644725,curve
t2_20261002_082349,3,11.015,1.779,193,14.5,34.2,65.1209218389651,65.1209218389651,193,7.166666666666667,True,0.25128674912081017,-51.46620177397169,0.44934557797644725,curve
t2_20261002_082349,3,11.047,1.7469999999999999,193,14.5,34.2,63.306081096480426,63.306081096480426,193,7.833333333333333,True,0.25128674912081017,-57.84138898622327,0.44934557797644725,curve
t2_20261002_082349,3,11.08,1.7140000000000004,193,14.5,34.2,62.33299628916389,62.33299628916389,193,8.5,True,0.2181424692335181,-30.16443350247858,0.4399262236830572,curve
t2_20261002_082349,3,11.112,1.6820000000000004,193,14.5,34.2,59.24337194647278,59.24337194647278,193,8.5,True,0.2181424692335181,-95.04979848603257,0.4399262236830572,curve
t2_20261002_082349,3,11.151,1.6430000000000007,193,14.5,34.2,57.609533425981496,57.609533425981496,193,9.166666666666666,True,0.17464128821958091,-41.752560176425725,0.4275834133948231,curve
t2_20261002_082349,3,11.176,1.6180000000000003,193,14.5,34.2,56.424011075596,56.424011075596,193,9.833333333333334,True,0.18576407868700695,-49.82601608997811,0.4304200162769587,curve
t2_20261002_082349,3,11.208,1.5860000000000003,193,14.5,34.2,54.96927687628728,54.96927687628728,193,9.833333333333334,True,0.14326554795499913,-44.807830793368886,0.4180022787239044,curve
t2_20261002_082349,3,11.242,1.5519999999999996,193,14.5,34.2,51.505479615854554,51.505479615854554,193,10.5,True,0.1678092405611693,-102.20387436244629,0.4180022787239044,curve
t2_20261002_082349,3,11.271,1.5229999999999997,193,14.5,34.2,50.2302975286274,50.2302975286274,193,11.11111111111111,True,0.16174640981925137,-42.71947909125445,0.40852796672294645,curve
t2_20261002_082349,3,11.313,1.4809999999999999,193,14.5,34.2,47.89517858634471,47.89517858634471,193,11.11111111111111,True,0.16174640981925137,-56.186271594342536,0.40852796672294645,curve
t2_20261002_082349,3,11.342,1.452,193,14.5,34.2,46.74809259392919,46.74809259392919,193,11.777777777777779,True,0.1460976454663485,-39.07856088056426,0.3962316314720731,curve
t2_20261002_082349,3,11.366,1.4280000000000008,193,14.5,34.2,44.86718156983454,44.86718156983454,193,12.38888888888889,True,0.11722519708558998,-78.09042105201127,0.3872553494829041,curve
t2_20261002_082349,3,11.399,1.3950000000000014,193,14.5,34.2,43.047384934733216,43.047384934733216,193,13.055555555555555,True,0.1417688896917606,-55.73045054220717,0.3872553494829041,curve
t2_20261002_082349,3,11.431,1.3630000000000013,193,14.5,34.2,41.0662009852354,41.0662009852354,193,13.722222222222221,True,0.15290726031086832,-62.67137028234527,0.37567912065732534,curve
t2_20261002_082349,3,11.468,1.3260000000000005,193,14.5,34.2,37.72310844200085,37.72310844200085,193,14,True,0.162683710968901,-88.77965394942548,0.3787030004885703,curve
t2_20261002_082349,3,11.494,1.3000000000000007,193,14.5,34.2,35.755161323190165,35.755161323190165,193,14,True,0.12563616961123758,-76.55548107715555,0.36770978550747513,curve
t2_20261002_082349,3,11.552,1.2420000000000009,193,14.5,34.2,32.818616442171916,32.818616442171916,193,14,True,0.1142894297234478,-50.44052377087514,0.3575105402708485,curve
t2_20261002_082349,3,11.574,1.2200000000000006,193,14.5,34.2,31.320700650201147,31.320700650201147,193,14,True,0.14805190443432936,-69.91204896981738,0.36038952125954893,curve
t2_20261002_082349,3,11.609,1.1850000000000005,193,14.5,34.2,29.294995395271968,29.294995395271968,193,14,True,0.13747060757102902,-58.24139240012939,0.35106486698690986,curve
t2_20261002_082349,3,11.641,1.1530000000000005,193,14.5,34.2,27.860054370000356,27.860054370000356,193,14,True,0.11201925045795091,-43.757469122251024,0.3454749568036304,curve
t2_20261002_082349,3,11.673,1.1210000000000004,193,14.5,34.2,24.407314020618742,24.407314020618742,193,14,True,0.1365629430641211,-104.04923534890527,0.3454749568036304,curve
t2_20261002_082349,3,11.716,1.0780000000000012,193,14.5,34.2,23.199123983723993,23.199123983723993,193,14,True,0.07844079661426662,-28.45284325526832,0.3384660484166404,curve
t2_20261002_082349,3,11.735,1.059000000000001,193,14.5,34.2,22.2017229961605,22.2017229961605,193,14,True,0.12746525664960728,-54.67499231661427,0.33503953536838527,curve
t2_20261002_082349,3,11.768,1.0259999999999998,193,14.5,34.2,19.68616927350226,19.68616927350226,193,14,True,0.12746525664960728,-75.41761924696401,0.33503953536838527,curve
t2_20261002_082349,3,11.801,0.9930000000000003,193,14.5,34.2,18.88824099633611,18.88824099633611,193,14,True,0.04584637584491125,-24.291946076497098,0.3309106212653141,curve
t2_20261002_082349,3,11.832,0.9619999999999997,193,14.5,34.2,17.758744244296366,17.758744244296366,193,14,True,0.11947745366342177,-36.737738805517566,0.3309106212653141,curve
t2_20261002_082349,3,11.869,0.9250000000000007,193,14.5,34.2,15.513516570880824,15.513516570880824,193,14,True,0.09526402231908726,-61.18546569963933,0.32996016714419873,curve
t2_20261002_082349,3,11.896,0.8979999999999997,193,14.5,34.2,15.124316588642934,15.124316588642934,193,14,True,0.014092841733076789,-14.166473675582385,0.3291174382870059,curve
t2_20261002_082349,3,11.926,0.8680000000000003,193,14.5,34.2,14.909681409703182,14.909681409703182,193,14,True,0.014092841733076789,-6.409588998527562,0.3291174382870059,curve
t2_20261002_082349,3,11.958,0.8360000000000003,193,14.5,34.2,14.728982760915002,14.728982760915002,193,14,True,0.06340501179227775,-6.673228480330261,0.33078172299024944,curve
t2_20261002_082349,3,11.992,0.8019999999999996,193,14.5,34.2,13.668267332085449,13.668267332085449,193,14,True,0.08019491663578338,-31.073869830707135,0.33339775279644224,curve
t2_20261002_082349,3,12.039,0.7550000000000008,193,14.5,34.2,10.093745240604633,10.093745240604633,193,14,True,0.09662334162080333,-76.40948751486636,0.33798226064362824,curve
t2_20261002_082349,3,12.071,0.7230000000000008,193,14.5,34.2,8.703018947478895,8.703018947478895,193,14,True,0.09662334162080333,-43.39033874501705,0.33798226064362824,curve
t2_20261002_082349,3,12.113,0.6810000000000009,193,14.5,34.2,7.7425025588461835,7.7425025588461835,193,14,True,0.09570865135244544,-22.632527561172573,0.34353594510805374,curve
t2_20261002_082349,3,12.134,0.6600000000000001,193,14.5,34.2,6.3149267381915095,6.3149267381915095,193,14,True,0.06178630364432758,-67.45812946594745,0.35125191897121777,curve
t2_20261002_082349,3,12.166,0.6280000000000001,193,14.5,34.2,5.291879719198533,5.291879719198533,193,14,True,0.08632999625049775,-32.96638915774003,0.35125191897121777,curve
t2_20261002_082349,3,12.199,0.5950000000000006,193,14.5,34.2,4.26434036939532,4.26434036939532,193,14,True,0.05146759594656958,-31.454282628638264,0.36055133408058593,head_interference
t2_20261002_082349,3,12.231,0.5630000000000006,193,14.5,34.2,3.4866128769792013,3.4866128769792013,193,14,True,0.07601128855273975,-24.63917738576024,0.36055133408058593,head_interference
t2_20261002_082349,3,12.271,0.5229999999999997,193,14.5,34.2,2.5440144321705134,2.5440144321705134,193,14,True,0.06457034561569186,-23.6160091448244,0.3711668524868137,head_interference
t2_20261002_082349,3,12.295,0.49900000000000055,193,14.5,34.2,2.2137278240194576,2.2137278240194576,193,14,True,0.035891642565085924,-13.924735457383798,0.37998027019698455,head_interference
t2_20261002_082349,3,12.327,0.4670000000000005,193,14.5,34.2,0.4443714385060886,0.4443714385060886,193,14,True,0.0604353351712561,-53.77304174882429,0.37998027019698455,head_interference
t2_20261002_082349,3,12.359,0.4350000000000005,193,14.5,34.2,-0.7719511358912428,-0.7719511358912428,193,14,True,0.07120816772731997,-38.32187712217027,0.3917686914005212,head_interference
t2_20261002_082349,3,12.396,0.3979999999999997,193,14.5,34.2,-1.913278154975309,-1.913278154975309,193,14,True,0.07120816772731997,-38.32187712217027,0.3917686914005212,head_interference
t2_20261002_082349,3,12.426,0.3680000000000003,193,14.5,34.2,-2.6224289478470197,-2.6224289478470197,193,14,True,0.07120816772731997,-38.32187712217027,0.3917686914005212,head_interference
t2_20261002_082349,3,12.453,0.3410000000000011,193,14.5,34.2,-3.6833350397930644,-3.6833350397930644,193,14,True,0.07120816772731997,-38.32187712217027,0.3917686914005212,head_interference
t2_20261002_082349,3,12.486,0.30799999999999983,193,14.5,34.2,-4.091009454987514,-4.091009454987514,193,14,True,0.07120816772731997,-38.32187712217027,0.3917686914005212,head_interference
t2_20261002_082349,3,12.519,0.27500000000000036,193,14.5,34.2,-5.01068230608395,-5.01068230608395,193,14,True,0.07120816772731997,-38.32187712217027,0.3917686914005212,head_interference
t2_20261002_082349,3,12.566,0.22799999999999976,193,14.5,34.2,-6.51054262564756,-6.51054262564756,193,14,True,0.07120816772731997,-38.32187712217027,0.3917686914005212,head_interference
t2_20261002_082349,3,12.599,0.19500000000000028,193,14.5,34.2,-7.5281855315129675,-7.5281855315129675,193,14,True,0.07120816772731997,-38.32187712217027,0.3917686914005212,head_interference
t2_20261002_082349,3,12.632,0.1620000000000008,193,14.5,34.2,-9.505233143798783,-9.505233143798783,193,13.833333333333334,True,0.07120816772731997,-38.32187712217027,0.3917686914005212,head_interference
t2_20261002_082349,3,12.67,0.12400000000000055,193,14.5,34.2,-9.921837933656917,-9.921837933656917,193,13.833333333333334,True,0.07120816772731997,-38.32187712217027,0.3917686914005212,head_interference
t2_20261002_082349,3,12.694,0.09999999999999964,193,14.5,34.2,-9.972963516414751,-9.972963516414751,193,12.944444444444445,True,0.07120816772731997,-38.32187712217027,0.3917686914005212,head_interference
t2_20261002_082349,3,12.726,0.06799999999999962,193,14.5,34.2,-10.625683104167386,-10.625683104167386,193,12.11111111111111,True,0.07120816772731997,-38.32187712217027,0.3917686914005212,head_interference
t2_20261002_082349,3,12.76,0.034000000000000696,193,14.5,34.2,-11.487582219078632,-11.487582219078632,193,11.222222222222221,True,0.07120816772731997,-38.32187712217027,0.3917686914005212,head_interference
t2_20261002_082349,3,12.794,0.0,193,14.5,34.2,-11.883728546972002,-11.883728546972002,193,11.222222222222221,True,0.07120816772731997,-38.32187712217027,0.3917686914005212,head_interference
t2_20261002_082349,4,33.425,1.9849999999999994,323,14.773584905660377,31.9,-2.309336377092974,-2.309336377092974,323,5.777777777777778,False,0.02743327190638567,35.16991103079584,0.7461116558505831,curve
t2_20261002_082349,4,33.457,1.9529999999999959,323,14.773584905660377,31.9,-2.315868333868215,-2.315868333868215,323,5.777777777777778,False,0.010749588905634155,-0.20472079027441006,0.7125045996759316,curve
t2_20261002_082349,4,33.488,1.921999999999997,323,14.773584905660377,31.9,-2.375256699729219,-2.375256699729219,323,5.777777777777778,False,0.010749588905634155,-1.9221384883564976,0.7125045996759316,curve
t2_20261002_082349,4,33.529,1.8809999999999931,323,14.773584905660377,31.9,-2.293903040630374,-2.293903040630374,323,5.777777777777778,False,0.013794103700536908,2.0084863520104124,0.7125045996759316,curve
t2_20261002_082349,4,33.556,1.8539999999999992,323,14.773584905660377,31.9,-1.600320338565842,-1.600320338565842,323,5.777777777777778,False,0.011121776103077963,25.543418321952178,0.6837369235142301,curve
t2_20261002_082349,4,33.584,1.8259999999999934,323,14.773584905660377,31.9,-1.6243749415024364,-1.6243749415024364,323,5.777777777777778,False,0.013421916503093101,-0.535732940848544,0.6837369235142301,curve
t2_20261002_082349,4,33.617,1.7929999999999993,323,14.773584905660377,31.9,-1.7131084833577912,-1.7131084833577912,323,5.777777777777778,False,0.013421916503093101,-2.372080180223007,0.6837369235142301,curve
t2_20261002_082349,4,33.651,1.7589999999999932,323,14.773584905660377,31.9,-2.3574759575341826,-2.3574759575341826,323,5.777777777777778,False,0.06250930171543345,-18.553637609393544,0.6837369235142301,curve
t2_20261002_082349,4,33.697,1.7129999999999939,323,14.773584905660377,31.9,-2.40415155102505,-2.40415155102505,323,5.777777777777778,False,0.02218736009703548,-0.8808845833205285,0.6468013388393739,curve
t2_20261002_082349,4,33.731,1.678999999999995,323,14.773584905660377,31.9,-2.2753580989231335,-2.2753580989231335,323,5.777777777777778,False,0.02218736009703548,3.922763713419042,0.6468013388393739,curve
t2_20261002_082349,4,33.76,1.6499999999999986,323,14.773584905660377,31.9,-2.226964360247406,-2.226964360247406,323,5.777777777777778,False,0.002356332509133807,1.785199619047943,0.6468013388393739,curve
t2_20261002_082349,4,33.793,1.6169999999999973,323,14.773584905660377,31.9,-1.3486507773478973,-1.3486507773478973,323,5.777777777777778,False,0.03897019983392269,26.3149375227791,0.6153012332334376,curve
t2_20261002_082349,4,33.85,1.5599999999999952,323,14.773584905660377,31.9,-1.3221610194991964,-1.3221610194991964,323,5.777777777777778,False,0.010117185378417659,0.7756595251649022,0.6153012332334376,curve
t2_20261002_082349,4,33.893,1.516999999999996,323,14.773584905660377,31.9,-2.1535168309831345,-2.1535168309831345,323,5.777777777777778,False,0.0056368013348642165,-18.962656408972364,0.5054366920190199,curve
t2_20261002_082349,4,33.932,1.4779999999999944,323,14.773584905660377,31.9,-2.0245501496640923,-2.0245501496640923,323,5.777777777777778,True,0.01890689127130507,2.856408550205325,0.5054366920190199,curve
t2_20261002_082349,4,33.953,1.4569999999999936,323,14.773584905660377,31.9,-1.8979371412611936,-1.8979371412611936,323,5.888888888888889,True,0.01890689127130507,5.411775194196277,0.5054366920190199,curve
t2_20261002_082349,4,33.985,1.4249999999999972,323,14.773584905660377,31.9,-1.1769517535578853,-1.1769517535578853,323,5.888888888888889,True,0.004157963948529186,22.01780947832554,0.512959366636927,curve
t2_20261002_082349,4,34.019,1.3909999999999982,323,14.773584905660377,31.9,-0.9893593284340465,-0.9893593284340465,323,6.5,True,0.02993684916539685,5.565984126754637,0.4740243822925594,curve
t2_20261002_082349,4,34.053,1.3569999999999993,323,14.773584905660377,31.9,-0.9536116723040333,-0.9536116723040333,323,7.166666666666667,True,0.005393156559225787,1.200646994594414,0.4740243822925594,curve
t2_20261002_082349,4,34.09,1.3199999999999932,323,14.773584905660377,31.9,-0.7909337280185351,-0.7909337280185351,323,7.833333333333333,True,0.0191505360469435,4.440576127928382,0.4740243822925594,curve
t2_20261002_082349,4,34.115,1.2949999999999946,323,14.636792452830191,31.9,-0.4417462199613791,-0.4417462199613791,323,7.833333333333333,True,0.027001892759322743,14.119696863696586,0.43363435520265403,curve
t2_20261002_082349,4,34.146,1.2639999999999958,323,14.636792452830191,31.9,0.03412102330813305,0.03412102330813305,323,8.5,True,0.01079376181371039,16.011640755036854,0.4423868639773074,curve
t2_20261002_082349,4,34.177,1.232999999999997,323,14.636792452830191,31.9,0.03992266765846075,0.03992266765846075,323,9.166666666666666,True,0.007371959855447585,0.22597596878480755,0.40171913517454483,curve
t2_20261002_082349,4,34.225,1.1849999999999952,323,14.636792452830191,31.9,-0.40215557549703895,-0.40215557549703895,323,9.833333333333334,True,0.021120102243163075,-9.097288153200479,0.360662036067362,curve
t2_20261002_082349,4,34.259,1.1509999999999962,323,14.636792452830191,31.9,-0.2810093668109044,-0.2810093668109044,323,10.444444444444445,True,0.0034235903630062126,2.4930463725102987,0.360662036067362,curve
t2_20261002_082349,4,34.289,1.1209999999999951,323,14.636792452830191,31.9,0.1686974783225086,0.1686974783225086,323,10.444444444444445,True,0.019982258944503783,15.066294199743814,0.33024305125795284,curve
t2_20261002_082349,4,34.33,1.0799999999999983,323,14.636792452830191,31.9,-0.4026735902291687,-0.4026735902291687,323,11.11111111111111,True,0.053648818874005855,-14.511967016616506,0.33024305125795284,curve
t2_20261002_082349,4,34.352,1.0579999999999998,323,14.636792452830191,31.9,-0.7626406562632067,-0.7626406562632067,323,11.777777777777779,True,0.023132982380966283,-16.77754858988121,0.291073561568568,curve
t2_20261002_082349,4,34.409,1.0009999999999977,323,14.636792452830191,31.9,-1.179996225169651,-1.179996225169651,323,12.444444444444445,True,0.029791851907159383,-7.566180228911794,0.264344945576203,curve
t2_20261002_082349,4,34.453,0.9569999999999936,323,14.636792452830191,31.9,-1.3404441839432035,-1.3404441839432035,323,13.055555555555555,True,0.00524815930098832,-4.046052697589772,0.264344945576203,curve
t2_20261002_082349,4,34.493,0.9169999999999945,323,14.636792452830191,31.9,-0.8749154860263939,-0.8749154860263939,323,13.722222222222221,True,0.006387537518527608,12.777427216151873,0.22988669214073676,curve
t2_20261002_082349,4,34.518,0.8919999999999959,323,14.636792452830191,31.9,-0.8477041056454109,-0.8477041056454109,323,14,True,0.017597671906708356,1.7316757616537235,0.20890859329973388,curve
t2_20261002_082349,4,34.548,0.8619999999999948,323,14.636792452830191,31.9,-1.2873475831737817,-1.2873475831737817,323,14,True,0.04214136451287942,-13.821206908169994,0.20890859329973388,curve
t2_20261002_082349,4,34.585,0.8249999999999957,323,14.636792452830191,31.9,-0.8135768045331115,-0.8135768045331115,323,14,True,0.02462210821575539,12.982765213832806,0.18185329244139892,curve
t2_20261002_082349,4,34.61,0.7999999999999972,323,14.636792452830191,31.9,-1.143590720600704,-1.143590720600704,323,14,True,0.039045117251511385,-13.256030406312576,0.16826136106027878,curve
t2_20261002_082349,4,34.641,0.7689999999999984,323,14.636792452830191,31.9,0.09642132008061033,0.09642132008061033,323,14,True,0.0011498797170670372,39.30595772746417,0.15079731681991326,curve
t2_20261002_082349,4,34.674,0.7359999999999971,323,14.636792452830191,31.9,0.09359812255483213,0.09359812255483213,323,14,True,0.0011498797170670372,-0.5203653740695775,0.15079731681991326,curve
t2_20261002_082349,4,34.706,0.7039999999999935,323,14.636792452830191,31.9,-0.030155900991486462,-0.030155900991486462,323,14,True,0.017186487340879353,-2.4388268620001434,0.1455711208130821,curve
t2_20261002_082349,4,34.753,0.6569999999999965,323,14.636792452830191,31.9,-0.761086797653304,-0.761086797653304,323,14,True,0.0304647141771639,-16.367536150792155,0.13906262077333187,curve
t2_20261002_082349,4,34.786,0.6239999999999952,323,14.636792452830191,31.9,-1.2203392224692902,-1.2203392224692902,323,14,True,0.04639956491797648,-13.693171481627143,0.14236179864421672,head_interference
t2_20261002_082349,4,34.819,0.590999999999994,323,14.636792452830191,31.9,-1.6779640214217562,-1.6779640214217562,323,14,True,0.021855872311803637,-13.329854054080588,0.14236179864421672,head_interference
t2_20261002_082349,4,34.85,0.5599999999999952,323,14.636792452830191,31.9,-0.4765306811947436,-0.4765306811947436,323,14,True,0.010416415473528673,38.414961862836584,0.1470964342655101,head_interference
t2_20261002_082349,4,34.897,0.5129999999999981,323,14.636792452830191,31.9,-1.2721812002737334,-1.2721812002737334,323,14,True,0.04720845728274092,-17.000236028743586,0.15811117207722214,head_interference
t2_20261002_082349,4,34.903,0.5069999999999979,323,14.636792452830191,31.9,-1.4927779129513805,-1.4927779129513805,323,14,True,0.04913639040248263,-31.945846881053953,0.15817287914704714,head_interference
t2_20261002_082349,4,34.97,0.4399999999999977,323,14.636792452830191,31.9,-2.2958546263428357,-2.2958546263428357,323,14,True,0.04913639040248263,-31.945846881053953,0.15817287914704714,head_interference
t2_20261002_082349,4,35.017,0.3929999999999936,323,14.636792452830191,31.9,-3.4130244739324507,-3.4130244739324507,323,14,True,0.04913639040248263,-31.945846881053953,0.15817287914704714,head_interference
t2_20261002_082349,4,35.052,0.357999999999997,323,14.636792452830191,31.9,-3.692365477974013,-3.692365477974013,323,14,True,0.04913639040248263,-31.945846881053953,0.15817287914704714,head_interference
t2_20261002_082349,4,35.073,0.3369999999999962,323,14.636792452830191,31.9,-4.354569104484396,-4.354569104484396,323,14,True,0.04913639040248263,-31.945846881053953,0.15817287914704714,head_interference
t2_20261002_082349,4,35.105,0.3049999999999997,323,14.636792452830191,31.9,-5.535566216440655,-5.535566216440655,323,14,True,0.04913639040248263,-31.945846881053953,0.15817287914704714,head_interference
t2_20261002_082349,4,35.137,0.27299999999999613,323,14.636792452830191,31.9,-6.071871507271579,-6.071871507271579,323,14,True,0.04913639040248263,-31.945846881053953,0.15817287914704714,head_interference
t2_20261002_082349,4,35.171,0.23899999999999721,323,14.636792452830191,31.9,-7.22936830478052,-7.22936830478052,323,14,True,0.04913639040248263,-31.945846881053953,0.15817287914704714,head_interference
t2_20261002_082349,4,35.201,0.20899999999999608,323,14.636792452830191,31.9,-8.015918597357588,-8.015918597357588,323,14,True,0.04913639040248263,-31.945846881053953,0.15817287914704714,head_interference
t2_20261002_082349,4,35.232,0.17799999999999727,323,14.636792452830191,31.9,-7.7590426633886675,-7.7590426633886675,323,14,True,0.04913639040248263,-31.945846881053953,0.15817287914704714,head_interference
t2_20261002_082349,4,35.291,0.11899999999999977,323,14.636792452830191,31.9,-9.372196024214324,-9.372196024214324,323,14,True,0.04913639040248263,-31.945846881053953,0.15817287914704714,head_interference
t2_20261002_082349,4,35.313,0.0969999999999942,323,14.636792452830191,31.9,-10.729093788971658,-10.729093788971658,323,14,True,0.04913639040248263,-31.945846881053953,0.15817287914704714,head_interference
t2_20261002_082349,4,35.346,0.06400000000000006,323,14.636792452830191,31.9,-11.54445998267875,-11.54445998267875,323,14,True,0.04913639040248263,-31.945846881053953,0.15817287914704714,head_interference
t2_20261002_082349,4,35.381,0.028999999999996362,323,14.636792452830191,31.9,-12.265778282116896,-12.265778282116896,323,14,True,0.04913639040248263,-31.945846881053953,0.15817287914704714,head_interference
t2_20261002_082349,4,35.41,0.0,323,14.636792452830191,31.9,-13.620716304746898,-13.620716304746898,323,14,True,0.04913639040248263,-31.945846881053953,0.15817287914704714,head_interference
t2_20261002_082349,5,10.653,1.9829999999999988,80,14.5,41.9,8.757628481984803,8.757628481984803,80,5.79,True,0.06570172349196746,-9.560688946675247,0.23092675140741825,curve
t2_20261002_082349,5,10.7,1.936,80,14.5,41.9,7.676982532534176,7.676982532534176,80,5.79,True,0.06570172349196746,-22.713528082979174,0.23092675140741825,curve
t2_20261002_082349,5,10.733,1.9029999999999987,80,14.5,41.9,7.723639003694693,7.723639003694693,80,5.79,True,0.04883948346835432,2.3439892584044153,0.23355243131476522,curve
t2_20261002_082349,5,10.754,1.8819999999999997,80,14.5,41.9,7.439927186321718,7.439927186321718,80,5.79,True,0.07338317607452538,-13.646692540345166,0.23355243131476522,curve
t2_20261002_082349,5,10.797,1.8389999999999986,80,14.5,41.9,7.020943999389559,7.020943999389559,80,5.79,True,0.04883948346835432,-9.767585121231855,0.23355243131476522,curve
t2_20261002_082349,5,10.828,1.8079999999999998,80,14.5,41.9,7.243148275365385,7.243148275365385,80,5.79,True,0.0315629410634628,5.714325926127159,0.2374239548607826,curve
t2_20261002_082349,5,10.86,1.7759999999999998,80,14.5,41.9,6.997321784209966,6.997321784209966,80,5.79,True,0.05610663366963209,-7.952117910709032,0.2374239548607826,curve
t2_20261002_082349,5,10.894,1.741999999999999,80,14.5,41.9,6.744805312015771,6.744805312015771,80,5.79,True,0.0315629410634628,-7.710880213092358,0.2374239548607826,curve
t2_20261002_082349,5,10.931,1.705,80,14.5,41.9,9.19074474655239,9.19074474655239,80,5.79,True,0.013784747040473277,66.70408390955049,0.24239018477101837,curve
t2_20261002_082349,5,10.956,1.6799999999999997,80,14.5,41.9,8.976833114834385,8.976833114834385,80,5.79,True,0.06287213225281363,-9.131667848688341,0.24239018477101837,curve
t2_20261002_082349,5,10.988,1.6479999999999997,80,14.5,41.9,8.70832498643599,8.70832498643599,80,5.79,True,0.03832843964664434,-9.036109938660156,0.24239018477101837,curve
t2_20261002_082349,5,11.02,1.6159999999999997,80,14.5,41.9,8.924967480898694,8.924967480898694,80,5.79,True,0.019976045376889573,6.304945865505831,0.2482884377412673,curve
t2_20261002_082349,5,11.051,1.584999999999999,80,14.5,41.9,8.596929356900695,8.596929356900695,80,5.79,True,0.09360712319540099,-9.98805731449553,0.2482884377412673,curve
t2_20261002_082349,5,11.093,1.5429999999999993,80,14.5,41.9,8.100662985665657,8.100662985665657,80,5.79,True,0.06906343058922992,-11.550716537139422,0.2482884377412673,curve
t2_20261002_082349,5,11.116,1.5199999999999996,80,14.5,41.9,8.130131979824192,8.130131979824192,80,5.79,True,0.050079574641937796,0.8847825490105032,0.2549484349444979,curve
t2_20261002_082349,5,11.149,1.487,80,14.5,41.9,7.531567483431644,7.531567483431644,80,5.79,True,0.050079574641937796,-18.954680391313968,0.2549484349444979,curve
t2_20261002_082349,5,11.181,1.455,80,14.5,41.9,7.182093922357751,7.182093922357751,80,5.79,True,0.07462326724810886,-11.121130857280118,0.2549484349444979,curve
t2_20261002_082349,5,11.228,1.4079999999999995,80,14.5,41.9,6.600030066592524,6.600030066592524,80,5.79,True,0.07462326724810886,-12.996531779094513,0.2549484349444979,curve
t2_20261002_082349,5,11.262,1.3739999999999988,80,14.5,41.9,6.778560310701479,6.778560310701479,80,5.79,True,0.03042247447412727,6.688301192351599,0.2621963003261616,curve
t2_20261002_082349,5,11.294,1.3419999999999987,80,14.5,41.9,6.587746109883533,6.587746109883533,80,5.79,True,0.03042247447412727,-5.320260159335322,0.2621963003261616,curve
t2_20261002_082349,5,11.331,1.3049999999999997,80,14.5,41.9,6.765059065095002,6.765059065095002,80,5.79,True,0.034609410838875476,5.455897664023978,0.26985856377552686,curve
t2_20261002_082349,5,11.357,1.279,80,14.5,41.9,6.575028002789445,6.575028002789445,80,5.79,True,0.034609410838875476,-7.948395779083593,0.26985856377552686,curve
t2_20261002_082349,5,11.388,1.2479999999999993,80,14.5,41.9,6.80621216792558,6.80621216792558,80,5.79,True,0.010065718232706189,6.82700831158536,0.26985856377552686,curve
t2_20261002_082349,5,11.42,1.2159999999999993,80,14.5,41.9,7.119086979442834,7.119086979442834,80,5.79,True,0.013541544420682783,10.866669201133373,0.2777661095129762,curve
t2_20261002_082349,5,11.453,1.1829999999999998,80,14.5,41.9,7.0358583054582695,7.0358583054582695,80,5.79,True,0.013541544420682783,-2.4059523942195264,0.2777661095129762,head_interference
t2_20261002_082349,5,11.493,1.142999999999999,80,14.5,41.9,6.657874263562512,6.657874263562512,80,5.79,True,0.06262892963302491,-9.48965720326853,0.2777661095129762,head_interference
t2_20261002_082349,5,11.516,1.1199999999999992,80,14.5,41.9,6.176107398912315,6.176107398912315,80,5.79,True,0.0871726222391942,-21.0037699790451,0.2777661095129762,head_interference
t2_20261002_082349,5,11.547,1.0889999999999986,80,14.5,41.9,6.284149419655719,6.284149419655719,80,5.79,True,0.06539642900995268,2.708246680744994,0.28575799398138235,head_interference
t2_20261002_082349,5,11.581,1.0549999999999997,80,14.5,41.9,6.050066968321751,6.050066968321751,80,5.79,True,0.04085273640378162,-7.257776502937876,0.28575799398138235,head_interference
t2_20261002_082349,5,11.613,1.0229999999999997,80,14.5,41.9,7.717936897750867,7.717936897750867,80,5.79,True,0.06539642900995268,51.122556317507055,0.28575799398138235,head_interference
t2_20261002_082349,5,11.652,0.984,80,14.5,41.9,8.090672249329593,8.090672249329593,80,5.79,True,0.006159480830131514,9.698196547789374,0.29368504471620227,head_interference
t2_20261002_082349,5,11.677,0.9589999999999996,80,14.5,41.9,8.131793942096088,8.131793942096088,80,5.79,True,0.006159480830131514,1.4608045837067054,0.29368504471620227,head_interference
t2_20261002_082349,5,11.712,0.9239999999999995,80,14.5,41.9,7.872388338618158,7.872388338618158,80,5.79,True,0.04292790438221061,-7.272892546029033,0.29368504471620227,head_interference
t2_20261002_082349,5,11.756,0.879999999999999,80,14.5,41.9,7.787825264248106,7.787825264248106,80,5.79,True,0.06888232020249063,-1.5825174330903609,0.30141314417772636,head_interference
t2_20261002_082349,5,11.788,0.847999999999999,80,14.5,41.9,7.230358312315261,7.230358312315261,80,5.79,True,0.0934260128086617,-17.092011777740996,0.30141314417772636,head_interference
t2_20261002_082349,5,11.82,0.815999999999999,80,14.5,41.9,6.764300559513018,6.764300559513018,80,5.79,True,0.06888232020249063,-14.027174973151581,0.30141314417772636,head_interference
t2_20261002_082349,5,11.853,0.7829999999999995,80,14.5,41.9,6.468868688952966,6.468868688952966,80,5.79,True,0.045123087465150036,-10.087520968926691,0.3088261018250713,head_interference
t2_20261002_082349,5,11.889,0.7469999999999999,80,14.5,41.9,6.16314132794426,6.16314132794426,80,5.79,True,0.06966678007131932,-9.133352331200788,0.3088261018250713,head_interference
t2_20261002_082349,5,11.917,0.7189999999999994,80,14.5,41.9,5.84148353794199,5.84148353794199,80,5.79,True,0.045123087465150036,-12.3191484266671,0.3088261018250713,head_interference
t2_20261002_082349,5,11.948,0.6879999999999988,80,14.5,41.9,6.142178448306069,6.142178448306069,80,5.79,True,0.02078422727190521,12.545988363325046,0.3158280244375673,head_interference
t2_20261002_082349,5,11.98,0.6559999999999988,80,14.5,41.9,5.743525395151707,5.743525395151707,80,5.79,True,0.06987161248424556,-12.477589388828637,0.3158280244375673,head_interference
t2_20261002_082349,5,12.014,0.6219999999999999,80,14.5,41.9,5.34857500208296,5.34857500208296,80,5.79,True,0.06987161248424556,-11.854180036548273,0.3158280244375673,head_interference
t2_20261002_082349,5,12.051,0.5849999999999991,80,14.5,41.9,5.734226053726971,5.734226053726971,80,5.79,True,0.02046248288476349,10.1424701520339,0.32234510854449816,head_interference
t2_20261002_082349,5,12.076,0.5599999999999987,80,14.5,41.9,7.170473810686836,7.170473810686836,80,5.79,True,0.04500617549093455,56.279239330665256,0.32234510854449816,head_interference
t2_20261002_082349,5,12.107,0.5289999999999999,80,14.5,41.9,6.912436594759747,6.912436594759747,80,5.79,True,0.04500617549093455,-8.114380608886936,0.32234510854449816,head_interference
t2_20261002_082349,5,12.14,0.49599999999999866,80,14.5,41.9,6.667093633784027,6.667093633784027,80,5.79,True,0.04500617549093455,-7.44230703433227,0.32234510854449816,head_interference
t2_20261002_082349,5,12.173,0.4629999999999992,80,14.5,41.9,6.985282336518154,6.985282336518154,80,5.79,True,0.044215137343012856,9.12137295136068,0.3283267987803882,head_interference
t2_20261002_082349,5,12.213,0.42300000000000004,80,14.5,41.9,6.569724125953954,6.569724125953954,80,5.79,True,0.0933025225553532,-10.359691259495001,0.3283267987803882,head_interference
t2_20261002_082349,5,12.237,0.39899999999999913,80,14.5,41.9,6.0394163305643715,6.0394163305643715,80,5.79,True,0.0933025225553532,-22.371906230588635,0.3283267987803882,head_interference
t2_20261002_082349,5,12.268,0.36799999999999855,80,14.5,41.9,6.369706314759107,6.369706314759107,80,5.79,True,0.018470370081926646,9.762544684315424,0.3337462803236644,head_interference
t2_20261002_082349,5,12.302,0.33399999999999963,80,14.5,41.9,6.064316281880885,6.064316281880885,80,5.79,True,0.018470370081926646,-8.25685820637049,0.3337462803236644,head_interference
t2_20261002_082349,5,12.348,0.2879999999999985,80,14.5,41.9,5.97676389203626,5.97676389203626,80,5.79,True,0.06600561530716931,-2.392277777439923,0.3386003003032436,head_interference
t2_20261002_082349,5,12.382,0.25399999999999956,80,14.5,41.9,5.858381480121302,5.858381480121302,80,5.79,True,0.016918230094830733,-2.9883316351963196,0.3386003003032436,head_interference
t2_20261002_082349,5,12.413,0.22299999999999898,80,14.5,41.9,5.603802790651606,5.603802790651606,80,5.79,True,0.06600561530716931,-7.645684140000185,0.3386003003032436,head_interference
t2_20261002_082349,5,12.454,0.1819999999999986,80,14.5,41.9,4.9490807527359735,4.9490807527359735,80,5.79,True,0.4629842878921373,-15.44534343852432,0.24870634658435886,head_interference
t2_20261002_082349,5,12.477,0.15899999999999892,80,14.5,41.9,2.3140499477250316,2.3140499477250316,80,5.79,True,0.46393331453616327,-119.73972282685047,0.45396539049219875,head_interference
t2_20261002_082349,5,12.508,0.1280000000000001,80,14.5,41.9,-0.46065775428978384,-0.46065775428978384,80,5.79,True,0.5130206997485036,-88.24232341948328,0.49505159268839716,head_interference
t2_20261002_082349,5,12.542,0.09399999999999942,80,14.5,41.9,-1.6948841036445828,-1.6948841036445828,80,5.79,True,0.5130206997485036,-36.75286702097612,0.6790848429564602,head_interference
t2_20261002_082349,5,12.573,0.06299999999999883,80,14.5,41.9,-4.499575779495274,-4.499575779495274,80,5.79,False,0.6879903833667367,-88.78156140308924,0.5693792365393731,head_interference
t2_20261002_082349,5,12.636,0.0,80,14.5,41.9,-9.626365398977896,-9.626365398977896,80,5.79,True,0.6879903833667367,-88.78156140308924,0.5693792365393731,head_interference
t2_20261002_082349,6,10.466,1.9880000000000013,67,14.5,29.8,44.812064848650095,44.812064848650095,67,5.777777777777778,False,0.3410748496049063,-57.70762913532172,1.1451125473089108,curve
t2_20261002_082349,6,10.497,1.9570000000000007,67,14.5,29.8,42.6766044297559,42.6766044297559,67,5.777777777777778,False,0.4147059274234177,-68.34288691790532,1.1451125473089108,curve
t2_20261002_082349,6,10.528,1.9260000000000002,67,14.5,29.8,40.65889659469168,40.65889659469168,67,5.777777777777778,False,0.4147059274234177,-65.43790781946231,1.1451125473089108,curve
t2_20261002_082349,6,10.56,1.8940000000000001,67,14.5,29.8,40.13233134706164,40.13233134706164,67,5.777777777777778,False,0.3810203093072779,-18.6260180089868,1.1126403981018114,curve
t2_20261002_082349,6,10.592,1.862,67,14.5,29.8,37.96767165185307,37.96767165185307,67,5.777777777777778,False,0.3810203093072779,-67.98736103130689,1.1126403981018114,curve
t2_20261002_082349,6,10.625,1.8290000000000006,67,14.5,29.8,35.981925699357674,35.981925699357674,67,5.777777777777778,False,0.35647661670110864,-60.457186079757385,1.1126403981018114,curve
t2_20261002_082349,6,10.658,1.7960000000000012,67,14.5,29.8,34.29416416061174,34.29416416061174,67,5.777777777777778,False,0.27736494382794064,-50.44320872254818,1.0217162180138017,curve
t2_20261002_082349,6,10.7,1.7540000000000013,67,14.5,29.8,33.68256346329635,33.68256346329635,67,5.777777777777778,False,0.27736494382794064,-14.493999699720707,1.0217162180138017,curve
t2_20261002_082349,6,10.723,1.7309999999999999,67,14.5,29.8,31.644599071838755,31.644599071838755,67,5.777777777777778,False,0.3509960216464516,-90.09986942442093,1.0217162180138017,curve
t2_20261002_082349,6,10.753,1.7010000000000005,67,14.5,29.8,29.617826834730863,29.617826834730863,67,5.777777777777778,False,0.3755397142526218,-66.61646985243006,1.0217162180138017,curve
t2_20261002_082349,6,10.786,1.668000000000001,67,14.5,29.8,28.694880705027344,28.694880705027344,67,5.777777777777778,False,0.3081483461498853,-26.161743580104712,0.9692356721804867,curve
t2_20261002_082349,6,10.818,1.636000000000001,67,14.5,29.8,27.383822332424202,27.383822332424202,67,5.777777777777778,False,0.23451726833137432,-41.8239711818199,0.9692356721804867,curve
t2_20261002_082349,6,10.859,1.5950000000000006,67,14.5,29.8,25.23641621462481,25.23641621462481,67,5.777777777777778,False,0.33269203875605546,-52.20395603890986,0.9692356721804867,curve
t2_20261002_082349,6,10.898,1.556000000000001,67,14.5,29.8,23.014365664865878,23.014365664865878,67,5.777777777777778,False,0.33269203875605546,-57.33102002766759,0.9692356721804867,curve
t2_20261002_082349,6,10.939,1.5150000000000006,67,14.5,29.8,21.816040132271723,21.816040132271723,67,5.777777777777778,False,0.20009408795173966,-29.007903958739313,0.8953904551128269,curve
t2_20261002_082349,6,10.96,1.4939999999999998,67,14.5,29.8,20.816285807025125,20.816285807025125,67,5.777777777777778,False,0.1755503953455695,-49.64270589271088,0.8953904551128269,curve
t2_20261002_082349,6,10.993,1.4610000000000003,67,14.5,29.8,20.453110781511455,20.453110781511455,67,5.777777777777778,False,0.22329809180658744,-10.199688043880737,0.9087788806281529,curve
t2_20261002_082349,6,11.025,1.4290000000000003,67,14.5,29.8,19.427331594069983,19.427331594069983,67,5.777777777777778,False,0.14851584059813572,-32.35539410809718,0.8262771282869701,curve
t2_20261002_082349,6,11.057,1.3970000000000002,67,14.5,29.8,18.536359768845088,18.536359768845088,67,5.777777777777778,False,0.1730595332043059,-27.874114664974986,0.8262771282869701,curve
t2_20261002_082349,6,11.096,1.3580000000000005,67,14.5,29.8,17.520556835770847,17.520556835770847,67,5.777777777777778,False,0.1730595332043059,-25.882964301658053,0.8262771282869701,curve
t2_20261002_082349,6,11.121,1.3330000000000002,67,14.5,29.8,16.442605412280724,16.442605412280724,67,5.777777777777778,False,0.19760322581047607,-42.932210121003045,0.8262771282869701,curve
t2_20261002_082349,6,11.154,1.3000000000000007,67,14.5,29.8,15.2891498144816,15.2891498144816,67,5.777777777777778,False,0.13342235577163697,-35.72087656728339,0.7351437173489108,curve
t2_20261002_082349,6,11.185,1.2690000000000001,67,14.5,29.8,14.647615578472728,14.647615578472728,67,5.777777777777778,False,0.08433497055929662,-20.346773928948704,0.7351437173489108,curve
t2_20261002_082349,6,11.217,1.237,67,14.5,29.8,14.850836643958747,14.850836643958747,67,5.777777777777778,False,0.10308524470890745,5.367060917507551,0.7546499741294617,curve
t2_20261002_082349,6,11.257,1.197000000000001,67,14.5,29.8,14.232888330712125,14.232888330712125,67,5.777777777777778,False,0.07085013702786869,-15.65244015281714,0.6621031256001908,curve
t2_20261002_082349,6,11.281,1.173,67,14.5,29.8,13.743114668549769,13.743114668549769,67,5.777777777777778,False,0.09539382963403886,-20.04918612055295,0.6621031256001908,curve
t2_20261002_082349,6,11.321,1.133000000000001,67,14.5,29.8,13.061382492617053,13.061382492617053,67,5.777777777777778,False,0.09539382963403886,-17.111353944966154,0.6621031256001908,curve
t2_20261002_082349,6,11.346,1.1080000000000005,67,14.5,29.8,12.57595828116813,12.57595828116813,67,5.777777777777778,False,0.11993752224020904,-19.322731566388693,0.6621031256001908,curve
t2_20261002_082349,6,11.38,1.0739999999999998,67,14.5,29.8,13.351596317614348,13.351596317614348,67,5.777777777777778,False,0.11993752224020904,22.447369197256403,0.6621031256001908,curve
t2_20261002_082349,6,11.425,1.029,67,14.5,29.8,13.223892248864576,13.223892248864576,67,5.777777777777778,False,0.08685483630329438,-1.2255775768927109,0.5910808310448292,curve
t2_20261002_082349,6,11.457,0.9969999999999999,67,14.5,29.8,12.593767260624464,12.593767260624464,67,5.777777777777778,True,0.111398528909465,-20.07204867322944,0.5910808310448292,curve
t2_20261002_082349,6,11.499,0.9550000000000001,67,14.5,29.8,12.03060254732532,12.03060254732532,67,5.888888888888889,True,0.06952632038538331,-13.659907239180107,0.5022245903439724,curve
t2_20261002_082349,6,11.521,0.9329999999999998,67,14.5,29.8,11.64439330586487,11.64439330586487,67,5.888888888888889,True,0.06952632038538331,-17.774897115437742,0.5022245903439724,curve
t2_20261002_082349,6,11.552,0.902000000000001,67,14.5,29.8,11.219887260544343,11.219887260544343,67,6.555555555555555,True,0.06952632038538331,-14.323289542371333,0.5022245903439724,curve
t2_20261002_082349,6,11.585,0.8689999999999998,67,14.5,29.8,8.848441768852066,8.848441768852066,67,7.166666666666667,True,0.09407001299155349,-74.01613033605618,0.5022245903439724,curve
t2_20261002_082349,6,11.619,0.8350000000000009,67,14.5,29.8,8.486363229220107,8.486363229220107,67,7.833333333333333,True,0.03497090165834482,-10.14918130694,0.33878644390268287,curve
t2_20261002_082349,6,11.658,0.7960000000000012,67,14.5,29.8,8.555686608281608,8.555686608281608,67,7.833333333333333,True,0.0464069137589167,1.1559508379394028,0.35675963834271984,curve
t2_20261002_082349,6,11.681,0.7730000000000015,67,14.5,29.8,8.148589823662494,8.148589823662494,67,8.5,True,0.041302850706080196,-17.771474321037132,0.2883976732062452,curve
t2_20261002_082349,6,11.712,0.7420000000000009,67,14.5,29.8,7.980647686728563,7.980647686728563,67,9.11111111111111,True,0.01675915809991002,-4.878533833680137,0.2883976732062452,curve
t2_20261002_082349,6,11.746,0.7080000000000002,67,14.5,29.8,8.73014946766629,8.73014946766629,67,9.777777777777779,True,0.04232350070840152,22.654261358905906,0.2284732405772698,curve
t2_20261002_082349,6,11.778,0.6760000000000002,67,14.5,29.8,8.303165711641373,8.303165711641373,67,9.777777777777779,True,0.04232350070840152,-12.688906937023667,0.2284732405772698,curve
t2_20261002_082349,6,11.826,0.6280000000000001,67,14.5,29.8,8.055993398921988,8.055993398921988,67,10.5,True,0.00011957743819834832,-4.735148416180899,0.18211438826134252,curve
t2_20261002_082349,6,11.846,0.6080000000000005,67,14.5,29.8,7.84377722323401,7.84377722323401,67,11.11111111111111,True,0.048967807774142,-10.632414030229278,0.18211438826134252,curve
t2_20261002_082349,6,11.874,0.5800000000000001,67,14.5,29.8,7.200905905562937,7.200905905562937,67,11.777777777777779,True,0.0070079949407211295,-23.82071727448703,0.15519432455222182,curve
t2_20261002_082349,6,11.922,0.532,67,14.5,29.8,7.170730262135525,7.170730262135525,67,12.38888888888889,True,0.017535697665449046,-0.7883987263623344,0.15519432455222182,curve
t2_20261002_082349,6,11.952,0.5020000000000007,67,14.5,29.8,7.201457837795335,7.201457837795335,67,13.055555555555555,True,0.016040365315455496,0.8101259562418555,0.12982690365642702,curve
t2_20261002_082349,6,11.986,0.46799999999999997,67,14.5,29.8,7.380540475804313,7.380540475804313,67,13.055555555555555,True,0.016040365315455496,5.028537734590064,0.12982690365642702,curve
t2_20261002_082349,6,12.021,0.43299999999999983,67,14.5,29.8,7.677254753683432,7.677254753683432,67,13.722222222222221,True,0.0203224680513161,8.334265352257622,0.11515046549928876,curve
t2_20261002_082349,6,12.054,0.40000000000000036,67,14.5,29.8,7.758619783527106,7.758619783527106,67,14,True,0.004490898666963172,2.4472755470242245,0.11023670138798769,curve
t2_20261002_082349,6,12.082,0.3719999999999999,67,14.5,29.8,7.652792549527671,7.652792549527671,67,14,True,0.00683202693807905,-4.812412561776556,0.11060252764177392,curve
t2_20261002_082349,6,12.114,0.33999999999999986,67,14.5,29.8,7.827742974877477,7.827742974877477,67,14,True,0.014257125281946337,6.175992472670399,0.11209656780712818,curve
t2_20261002_082349,6,12.145,0.30900000000000105,67,14.5,29.8,8.313323454006056,8.313323454006056,67,14,True,0.055659249837626934,15.76484825969907,0.12188046003572195,curve
t2_20261002_082349,6,12.179,0.27500000000000036,67,14.5,29.8,9.322949244587026,9.322949244587026,67,14,True,0.055659249837626934,29.649372419715636,0.12188046003572195,curve
t2_20261002_082349,6,12.219,0.2350000000000012,67,14.5,29.8,10.009133637811555,10.009133637811555,67,14,True,0.043931608594784954,17.005856069045684,0.13923774603143713,curve
t2_20261002_082349,6,12.241,0.21300000000000097,67,14.5,29.8,10.627232592053911,10.627232592053911,67,14,True,0.043931608594784954,27.560205150486226,0.13923774603143713,curve
t2_20261002_082349,6,12.273,0.18100000000000094,67,14.5,29.8,10.836154132652812,10.836154132652812,67,14,True,0.052927310194256894,7.737471706064095,0.16355659735415484,curve
t2_20261002_082349,6,12.327,0.12700000000000067,67,14.5,29.8,11.867676379413151,11.867676379413151,67,14,True,0.052927310194256894,7.737471706064095,0.16355659735415484,curve
t2_20261002_082349,6,12.338,0.11600000000000144,67,14.5,29.8,12.094139480592137,12.094139480592137,67,14,True,0.052927310194256894,7.737471706064095,0.16355659735415484,curve
t2_20261002_082349,6,12.38,0.07399999999999984,67,14.5,29.8,12.724364527919992,12.724364527919992,67,14,True,0.052927310194256894,7.737471706064095,0.16355659735415484,curve
t2_20261002_082349,6,12.401,0.053000000000000824,67,14.5,29.8,13.451527505826864,13.451527505826864,67,14,True,0.052927310194256894,7.737471706064095,0.16355659735415484,curve
t2_20261002_082349,6,12.454,0.0,67,14.5,29.8,8.00059119705126,8.00059119705126,67,14,True,0.052927310194256894,7.737471706064095,0.16355659735415484,curve
t2_20261002_082349,7,10.212,1.9619999999999997,346,14.636792452830191,20,4.721394058035992,4.721394058035992,346,7.388888888888889,True,0.06732942792462815,22.289428828528866,0.32483129611622186,curve
t2_20261002_082349,7,10.237,1.9369999999999994,346,14.636792452830191,20,4.630073757374825,4.630073757374825,346,8.055555555555555,True,0.018242042712287798,-4.528890315300582,0.32483129611622186,curve
t2_20261002_082349,7,10.268,1.9059999999999988,346,14.636792452830191,20,4.579637679750535,4.579637679750535,346,8.666666666666666,True,0.030845342500052553,-1.9915685060768455,0.32483129611622186,curve
t2_20261002_082349,7,10.301,1.8729999999999993,346,14.636792452830191,20,4.6860153016492365,4.6860153016492365,346,8.666666666666666,True,0.01367642423733173,3.363256674126097,0.3304579045034264,curve
t2_20261002_082349,7,10.333,1.8409999999999993,346,14.636792452830191,20,4.581059459126907,4.581059459126907,346,9.333333333333334,True,0.010867268368839333,-3.1897458173437374,0.3304579045034264,curve
t2_20261002_082349,7,10.371,1.802999999999999,346,14.636792452830191,20,5.171406700259491,5.171406700259491,346,10,True,0.015045567965110251,14.955832713696697,0.22536239500191524,curve
t2_20261002_082349,7,10.395,1.779,346,14.636792452830191,20,2.7508101548138644,2.7508101548138644,346,10.666666666666666,True,0.034041817247231876,-99.66601135840052,0.22536239500191524,curve
t2_20261002_082349,7,10.428,1.7459999999999987,346,14.636792452830191,20,2.525844942871368,2.525844942871368,346,10.666666666666666,True,3.24961318760586e-05,-6.986084084469865,0.23690223780987507,curve
t2_20261002_082349,7,10.46,1.7139999999999986,346,14.636792452830191,20,2.496892419932907,2.496892419932907,346,11.277777777777779,True,3.24961318760586e-05,0.01110346434012633,0.23690223780987507,curve
t2_20261002_082349,7,10.497,1.6769999999999996,346,14.636792452830191,20,3.2098867038937104,3.2098867038937104,346,11.944444444444445,True,0.07608661527802418,19.582777271380742,0.2562197556891035,curve
t2_20261002_082349,7,10.536,1.638,346,14.636792452830191,20,3.319686566509498,3.319686566509498,346,11.944444444444445,True,0.08455045639220238,2.7045696357937685,0.1795355901318838,curve
t2_20261002_082349,7,10.558,1.6159999999999997,346,14.636792452830191,20,4.097482039381704,4.097482039381704,346,12.61111111111111,True,0.060006763786031314,36.37723169826352,0.1795355901318838,curve
t2_20261002_082349,7,10.589,1.584999999999999,346,14.636792452830191,20,4.593773752279505,4.593773752279505,346,13.277777777777779,True,0.04663557649672434,16.06568517682553,0.20095443461772744,curve
t2_20261002_082349,7,10.638,1.5359999999999996,346,14.636792452830191,20,5.10427037090402,5.10427037090402,346,13.88888888888889,True,0.07280580141908999,9.55101152997585,0.17872803722431962,curve
t2_20261002_082349,7,10.669,1.504999999999999,346,14.636792452830191,20,5.794456320578584,5.794456320578584,346,14,True,0.048262108812918925,21.106476775051338,0.17872803722431962,curve
t2_20261002_082349,7,10.701,1.472999999999999,346,14.636792452830191,20,6.5172443979806065,6.5172443979806065,346,14,True,0.06521417542904828,22.85449423587554,0.15550409809364485,curve
t2_20261002_082349,7,10.738,1.436,346,14.636792452830191,20,7.1502307021593925,7.1502307021593925,346,14,True,0.06521417542904828,17.960559370089147,0.15550409809364485,curve
t2_20261002_082349,7,10.774,1.4000000000000004,346,14.636792452830191,20,8.001774223434667,8.001774223434667,346,14,True,0.07693065224464846,22.638048794468112,0.12578459162881295,curve
t2_20261002_082349,7,10.799,1.375,346,14.636792452830191,20,7.0368255524036645,7.0368255524036645,346,14,True,0.03544603422006354,-36.30014783823587,0.1090281655760772,curve
t2_20261002_082349,7,10.829,1.3449999999999989,346,14.636792452830191,20,7.397599264074815,7.397599264074815,346,14,True,0.01636607448136118,12.235874560267426,0.10979604410034582,curve
t2_20261002_082349,7,10.862,1.3119999999999994,346,14.636792452830191,20,7.841970921622243,7.841970921622243,346,14,True,0.04090976708753047,12.002704061378381,0.10979604410034582,curve
t2_20261002_082349,7,10.903,1.270999999999999,346,14.636792452830191,20,8.255387250314238,8.255387250314238,346,14,True,0.023395084596540272,10.99102457203181,0.1270152277131662,curve
t2_20261002_082349,7,10.929,1.2449999999999992,346,14.636792452830191,20.1,7.127629675139767,7.127629675139767,346,14,True,0.0068049118292048405,-46.511302232897606,0.1063318895944727,curve
t2_20261002_082349,7,10.958,1.2159999999999993,346,14.636792452830191,20.1,6.872411414277126,6.872411414277126,346,14,True,0.030311452253496185,-8.773689021568579,0.1299105998135186,curve
t2_20261002_082349,7,10.989,1.1849999999999987,346,14.636792452830191,20.1,5.168424156348005,5.168424156348005,346,14,True,0.03638033737144042,-52.6365786964019,0.1497627789029341,curve
t2_20261002_082349,7,11.038,1.1359999999999992,346,14.5,20.1,5.053837289372076,5.053837289372076,346,14,True,0.009643359972809407,-1.6950193734776429,0.16578563609803965,curve
t2_20261002_082349,7,11.054,1.1199999999999992,346,14.5,20.1,5.148980604066473,5.148980604066473,346,14,True,0.0222675735816793,1.6432125109577973,0.16670704820009696,curve
t2_20261002_082349,7,11.091,1.0830000000000002,346,14.5,20.1,3.9486606235995794,3.9486606235995794,346,14,True,0.0222675735816793,-32.678634698011166,0.16670704820009696,curve
t2_20261002_082349,7,11.133,1.0410000000000004,346,14.5,20.1,3.1300748866091723,3.1300748866091723,346,14,True,0.031124568004774034,-17.852032389121046,0.18418901066418192,curve
t2_20261002_082349,7,11.171,1.0030000000000001,346,14.5,20.1,2.744638238177437,2.744638238177437,346,14,True,0.009081847021882083,-9.318605585027484,0.20641176791155846,curve
t2_20261002_082349,7,11.197,0.9770000000000003,346,14.5,20.1,0.8852229638614162,0.8852229638614162,346,14,True,0.08603007072337654,-74.18942765390905,0.19801516881518832,curve
t2_20261002_082349,7,11.232,0.9420000000000002,346,14.5,20.1,0.005038294445981251,0.005038294445981251,346,14,True,0.061323526818760854,-26.041222802117026,0.2279056263397483,curve
t2_20261002_082349,7,11.261,0.9130000000000003,346,14.5,20.1,-1.017649387129076,-1.017649387129076,346,14,True,0.05760196381323901,-35.36500277797118,0.26796625956338094,curve
t2_20261002_082349,7,11.293,0.8810000000000002,346,14.636792452830191,20.1,-1.0165583007217815,-1.0165583007217815,346,14,True,0.03871164767054047,2.596608943828758,0.25517508367566766,curve
t2_20261002_082349,7,11.337,0.8369999999999997,346,14.5,20.1,-1.0294524585108036,-1.0294524585108036,346,14,True,0.008782852344037195,-0.8843550375551213,0.29587437184375176,curve
t2_20261002_082349,7,11.355,0.8189999999999991,346,14.5,20.1,-1.7450870860172714,-1.7450870860172714,346,14,True,0.025677739076817474,-40.721583279036885,0.33309309535070675,curve
t2_20261002_082349,7,11.388,0.7859999999999996,346,14.5,20.1,-3.023621885742756,-3.023621885742756,346,14,True,0.08131454261341275,-37.23092293453795,0.320564425242158,curve
t2_20261002_082349,7,11.42,0.7539999999999996,346,14.5,20.1,-3.7542808635863096,-3.7542808635863096,346,14,True,0.047260972372715315,-23.020214767862004,0.35342216459870013,curve
t2_20261002_082349,7,11.452,0.7219999999999995,346,14.5,20.1,-4.3589832059687375,-4.3589832059687375,346,14,True,0.047260972372715315,-20.14541370068837,0.35342216459870013,curve
t2_20261002_082349,7,11.485,0.6890000000000001,346,14.5,20.2,-5.270632314954874,-5.270632314954874,346,14,True,0.06724276467655699,-28.730563533000367,0.36897371251658884,curve
t2_20261002_082349,7,11.515,0.6589999999999989,346,14.5,20.2,-5.775261356309752,-5.775261356309752,346,14,True,0.028513517051118598,-16.94014260240153,0.38948436098856254,curve
t2_20261002_082349,7,11.548,0.6259999999999994,346,14.5,20.2,-6.523811110562836,-6.523811110562836,346,14,True,0.05305720965728966,-23.101971775235953,0.38948436098856254,curve
t2_20261002_082349,7,11.581,0.593,346,14.5,20.2,-5.745193981752106,-5.745193981752106,346,14,True,0.09438723506280411,25.06611858533949,0.39307651060229,curve
t2_20261002_082349,7,11.612,0.5619999999999994,346,14.5,20.2,-6.668767845356594,-6.668767845356594,346,14,True,0.051439070303793244,-30.328616341398277,0.397631577426512,curve
t2_20261002_082349,7,11.662,0.5119999999999987,346,14.5,20.2,-9.320672392696643,-9.320672392696643,346,14,True,0.06731450781950521,-53.41073515556208,0.38933164503224305,curve
t2_20261002_082349,7,11.693,0.48099999999999987,346,14.5,20.2,-10.235780868606362,-10.235780868606362,346,14,True,0.023304086532714763,-29.229487528733596,0.37814718508144907,curve
t2_20261002_082349,7,11.732,0.44200000000000017,346,14.5,20.2,-10.56774967326957,-10.56774967326957,346,14,True,0.023304086532714763,-8.556194770615168,0.37814718508144907,curve
t2_20261002_082349,7,11.756,0.41799999999999926,346,14.5,20.2,-9.994341382729928,-9.994341382729928,346,14,True,0.04195183976695027,25.976215735594327,0.36190646946755534,curve
t2_20261002_082349,7,11.79,0.38400000000000034,346,14.5,20.2,-10.232582525689924,-10.232582525689924,346,14,True,0.017408147160780985,-7.156267576421092,0.36190646946755534,curve
t2_20261002_082349,7,11.821,0.35299999999999976,346,14.5,20.2,-10.235964795844247,-10.235964795844247,346,14,True,0.02630857865723968,-0.43913724607287197,0.3402435246008477,curve
t2_20261002_082349,7,11.855,0.31899999999999906,346,14.5,20.2,-10.479141437522799,-10.479141437522799,346,14,True,0.010082167362849503,-7.304281610752057,0.31526665499549633,curve
t2_20261002_082349,7,11.891,0.2829999999999995,346,14.5,20.2,-12.024400501513021,-12.024400501513021,346,14,True,0.026072250377826123,-43.13728690390764,0.3229290351259779,curve
t2_20261002_082349,7,11.916,0.2579999999999991,346,14.5,20.2,-12.198092245084165,-12.198092245084165,346,14,True,0.026072250377826123,-43.13728690390764,0.3229290351259779,curve
t2_20261002_082349,7,11.944,0.22999999999999865,346,14.5,20.2,-12.12304399701232,-12.12304399701232,346,14,True,0.026072250377826123,-43.13728690390764,0.3229290351259779,curve
t2_20261002_082349,7,11.982,0.19200000000000017,346,14.5,20.2,-10.833999361490875,-10.833999361490875,346,14,True,0.026072250377826123,-43.13728690390764,0.3229290351259779,curve
t2_20261002_082349,7,12.014,0.16000000000000014,346,14.5,20.2,-10.646507583198428,-10.646507583198428,346,14,True,0.026072250377826123,-43.13728690390764,0.3229290351259779,curve
t2_20261002_082349,7,12.054,0.11999999999999922,346,14.5,20.2,-11.855143613625199,-11.855143613625199,346,14,True,0.026072250377826123,-43.13728690390764,0.3229290351259779,curve
t2_20261002_082349,7,12.077,0.09699999999999953,346,14.5,20.2,-11.897079935863253,-11.897079935863253,346,14,True,0.026072250377826123,-43.13728690390764,0.3229290351259779,curve
t2_20261002_082349,7,12.108,0.06599999999999895,346,14.5,20.2,-11.970114066969405,-11.970114066969405,346,14,True,0.026072250377826123,-43.13728690390764,0.3229290351259779,curve
t2_20261002_082349,7,12.141,0.032999999999999474,346,14.5,20.2,-13.650072136404606,-13.650072136404606,346,14,True,0.026072250377826123,-43.13728690390764,0.3229290351259779,curve
t2_20261002_082349,7,12.174,0.0,346,14.5,20.2,-13.526622278844165,-13.526622278844165,346,14,True,0.026072250377826123,-43.13728690390764,0.3229290351259779,curve
t2_20261002_082349,8,17.197,1.9840000000000018,81,14.636792452830191,19.2,5.5075368808960175,5.5075368808960175,81,5.777777777777778,False,0.014913402004133047,-8.532425971049744,1.4673510641603689,curve
t2_20261002_082349,8,17.229,1.9520000000000017,81,14.636792452830191,19.2,6.82594437948063,6.82594437948063,81,5.777777777777778,False,0.0640007872164734,40.47558741676888,1.4673510641603689,curve
t2_20261002_082349,8,17.26,1.9209999999999994,81,14.636792452830191,19.2,9.20623334171143,9.20623334171143,81,5.777777777777778,False,0.129668990154169,74.99058332799237,1.4262081493595158,curve
t2_20261002_082349,8,17.294,1.8870000000000005,81,14.636792452830191,19.2,7.975576897183954,7.975576897183954,81,5.777777777777778,False,0.26213088663748074,-36.708409653935455,1.4262081493595158,curve
t2_20261002_082349,8,17.333,1.8480000000000025,81,14.636792452830191,19.2,6.827738241719663,6.827738241719663,81,5.777777777777778,False,0.1364329765167156,-29.46933915707132,1.4146671451174266,curve
t2_20261002_082349,8,17.356,1.8249999999999993,81,14.636792452830191,19.2,6.413021485408107,6.413021485408107,81,5.777777777777778,False,0.01741229189288518,-18.181210283721676,1.4146671451174266,curve
t2_20261002_082349,8,17.388,1.7929999999999993,81,14.636792452830191,19.2,6.340902531716209,6.340902531716209,81,5.777777777777778,False,0.01371451348586561,-2.4917272720931587,1.4146671451174266,curve
t2_20261002_082349,8,17.42,1.7609999999999992,81,14.636792452830191,19.2,5.679321294766053,5.679321294766053,81,5.777777777777778,False,0.1364329765167156,-21.118320573146764,1.4146671451174266,curve
t2_20261002_082349,8,17.454,1.7270000000000003,81,14.636792452830191,19.2,5.330087869471837,5.330087869471837,81,5.777777777777778,False,0.04478527288121903,-10.248075791584965,1.3455738157239456,curve
t2_20261002_082349,8,17.494,1.6870000000000012,81,14.636792452830191,19.2,5.061768109351993,5.061768109351993,81,5.777777777777778,False,0.04478527288121903,-6.522846025155641,1.3455738157239456,curve
t2_20261002_082349,8,17.533,1.6479999999999997,81,14.636792452830191,19.2,5.6993393481854095,5.6993393481854095,81,5.777777777777778,False,0.0763844382929797,17.166266003924047,1.3300146125226275,head_interference
t2_20261002_082349,8,17.575,1.6060000000000016,81,14.636792452830191,19.2,5.551303695711381,5.551303695711381,81,5.777777777777778,False,0.001704335708263116,-3.4632762377628046,1.2100351248614842,head_interference
t2_20261002_082349,8,17.595,1.586000000000002,81,14.636792452830191,19.2,5.412243722112441,5.412243722112441,81,5.777777777777778,False,0.02283935689790617,-6.306398291723675,1.2100351248614842,head_interference
t2_20261002_082349,8,17.631,1.5500000000000007,81,14.636792452830191,19.2,5.255355546499798,5.255355546499798,81,5.777777777777778,False,0.02283935689790617,-4.077083769775099,1.2100351248614842,head_interference
t2_20261002_082349,8,17.66,1.5210000000000008,81,14.636792452830191,19.2,4.332220819771029,4.332220819771029,81,5.777777777777778,False,0.047383049504077235,-30.63685288564277,1.2100351248614842,head_interference
t2_20261002_082349,8,17.703,1.4780000000000015,81,14.636792452830191,19.2,4.060296611707335,4.060296611707335,81,5.777777777777778,False,0.011514374476766065,-6.137292390160607,0.7972619227649251,head_interference
t2_20261002_082349,8,17.723,1.458000000000002,81,14.636792452830191,19.2,4.8236987134011695,4.8236987134011695,81,5.777777777777778,False,0.03287248445896651,37.92137908147843,1.0758512462976726,head_interference
t2_20261002_082349,8,17.756,1.4250000000000007,81,14.636792452830191,19.2,5.01643671272088,5.01643671272088,81,5.777777777777778,False,0.03287248445896651,5.9522780017573425,1.0758512462976726,head_interference
t2_20261002_082349,8,17.787,1.394000000000002,81,14.636792452830191,19.2,4.9224744501807205,4.9224744501807205,81,5.777777777777778,False,0.01621490075337384,-2.956077333520309,1.0758512462976726,head_interference
t2_20261002_082349,8,17.82,1.3610000000000007,81,14.636792452830191,19.2,4.930471497626035,4.930471497626035,81,5.777777777777778,False,0.0006599722703075628,0.028822932538924245,0.6634875519524135,head_interference
t2_20261002_082349,8,17.853,1.3279999999999994,81,14.636792452830191,19.2,4.93823284054656,4.93823284054656,81,5.777777777777778,False,0.0006599722703075628,-0.11953287134175124,0.6634875519524135,head_interference
t2_20261002_082349,8,17.892,1.2890000000000015,81,14.636792452830191,19.2,5.355853561532632,5.355853561532632,81,5.777777777777778,False,0.0238837203358635,10.1016896349527,0.6634875519524135,head_interference
t2_20261002_082349,8,17.917,1.2639999999999993,81,14.636792452830191,19.2,5.439996461547251,5.439996461547251,81,5.777777777777778,False,0.0006599722703075628,2.9997647753373218,0.6634875519524135,head_interference
t2_20261002_082349,8,17.948,1.2330000000000005,81,14.636792452830191,19.2,5.505653035880988,5.505653035880988,81,5.777777777777778,False,0.015620801438636533,1.9583996394658176,0.5104292789217455,head_interference
t2_20261002_082349,8,17.98,1.2010000000000005,81,14.636792452830191,19.2,5.578635149100256,5.578635149100256,81,5.777777777777778,False,0.015234911742240342,3.9095484173296677,0.5945533241486576,head_interference
t2_20261002_082349,8,18.013,1.1679999999999993,81,14.636792452830191,19.2,5.6270559091231345,5.6270559091231345,81,5.777777777777778,False,0.009308780863930721,1.6557169960330669,0.5945533241486576,head_interference
t2_20261002_082349,8,18.059,1.1219999999999999,81,14.636792452830191,19.2,5.656070455772996,5.656070455772996,81,5.777777777777778,False,0.002039516450448531,0.3083649265353743,0.5306693064990999,head_interference
t2_20261002_082349,8,18.103,1.0779999999999994,81,14.636792452830191,19.2,5.664358305999704,5.664358305999704,81,5.777777777777778,False,0.002039516450448531,-0.3378401567317256,0.5306693064990999,head_interference
t2_20261002_082349,8,18.123,1.0579999999999998,81,14.636792452830191,19.2,5.362034567365944,5.362034567365944,81,5.777777777777778,False,0.002039516450448531,-15.506841567637565,0.5306693064990999,head_interference
t2_20261002_082349,8,18.155,1.0259999999999998,81,14.636792452830191,19.2,5.302135969129052,5.302135969129052,81,5.777777777777778,False,0.026583209056619594,-2.4649027233407406,0.5306693064990999,head_interference
t2_20261002_082349,8,18.189,0.9920000000000009,81,14.636792452830191,19.2,5.244916447782677,5.244916447782677,81,5.777777777777778,False,0.007141781956059745,-1.6968929438409797,0.5939977390881692,head_interference
t2_20261002_082349,8,18.22,0.9610000000000021,81,14.636792452830191,19.2,5.6383371448913575,5.6383371448913575,81,5.777777777777778,False,0.012185814647567739,13.358541131087735,0.6291657756355917,head_interference
t2_20261002_082349,8,18.253,0.9280000000000008,81,14.636792452830191,19.2,5.637164824587201,5.637164824587201,81,5.777777777777778,False,0.012357877958601549,0.07888673179210186,0.6291657756355917,head_interference
t2_20261002_082349,8,18.292,0.8889999999999993,81,14.636792452830191,19.2,5.608620457827717,5.608620457827717,81,5.777777777777778,False,0.00683307394663224,-0.7203271103161171,0.8184016611861122,head_interference
t2_20261002_082349,8,18.316,0.865000000000002,81,14.636792452830191,19.2,5.243720103958628,5.243720103958628,81,5.777777777777778,False,0.0667980038718774,-16.121217033861242,0.8184016611861122,head_interference
t2_20261002_082349,8,18.347,0.8339999999999996,81,14.636792452830191,19.2,4.925275688959244,4.925275688959244,81,5.777777777777778,False,0.04225431126570811,-10.289172189066239,0.8184016611861122,head_interference
t2_20261002_082349,8,18.38,0.8010000000000019,81,14.636792452830191,19.2,4.374765993255201,4.374765993255201,81,5.777777777777778,False,0.04225431126570811,-16.865296869184327,0.8184016611861122,head_interference
t2_20261002_082349,8,18.414,0.7669999999999995,81,14.636792452830191,19.2,3.9047513849387467,3.9047513849387467,81,5.777777777777778,False,0.11588538908421953,-14.105282473325115,0.8184016611861122,head_interference
t2_20261002_082349,8,18.449,0.7319999999999993,81,14.636792452830191,19.2,4.392729152887574,4.392729152887574,81,5.777777777777778,False,0.07538029532634205,14.499859359262977,1.5989052719113213,head_interference
t2_20261002_082349,8,18.476,0.7050000000000018,81,14.636792452830191,19.2,4.083912005326601,4.083912005326601,81,5.777777777777778,False,0.05083660272017099,-11.198235141739948,1.5989052719113213,head_interference
t2_20261002_082349,8,18.509,0.6720000000000006,81,14.636792452830191,19.2,3.4896505274281804,3.4896505274281804,81,5.777777777777778,False,0.1444908500879123,-17.20752309846977,1.5989052719113213,head_interference
t2_20261002_082349,8,18.559,0.6219999999999999,81,14.636792452830191,19.2,-0.8641329960295767,-0.8641329960295767,81,5.777777777777778,False,0.5291274980212819,-88.26711031356658,3.2033207525346583,head_interference
t2_20261002_082349,8,18.588,0.593,81,14.636792452830191,19.2,-4.133386712321583,-4.133386712321583,81,5.777777777777778,False,0.5045838054151126,-113.06468968600086,3.256371147189449,head_interference
t2_20261002_082349,8,18.622,0.559000000000001,81,14.636792452830191,19.2,-6.836413992929716,-6.836413992929716,81,5.777777777777778,False,0.48004011280894154,-80.16665640516945,3.300401022419508,head_interference
t2_20261002_082349,8,18.654,0.527000000000001,81,14.636792452830191,19.2,-9.42264379559444,-9.42264379559444,81,5.777777777777778,False,0.48004011280894154,-79.7802409425189,3.3460387590640375,head_interference
t2_20261002_082349,8,18.697,0.48400000000000176,81,14.636792452830191,19.2,-11.500192347598633,-11.500192347598633,81,5.777777777777778,False,0.3185094280223044,-48.505135647697244,3.387523477479741,head_interference
t2_20261002_082349,8,18.717,0.4640000000000022,81,14.636792452830191,19.2,-11.67305384953161,-11.67305384953161,81,5.777777777777778,False,0.12750772752001716,-8.804400450271315,3.9358510486492335,head_interference
t2_20261002_082349,8,18.748,0.43299999999999983,81,14.636792452830191,19.2,-10.251688586876769,-10.251688586876769,81,5.777777777777778,False,0.1364284163225573,45.61510886264739,3.935851048649149,head_interference
t2_20261002_082349,8,18.78,0.4009999999999998,81,14.636792452830191,19.2,-7.654835944631513,-7.654835944631513,81,5.777777777777778,False,0.1364284163225573,79.08908912424218,3.9358510486493183,head_interference
t2_20261002_082349,8,18.814,0.3670000000000009,81,14.636792452830191,19.2,-3.950636862520641,-3.950636862520641,81,5.777777777777778,False,0.11188472371638802,111.16772308145055,3.935851048649228,head_interference
t2_20261002_082349,8,18.853,0.3279999999999994,81,14.636792452830191,19.2,-1.3315245846806594,-1.3315245846806594,81,5.777777777777778,False,0.7117670855789378,67.50165786026272,2.9211428114383016,head_interference
t2_20261002_082349,8,18.876,0.3049999999999997,81,14.636792452830191,19.2,2.190486310324564,2.190486310324564,81,5.777777777777778,False,0.6259289129984218,153.79960256198402,2.9211428114383398,head_interference
t2_20261002_082349,8,18.908,0.2729999999999997,81,14.636792452830191,19.2,5.4004476566606225,5.4004476566606225,81,5.777777777777778,False,0.589048622548086,99.37960820908204,2.9375497722882034,head_interference
t2_20261002_082349,8,18.942,0.23900000000000077,81,14.636792452830191,19.2,7.8662391597772565,7.8662391597772565,81,5.777777777777778,False,0.4083220855023537,72.09916678290504,3.508710468428825,body_interference
t2_20261002_082349,8,18.974,0.20700000000000074,81,14.636792452830191,19.2,9.681730972375595,9.681730972375595,81,5.777777777777778,False,0.30233581317585845,56.20717683987071,3.5679951181775653,body_interference
t2_20261002_082349,8,19.028,0.15300000000000225,81,14.636792452830191,19.2,10.455481825227258,10.455481825227258,81,5.777777777777778,False,0.30233581317585845,56.20717683987071,3.5679951181775653,body_interference
t2_20261002_082349,8,19.036,0.14499999999999957,81,14.636792452830191,19.2,10.413101628133523,10.413101628133523,81,5.777777777777778,False,0.30233581317585845,56.20717683987071,3.5679951181775653,body_interference
t2_20261002_082349,8,19.069,0.11200000000000188,81,14.773584905660377,19.2,11.527846748034078,9.715700185822941,145,5.777777777777778,False,0.30233581317585845,56.20717683987071,3.5679951181775653,body_interference
t2_20261002_082349,8,19.115,0.0660000000000025,81,14.773584905660377,19.2,10.273762743594999,4.23536038707404,145,5.777777777777778,False,0.30233581317585845,56.20717683987071,3.5679951181775653,body_interference
t2_20261002_082349,8,19.148,0.03300000000000125,81,14.773584905660377,19.2,10.042000144246414,0.5967912172164507,145,5.777777777777778,False,0.30233581317585845,56.20717683987071,3.5679951181775653,body_interference
t2_20261002_082349,8,19.181,0.0,81,14.773584905660377,19.2,10.4790561723265,-3.3960552805900743,145,5.777777777777778,False,0.30233581317585845,56.20717683987071,3.5679951181775653,body_interference
t2_20261002_082349,9,33.535,1.9690000000000012,474,14.5,54,3.058076349200121,3.058076349200121,474,14,True,0.002822376645378988,-0.9934692964326691,0.02605402700699333,body_interference
t2_20261002_082349,9,33.567,1.9369999999999976,474,14.5,54,3.349325991987371,3.349325991987371,474,14,True,0.021721315960791188,9.649880133736282,0.02605402700699333,body_interference
t2_20261002_082349,9,33.601,1.9029999999999987,474,14.5,54,3.336273423723469,3.336273423723469,474,14,True,0.024245578492165798,-0.4830648913627825,0.025533894050765227,body_interference
t2_20261002_082349,9,33.634,1.8699999999999974,474,14.5,54,3.379663500891752,3.379663500891752,474,14,True,0.0015351816033692955,1.4260310738291755,0.025434467087068313,body_interference
t2_20261002_082349,9,33.669,1.8350000000000009,474,14.5,54,4.176389763819927,4.176389763819927,474,14,True,0.00396568812014042,21.941568027124944,0.02530410044906617,body_interference
t2_20261002_082349,9,33.695,1.8089999999999975,474,14.5,54,4.2342344457057095,4.2342344457057095,474,14,True,0.00396568812014042,2.1584840372511827,0.02530410044906617,body_interference
t2_20261002_082349,9,33.727,1.777000000000001,474,14.5,54,4.316765104087466,4.316765104087466,474,14,True,0.005798164179660503,3.709644558294793,0.02565067167698265,body_interference
t2_20261002_082349,9,33.761,1.742999999999995,474,14.5,54,4.2359069211011615,4.2359069211011615,474,14,True,0.01631583697749539,-2.0892191351828315,0.026112501362498985,clean
t2_20261002_082349,9,33.793,1.7109999999999985,474,14.5,54,3.075068391968543,3.075068391968543,474,14,True,0.01631583697749539,-36.19392422230031,0.026112501362498985,clean
t2_20261002_082349,9,33.838,1.6659999999999968,474,14.5,54.2,3.041223662406736,3.041223662406736,474,14,True,0.010158006476820969,0.7145843375393922,0.027053349959996087,clean
t2_20261002_082349,9,33.856,1.6479999999999961,474,14.5,54.2,2.535388607472143,2.535388607472143,474,14,True,0.012717610385632128,-26.984183486502832,0.028304674401090413,clean
t2_20261002_082349,9,33.888,1.6159999999999997,474,14.5,54.2,2.711656102200763,2.711656102200763,474,14,True,0.012717610385632128,5.669781784915,0.028304674401090413,clean
t2_20261002_082349,9,33.92,1.583999999999996,474,14.5,54.2,3.024462293796546,3.024462293796546,474,14,True,0.01487037427137139,7.592483674693705,0.02997621482584334,clean
t2_20261002_082349,9,33.954,1.5499999999999972,474,14.5,54.2,3.1448872125213114,3.1448872125213114,474,14,True,0.006817884456778334,3.256796936277369,0.03219911351315474,clean
t2_20261002_082349,9,33.99,1.5139999999999958,474,14.5,54.2,3.0522853507611813,3.0522853507611813,474,14,True,0.006817884456778334,-2.3812429406920046,0.03219911351315474,clean
t2_20261002_082349,9,34.034,1.4699999999999989,474,14.5,54.2,2.9551772600815553,2.9551772600815553,474,14,True,0.004294499934532681,-1.298550674205629,0.034719686938948335,clean
t2_20261002_082349,9,34.074,1.4299999999999997,474,14.5,54.2,3.2672175966355326,3.2672175966355326,474,14,True,0.02359719203979438,7.1693821867539995,0.038072997161080924,clean
t2_20261002_082349,9,34.096,1.4080000000000013,474,14.5,54.2,3.6156481790649337,3.6156481790649337,474,14,True,0.02729560922026053,15.25853189717261,0.04211933305883253,clean
t2_20261002_082349,9,34.127,1.3769999999999953,474,14.5,54.2,3.673684773610347,3.673684773610347,474,14,True,0.002114239577126309,3.2567229995136615,0.04153870116274794,clean
t2_20261002_082349,9,34.16,1.3440000000000012,474,14.5,54.2,2.8455105953689213,2.8455105953689213,474,14,True,0.018366945722979366,-25.53441930390834,0.0461527103375059,clean
t2_20261002_082349,9,34.195,1.3089999999999975,474,14.5,54.2,2.6268112168434357,2.6268112168434357,474,14,True,0.014588229001866626,-5.3960809225915,0.05063547649214284,clean
t2_20261002_082349,9,34.223,1.2809999999999988,474,14.5,54.2,2.4766538331577834,2.4766538331577834,474,14,True,0.014588229001866626,-7.004208065694444,0.05063547649214284,clean
t2_20261002_082349,9,34.256,1.2479999999999976,474,14.636792452830191,54.2,1.3740906585403696,1.3740906585403696,474,14,True,0.014973402677698644,-33.523224789599084,0.05660957179846937,clean
t2_20261002_082349,9,34.288,1.216000000000001,474,14.636792452830191,54.2,1.4116254660325485,1.4116254660325485,474,14,True,0.003925045192604504,1.64568869473874,0.0633899209593567,clean
t2_20261002_082349,9,34.32,1.1839999999999975,474,14.636792452830191,54.2,1.454651098619566,1.454651098619566,474,14,True,0.004883955710259791,1.284520256735818,0.062157361281646395,clean
t2_20261002_082349,9,34.354,1.1499999999999986,474,14.773584905660377,54.2,1.966075256005519,1.966075256005519,474,14,True,0.025886798318569326,15.515663190121963,0.06956040861147184,clean
t2_20261002_082349,9,34.402,1.1019999999999968,474,14.773584905660377,54.2,2.5582105294157405,2.5582105294157405,474,14,True,0.032889692313234686,12.068174146235847,0.0778010375549365,clean
t2_20261002_082349,9,34.417,1.0869999999999962,474,14.773584905660377,54.2,2.54846257839956,2.54846257839956,474,14,True,0.017412451155362163,1.595709103509104,0.07619904386150322,clean
t2_20261002_082349,9,34.448,1.0559999999999974,474,14.910377358490567,54.2,1.8141372254326136,1.8141372254326136,474,14,True,0.009715481908462387,-23.608222140898796,0.08507178150136419,clean
t2_20261002_082349,9,34.481,1.0229999999999961,474,14.910377358490567,54.2,1.564599798066478,1.564599798066478,474,14,True,0.03425917451463256,-9.000211786064938,0.08507178150136419,clean
t2_20261002_082349,9,34.513,0.9909999999999997,474,14.910377358490567,54.2,1.2941158475879142,1.2941158475879142,474,14,True,0.02717431233535006,-7.710704118885845,0.0928076045215156,clean
t2_20261002_082349,9,34.555,0.9489999999999981,474,15.047169811320755,54.2,0.5840334252683608,0.5840334252683608,474,14,True,0.0067993545303233205,-17.487787060453332,0.1031658848576682,clean
t2_20261002_082349,9,34.593,0.9109999999999943,474,15.047169811320755,54.2,0.5931443552195663,0.5931443552195663,474,14,True,0.009170113033584393,0.1989973572713491,0.1119881737961621,curve
t2_20261002_082349,9,34.63,0.8739999999999952,474,15.047169811320755,54.2,0.24865817871803308,0.24865817871803308,474,14,True,0.03371380563975457,-7.8062810616650795,0.1119881737961621,curve
t2_20261002_082349,9,34.656,0.847999999999999,474,15.183962264150946,54.2,-1.5178836361561814,-1.5178836361561814,474,14,True,0.022289232973405237,-70.09165703808739,0.12382553142421271,curve
t2_20261002_082349,9,34.687,0.8170000000000002,474,15.183962264150946,54.2,-1.5507391561620487,-1.5507391561620487,474,14,True,0.01203768594136978,-1.8808259592194265,0.13370746855025972,curve
t2_20261002_082349,9,34.72,0.7839999999999989,474,15.183962264150946,54.2,-1.7044031941984166,-1.7044031941984166,474,14,True,0.01203768594136978,-5.012559903918955,0.13370746855025972,curve
t2_20261002_082349,9,34.753,0.7509999999999977,474,15.183962264150946,54.2,-0.4162903795945816,-0.4162903795945816,474,14,True,0.026182172767603706,39.631969753717605,0.14699531309923985,curve
t2_20261002_082349,9,34.793,0.7109999999999985,474,15.183962264150946,54.2,-0.45009600282606854,-0.45009600282606854,474,14,True,0.010795190558952061,-0.9570203435762701,0.15789233970631145,curve
t2_20261002_082349,9,34.815,0.6890000000000001,474,15.183962264150946,54.2,-0.6355263205135024,-0.6355263205135024,474,14,True,0.010795190558952061,-6.786371711603411,0.15789233970631145,curve
t2_20261002_082349,9,34.848,0.6559999999999988,474,15.183962264150946,54.2,-2.1250793309079477,-2.1250793309079477,474,14,True,0.043705389975776665,-44.59210884929117,0.17257616342021098,curve
t2_20261002_082349,9,34.892,0.6119999999999948,474,15.183962264150946,54.2,-2.4963073228527684,-2.4963073228527684,474,14,True,0.029565028999892107,-8.948166898398272,0.18442084936604441,curve
t2_20261002_082349,9,34.914,0.5899999999999963,474,15.183962264150946,54.2,-2.78569443863881,-2.78569443863881,474,14,True,0.029565028999892107,-12.756459331420933,0.18442084936604441,curve
t2_20261002_082349,9,34.957,0.546999999999997,474,15.183962264150946,54.2,-3.0079612170172645,-3.0079612170172645,474,14,True,0.013894958975715799,-4.830807405468053,0.20041131913348886,curve
t2_20261002_082349,9,34.978,0.5259999999999962,474,15.183962264150946,54.2,-2.410770870800544,-2.410770870800544,474,14,True,0.030224614528346905,27.440205146226226,0.21310448705234686,curve
t2_20261002_082349,9,35.009,0.49499999999999744,474,15.183962264150946,54.2,-2.959731624559989,-2.959731624559989,474,14,True,0.02755736476528714,-16.13379962944333,0.23026327716039852,curve
t2_20261002_082349,9,35.041,0.46300000000000097,474,15.183962264150946,54.2,-3.5603113200282728,-3.5603113200282728,474,14,True,0.046073713053223386,-20.150118588699605,0.23026327716039852,curve
t2_20261002_082349,9,35.088,0.4159999999999968,474,15.183962264150946,54.2,-4.071722979048669,-4.071722979048669,474,14,True,0.05195800272757145,-9.726735870930792,0.2436621003487982,curve
t2_20261002_082349,9,35.122,0.3819999999999979,474,15.183962264150946,54.2,-4.958086812979513,-4.958086812979513,474,14,True,0.02692628102908534,-26.656862067276762,0.2617838822792615,curve
t2_20261002_082349,9,35.154,0.3499999999999943,474,15.183962264150946,54.2,-5.279889337868308,-5.279889337868308,474,14,True,0.02692628102908534,-11.377688059986415,0.2617838822792615,curve
t2_20261002_082349,9,35.171,0.3329999999999984,474,15.183962264150946,54.2,-5.468359483826784,-5.468359483826784,474,14,True,0.05491083051468326,-10.474332893939954,0.27568898486691973,curve
t2_20261002_082349,9,35.216,0.2879999999999967,474,15.183962264150946,54.2,-7.7055688152415875,-7.7055688152415875,474,14,True,0.026567521947829853,-51.17446871306147,0.294483024697882,curve
t2_20261002_082349,9,35.256,0.24799999999999756,474,15.183962264150946,54.2,-8.145222602504834,-8.145222602504834,474,14,True,0.026567521947829853,-9.56417649580468,0.294483024697882,curve
t2_20261002_082349,9,35.281,0.22299999999999898,474,15.183962264150946,54.2,-8.18271179270415,-8.18271179270415,474,14,True,0.027489253313603967,-1.9735516085804419,0.3086280411067621,curve
t2_20261002_082349,9,35.314,0.18999999999999773,474,15.183962264150946,54.2,-9.644410677099888,-9.644410677099888,474,14,True,0.04482146173778112,-43.53187199266713,0.3277049422023257,curve
t2_20261002_082349,9,35.375,0.12899999999999778,474,15.183962264150946,54.2,-10.61669725107193,-10.61669725107193,474,14,True,0.04482146173778112,-43.53187199266713,0.3277049422023257,curve
t2_20261002_082349,9,35.409,0.09499999999999886,474,15.183962264150946,54.2,-11.820100340698882,-11.820100340698882,474,14,True,0.04482146173778112,-43.53187199266713,0.3277049422023257,curve
t2_20261002_082349,9,35.442,0.06199999999999761,474,15.183962264150946,54.2,-12.306793196117493,-12.306793196117493,474,14,True,0.04482146173778112,-43.53187199266713,0.3277049422023257,curve
t2_20261002_082349,9,35.473,0.030999999999998806,474,15.183962264150946,54.2,-12.320985665490067,-12.320985665490067,474,14,True,0.04482146173778112,-43.53187199266713,0.3277049422023257,curve
t2_20261002_082349,9,35.504,0.0,474,15.183962264150946,54.2,-13.803350006245271,-13.803350006245271,474,14,True,0.04482146173778112,-43.53187199266713,0.3277049422023257,curve
t2_20261002_082349,10,4.623,2.0,67,14.5,38.4,258.2520023281976,258.2520023281976,67,5.79,False,1.2565764895349503,-141.08901298689963,0.6709364749005178,curve
t2_20261002_082349,10,4.646,1.9770000000000003,67,14.5,38.4,251.7487991055565,251.7487991055565,67,5.79,False,1.235711051789277,-289.24012513063644,0.6543928373411791,curve
t2_20261002_082349,10,4.678,1.9450000000000003,67,14.5,38.4,246.25809727839777,246.25809727839777,67,5.79,False,1.235711051789277,-172.48618788221856,0.6543928373411791,curve
t2_20261002_082349,10,4.711,1.912,67,14.5,38.4,240.73074787828753,240.73074787828753,67,5.79,False,1.211167359183107,-165.3058831926754,0.6543928373411791,curve
t2_20261002_082349,10,4.743,1.88,67,14.5,38.4,235.35599401970998,235.35599401970998,67,5.79,False,1.211167359183107,-168.8298828326125,0.6543928373411791,curve
t2_20261002_082349,10,4.778,1.8450000000000006,67,14.5,38.4,230.08297052216088,230.08297052216088,67,5.79,False,1.211167359183107,-146.31035528995776,0.6543928373411791,curve
t2_20261002_082349,10,4.805,1.8180000000000005,67,14.5,38.4,224.6430566916416,224.6430566916416,67,5.79,False,1.1620799739707657,-207.38254580882057,0.6543928373411791,curve
t2_20261002_082349,10,4.837,1.7860000000000005,67,14.5,38.4,220.10824360518657,220.10824360518657,67,5.79,False,1.1759379504339922,-144.1029291158215,0.533478478307372,curve
t2_20261002_082349,10,4.872,1.7510000000000003,67,14.636792452830191,38.4,215.15267476442057,215.15267476442057,67,5.79,False,1.1759379504339922,-142.40291221849867,0.533478478307372,curve
t2_20261002_082349,10,4.903,1.7200000000000006,67,14.636792452830191,38.4,209.966249010502,209.966249010502,67,5.79,False,1.1759379504339922,-165.18665041466107,0.533478478307372,curve
t2_20261002_082349,10,4.941,1.6820000000000004,67,14.636792452830191,38.4,204.7533757845195,204.7533757845195,67,5.79,False,1.1759379504339922,-135.76381229215048,0.533478478307372,curve
t2_20261002_082349,10,4.965,1.6580000000000004,67,14.636792452830191,38.4,199.64458976794882,199.64458976794882,67,5.79,False,1.114125322681664,-218.29731339538674,0.6265666010860578,curve
t2_20261002_082349,10,4.997,1.6260000000000003,67,14.636792452830191,38.4,194.3461759223094,194.3461759223094,67,5.79,False,1.114125322681664,-163.3984521227366,0.6265666010860578,curve
t2_20261002_082349,10,5.048,1.5750000000000002,67,14.636792452830191,38.4,186.26853271157674,186.26853271157674,67,5.79,False,1.114125322681664,-156.11376386415148,0.6265666010860578,head_interference
t2_20261002_082349,10,5.063,1.5600000000000005,67,14.636792452830191,38.4,184.74600859085635,184.74600859085635,67,5.79,False,1.0880998262356485,-112.6958602785678,0.5857730270621722,head_interference
t2_20261002_082349,10,5.111,1.5120000000000005,67,14.636792452830191,38.4,176.13612822390363,176.13612822390363,67,5.79,False,1.0390124410233081,-179.37248999751623,0.5857730270621722,head_interference
t2_20261002_082349,10,5.146,1.4770000000000003,67,14.636792452830191,38.4,170.5989310264418,170.5989310264418,67,5.79,False,0.9899250558109678,-157.30635164965867,0.5857730270621722,head_interference
t2_20261002_082349,10,5.181,1.4420000000000002,67,14.636792452830191,38.4,166.23862863369303,166.23862863369303,67,5.79,False,0.9899250558109678,-125.65654710935975,0.5857730270621722,head_interference
t2_20261002_082349,10,5.206,1.4169999999999998,67,14.636792452830191,38.4,161.20548111761562,161.20548111761562,67,5.79,False,1.0144687484171389,-202.13307562110123,0.5857730270621722,head_interference
t2_20261002_082349,10,5.238,1.3849999999999998,67,14.636792452830191,38.4,156.29791114408653,156.29791114408653,67,5.79,False,0.9899250558109678,-152.19150060870575,0.5857730270621722,head_interference
t2_20261002_082349,10,5.271,1.3520000000000003,67,14.636792452830191,38.4,154.44783131220714,154.44783131220714,67,5.79,False,0.8628197530578925,-54.57779285121332,0.6263552250789295,head_interference
t2_20261002_082349,10,5.303,1.3200000000000003,67,14.636792452830191,38.4,149.26543860607367,149.26543860607367,67,5.79,False,0.8628197530578925,-156.581782888855,0.6263552250789295,head_interference
t2_20261002_082349,10,5.353,1.2700000000000005,67,14.636792452830191,38.4,144.48759173832443,144.48759173832443,67,5.79,False,0.8628197530578925,-97.50844832346172,0.6263552250789295,head_interference
t2_20261002_082349,10,5.369,1.2540000000000004,67,14.636792452830191,38.4,139.65401433400817,139.65401433400817,67,5.79,False,0.7155575974208706,-298.4082105165328,0.6263552250789295,head_interference
t2_20261002_082349,10,5.398,1.2250000000000005,67,14.636792452830191,38.4,135.23224038545385,135.23224038545385,67,5.79,False,0.7155575974208706,-150.93614496049182,0.6263552250789295,curve
t2_20261002_082349,10,5.431,1.1920000000000002,67,14.636792452830191,38.4,130.6072470302754,130.6072470302754,67,5.79,False,0.6910139048147004,-141.46024845773002,0.6263552250789295,curve
t2_20261002_082349,10,5.463,1.1600000000000001,67,14.636792452830191,38.4,126.35361299318997,126.35361299318997,67,5.79,False,0.6910139048147004,-133.36694410132918,0.6263552250789295,curve
t2_20261002_082349,10,5.506,1.117,67,14.636792452830191,38.4,129.36312760735655,129.36312760735655,67,5.79,False,0.5493054902755858,69.87009521706906,0.6478828550180813,curve
t2_20261002_082349,10,5.526,1.0970000000000004,67,14.636792452830191,38.4,124.62900445287427,124.62900445287427,67,5.79,False,0.5493054902755858,-233.1608324371725,0.6478828550180813,curve
t2_20261002_082349,10,5.568,1.0550000000000006,67,14.636792452830191,38.4,118.96961554793292,118.96961554793292,67,5.79,False,0.573849182881756,-132.51105473820255,0.6478828550180813,curve
t2_20261002_082349,10,5.592,1.0310000000000006,67,14.636792452830191,38.4,117.28369722456294,117.28369722456294,67,5.79,False,0.45113071985090514,-72.02727308291627,0.6478828550180813,curve
t2_20261002_082349,10,5.628,0.9950000000000001,67,14.636792452830191,38.4,112.35105195428879,112.35105195428879,67,5.79,False,0.45113071985090514,-136.97744581125954,0.6478828550180813,curve
t2_20261002_082349,10,5.67,0.9530000000000003,67,14.636792452830191,38.4,107.15148304914287,107.15148304914287,67,5.79,False,0.4756744124570753,-124.65171679339214,0.6478828550180813,curve
t2_20261002_082349,10,5.702,0.9210000000000003,67,14.636792452830191,38.4,115.65603148397987,115.65603148397987,67,5.79,False,0.2965882163586975,262.7318820040192,0.6450724365144369,curve
t2_20261002_082349,10,5.745,0.8780000000000001,67,14.636792452830191,38.4,109.52639350053717,109.52639350053717,67,5.79,False,0.2965882163586975,-144.57614791980802,0.6450724365144369,curve
t2_20261002_082349,10,5.756,0.867,67,14.636792452830191,38.4,106.56924183323808,106.56924183323808,67,5.79,False,0.3211319089648681,-266.4287473326856,0.6450724365144369,head_interference
t2_20261002_082349,10,5.798,0.8250000000000002,67,14.636792452830191,38.4,99.00952606265169,99.00952606265169,67,5.79,False,0.2965882163586975,-180.8676654140357,0.6450724365144369,head_interference
t2_20261002_082349,10,5.832,0.7910000000000004,67,14.636792452830191,38.4,94.80283461652029,94.80283461652029,67,5.79,False,0.2965882163586975,-121.94583729131512,0.6450724365144369,head_interference
t2_20261002_082349,10,5.863,0.7599999999999998,67,14.636792452830191,38.4,90.61350900782388,90.61350900782388,67,5.79,False,0.38777422953148344,-133.43274175791873,0.6450724365144369,head_interference
t2_20261002_082349,10,5.903,0.7200000000000006,67,14.636792452830191,38.4,100.53060972971618,100.53060972971618,67,5.79,False,0.3560562424242719,248.96009557804868,0.6167336819730069,head_interference
t2_20261002_082349,10,5.926,0.6970000000000001,67,14.636792452830191,38.4,95.0651382603068,95.0651382603068,67,5.79,False,0.48740895225205394,-236.6036313562532,0.6167336819730069,head_interference
t2_20261002_082349,10,5.958,0.665,67,14.636792452830191,38.4,89.4707147731422,89.4707147731422,67,5.79,False,0.6186367316378885,-175.92669381741882,0.6167336819730069,head_interference
t2_20261002_082349,10,5.994,0.6290000000000004,67,14.636792452830191,38.4,83.00011890994126,83.00011890994126,67,5.79,False,0.645362216188206,-177.76456520786255,0.6167336819730069,head_interference
t2_20261002_082349,10,6.025,0.5979999999999999,67,14.636792452830191,38.4,77.53900607770159,77.53900607770159,67,5.79,False,0.8204544703908607,-176.16511213387238,0.6167336819730069,head_interference
t2_20261002_082349,10,6.058,0.5650000000000004,67,14.636792452830191,38.4,71.54041278790892,71.54041278790892,67,5.79,False,0.7713670851785204,-182.88439601653744,0.6167336819730069,head_interference
t2_20261002_082349,10,6.087,0.5360000000000005,67,14.636792452830191,38.4,66.27692836125412,66.27692836125412,67,5.79,False,0.6777128378107791,-181.50024113742336,0.6167336819730069,head_interference
t2_20261002_082349,10,6.118,0.5049999999999999,67,14.636792452830191,38.4,80.12498844327042,80.12498844327042,67,5.79,False,0.38300804522458964,452.7036785794973,0.5662018405969675,head_interference
t2_20261002_082349,10,6.167,0.4560000000000004,67,14.636792452830191,38.4,71.86183961324512,71.86183961324512,67,5.79,True,0.21272275632968318,-165.60612855129202,0.5662018405969675,head_interference
t2_20261002_082349,10,6.19,0.43299999999999983,67,14.636792452830191,38.4,68.42051599481793,68.42051599481793,67,5.888888888888889,True,0.3412050050405777,-154.32837288394416,0.5662018405969675,head_interference
t2_20261002_082349,10,6.23,0.3929999999999998,67,14.636792452830191,38.4,60.14362867417047,60.14362867417047,67,6.555555555555555,True,0.38452860457287485,-204.8840758065217,0.5662018405969675,head_interference
t2_20261002_082349,10,6.276,0.3470000000000004,67,14.636792452830191,38.4,52.13323098291538,52.13323098291538,67,6.555555555555555,True,0.38452860457287485,-172.6408432751199,0.5662018405969675,head_interference
t2_20261002_082349,10,6.305,0.3180000000000005,67,14.636792452830191,38.4,45.21596875377998,45.21596875377998,67,7.166666666666667,True,0.3599849119667047,-241.87945851799526,0.5662018405969675,head_interference
t2_20261002_082349,10,6.326,0.2970000000000006,67,14.636792452830191,38.4,60.14836118617556,60.14836118617556,67,7.833333333333333,True,0.24793577400180045,713.9886546541062,0.49990227935907017,head_interference
t2_20261002_082349,10,6.359,0.26400000000000023,67,14.636792452830191,38.4,51.94757930700247,51.94757930700247,67,8.5,True,0.22339208139563027,-253.8975119669737,0.49990227935907017,head_interference
t2_20261002_082349,10,6.402,0.22100000000000009,67,14.636792452830191,38.4,41.458822484497425,41.458822484497425,67,8.5,True,0.22339208139563027,-253.8975119669737,0.49990227935907017,head_interference
t2_20261002_082349,10,6.424,0.19899999999999984,67,14.636792452830191,38.4,32.92426121263964,32.92426121263964,67,9.11111111111111,True,0.22339208139563027,-253.8975119669737,0.49990227935907017,head_interference
t2_20261002_082349,10,6.468,0.15500000000000025,67,14.636792452830191,38.4,23.742169279058224,23.742169279058224,67,9.777777777777779,True,0.22339208139563027,-253.8975119669737,0.49990227935907017,head_interference
t2_20261002_082349,10,6.486,0.13700000000000045,67,14.636792452830191,38.4,13.47563223051703,13.47563223051703,67,10.444444444444445,True,0.22339208139563027,-253.8975119669737,0.49990227935907017,head_interference
t2_20261002_082349,10,6.519,0.10400000000000009,67,14.636792452830191,38.4,28.266899491001134,28.266899491001134,67,11.11111111111111,True,0.22339208139563027,-253.8975119669737,0.49990227935907017,head_interference
t2_20261002_082349,10,6.552,0.07100000000000062,67,14.636792452830191,38.4,17.121709913790333,17.121709913790333,67,11.11111111111111,True,0.22339208139563027,-253.8975119669737,0.49990227935907017,head_interference
t2_20261002_082349,10,6.59,0.03300000000000036,67,14.636792452830191,38.4,8.57442533695374,8.57442533695374,67,11.722222222222221,True,0.22339208139563027,-253.8975119669737,0.49990227935907017,head_interference
t2_20261002_082349,10,6.623,0.0,67,14.636792452830191,38.4,-3.2817796434375293,-3.2817796434375293,67,12.38888888888889,True,0.22339208139563027,-253.8975119669737,0.49990227935907017,head_interference
t2_20261002_082349,11,1.979,1.9779999999999998,,14.5,,,391.7685338663817,471,5.79,False,,,,no_target
t2_20261002_082349,11,2.018,1.939,,14.5,,,383.7711892853828,471,5.79,False,,,,no_target
t2_20261002_082349,11,2.041,1.916,,14.5,,,375.7601288679799,471,5.79,False,,,,no_target
t2_20261002_082349,11,2.073,1.884,,14.5,,,368.18258043809413,471,5.79,False,,,,no_target
t2_20261002_082349,11,2.105,1.8519999999999999,,14.5,,,360.11512300673695,471,5.79,False,,,,no_target
t2_20261002_082349,11,2.153,1.8039999999999998,,14.5,,,348.52478976015163,471,5.79,False,,,,no_target
t2_20261002_082349,11,2.185,1.7719999999999998,,14.5,,,340.58023514254313,471,5.79,False,,,,no_target
t2_20261002_082349,11,2.217,1.7399999999999998,,14.5,,,332.6343469909177,471,5.79,False,,,,no_target
t2_20261002_082349,11,2.255,1.702,,14.5,,,324.8421009623772,471,5.79,False,,,,no_target
t2_20261002_082349,11,2.281,1.6759999999999997,,14.5,,,316.980516962016,471,5.79,False,,,,no_target
t2_20261002_082349,11,2.313,1.6439999999999997,,14.5,,,308.6381114856253,471,5.79,False,,,,no_target
t2_20261002_082349,11,2.344,1.613,,14.5,,,301.21355358697843,471,5.79,False,,,,no_target
t2_20261002_082349,11,2.378,1.5789999999999997,,14.5,,,294.4480648838978,471,5.79,False,,,,no_target
t2_20261002_082349,11,2.409,1.548,,14.5,,,288.11350846672167,471,5.79,False,,,,no_target
t2_20261002_082349,11,2.442,1.5149999999999997,,14.5,,,282.31197039552416,471,5.79,False,,,,no_target
t2_20261002_082349,11,2.474,1.4829999999999997,,14.5,,,277.24196856759136,471,5.79,False,,,,no_target
t2_20261002_082349,11,2.506,1.451,,14.5,,,272.6211403772395,471,5.79,False,,,,no_target
t2_20261002_082349,11,2.538,1.419,,14.5,,,267.334790215298,471,5.79,False,,,,no_target
t2_20261002_082349,11,2.581,1.376,,14.5,,,264.1480106317341,471,5.79,False,,,,no_target
t2_20261002_082349,11,2.602,1.355,,14.5,,,260.44675381998076,471,5.79,False,,,,no_target
t2_20261002_082349,11,2.657,1.2999999999999998,,14.5,,,257.57765568957467,471,5.79,False,,,,no_target
t2_20261002_082349,11,2.666,1.291,,14.5,,,257.0670492961047,471,5.79,False,,,,no_target
t2_20261002_082349,11,2.713,1.2439999999999998,,14.5,,,256.2890420507812,471,5.79,False,,,,no_target
t2_20261002_082349,11,2.745,1.2119999999999997,,14.5,,,255.50254328590802,471,5.79,False,,,,no_target
t2_20261002_082349,11,2.779,1.178,,14.5,,,255.36529790303274,471,5.79,False,,,,no_target
t2_20261002_082349,11,2.814,1.1429999999999998,,14.5,,,254.4446865925865,471,5.79,False,,,,no_target
t2_20261002_082349,11,2.842,1.1149999999999998,,14.5,,,253.56990767822765,471,5.79,False,,,,no_target
t2_20261002_082349,11,2.873,1.0839999999999996,,14.5,,,252.84176552949833,471,5.79,False,,,,no_target
t2_20261002_082349,11,2.905,1.052,,14.5,,,252.249165204083,471,5.79,False,,,,no_target
t2_20261002_082349,11,2.937,1.02,,14.5,,,251.7395243087887,471,5.79,False,,,,no_target
t2_20261002_082349,11,2.969,0.988,,14.5,,,251.3615900407774,471,5.79,False,,,,no_target
t2_20261002_082349,11,3.001,0.956,,14.5,,,251.09352849670296,471,5.79,False,,,,no_target
t2_20261002_082349,11,3.043,0.9139999999999997,,14.5,,,250.52810405042845,471,5.79,False,,,,no_target
t2_20261002_082349,11,3.067,0.8899999999999997,,14.5,,,250.36108216965096,471,5.79,False,,,,no_target
t2_20261002_082349,11,3.098,0.859,,14.5,,,250.11211030055176,471,5.79,False,,,,no_target
t2_20261002_082349,11,3.139,0.8180000000000001,,14.5,,,249.85689462225923,471,5.79,False,,,,no_target
t2_20261002_082349,11,3.161,0.7959999999999998,,14.5,,,249.61260560982225,471,5.79,False,,,,no_target
t2_20261002_082349,11,3.215,0.742,,14.5,,,249.23485518717797,471,5.79,False,,,,no_target
t2_20261002_082349,11,3.241,0.7159999999999997,,14.5,,,248.65517934653872,471,5.79,False,,,,no_target
t2_20261002_082349,11,3.273,0.6839999999999997,,14.5,,,248.54425580383526,471,5.79,False,,,,no_target
t2_20261002_082349,11,3.306,0.6509999999999998,,14.5,,,248.55534367609755,471,5.79,False,,,,no_target
t2_20261002_082349,11,3.337,0.6199999999999997,,14.5,,,248.68237807948879,471,5.79,False,,,,no_target
t2_20261002_082349,11,3.375,0.5819999999999999,,14.5,,,248.93490546306202,471,5.79,False,,,,no_target
t2_20261002_082349,11,3.401,0.556,,14.5,,,249.307039769774,471,5.79,False,,,,no_target
t2_20261002_082349,11,3.433,0.524,,14.5,,,249.80292881548695,471,5.79,False,,,,no_target
t2_20261002_082349,11,3.465,0.492,,14.5,,,234.17258856487632,161,5.79,False,,,,no_target
t2_20261002_082349,11,3.509,0.44799999999999995,,14.5,,,209.93379330335432,161,5.79,False,,,,no_target
t2_20261002_082349,11,3.531,0.4259999999999997,,14.5,,,198.23513760155808,161,5.79,False,,,,no_target
t2_20261002_082349,11,3.561,0.3959999999999999,,14.5,,,181.68607737721229,161,5.79,False,,,,no_target
t2_20261002_082349,11,3.593,0.3639999999999999,,14.5,,,164.92900932211703,161,5.79,False,,,,no_target
t2_20261002_082349,11,3.625,0.33199999999999985,,14.5,,,148.4303991076534,161,5.79,False,,,,no_target
t2_20261002_082349,11,3.659,0.29800000000000004,,14.5,,,131.66463893910824,161,5.79,False,,,,no_target
t2_20261002_082349,11,3.706,0.2509999999999999,,14.5,,,113.13270559992162,161,5.79,False,,,,no_target
t2_20261002_082349,11,3.739,0.21799999999999997,,14.5,,,96.8689858402945,161,5.79,False,,,,no_target
t2_20261002_082349,11,3.775,0.18199999999999994,,14.5,,,81.7857911570209,161,5.79,False,,,,no_target
t2_20261002_082349,11,3.8,0.15700000000000003,,14.5,,,66.5951584262754,161,5.79,False,,,,no_target
t2_20261002_082349,11,3.833,0.12399999999999967,,14.5,,,52.12661619685663,161,5.79,False,,,,no_target
t2_20261002_082349,11,3.865,0.09199999999999964,,14.5,,,33.65902599756985,161,5.79,False,,,,no_target
t2_20261002_082349,11,3.898,0.05899999999999972,,14.5,,,21.144725673206324,161,5.79,False,,,,no_target
t2_20261002_082349,11,3.936,0.020999999999999908,,14.5,,,8.345701597831159,161,5.79,False,,,,no_target
t2_20261002_082349,11,3.957,0.0,,14.5,,,0.8330229792223385,161,5.79,False,,,,no_target
t2_20261002_082349,12,13.659,1.984,52,14.5,44.3,171.88773179354956,171.88773179354956,52,14,True,0.048000257095941024,-463.8781417370484,0.08749519389607441,align
t2_20261002_082349,12,13.691,1.952,52,14.5,44.3,159.634051086052,159.634051086052,52,14,True,0.048000257095941024,-392.72810636492403,0.08749519389607441,align
t2_20261002_082349,12,13.723,1.92,52,14.5,44.3,181.0019069473015,181.0019069473015,52,14,True,0.07482503717314515,663.6548107607198,0.10412229616047064,align
t2_20261002_082349,12,13.755,1.888,52,14.5,44.3,168.45906775111308,168.45906775111308,52,14,True,0.05028134456697586,-385.9555827695225,0.10412229616047064,align
t2_20261002_082349,12,13.793,1.8500000000000014,52,14.5,44.3,156.04471626489743,156.04471626489743,52,14,True,0.07482503717314515,-325.8620694380101,0.10412229616047064,align
t2_20261002_082349,12,13.818,1.825000000000001,52,14.5,44.3,176.45169581076783,176.45169581076783,52,14,True,0.05779894107789474,821.9615661941149,0.12263518054223965,curve
t2_20261002_082349,12,13.85,1.793000000000001,52,14.5,44.3,164.16624924520386,164.16624924520386,52,14,True,0.0823426336840658,-385.103095076022,0.12263518054223965,curve
t2_20261002_082349,12,13.883,1.7600000000000016,52,14.5,44.3,151.7831927241728,151.7831927241728,52,14,True,0.0823426336840658,-370.7295842325203,0.12263518054223965,curve
t2_20261002_082349,12,13.929,1.7140000000000004,52,14.5,44.3,165.99287436349078,165.99287436349078,52,14,True,0.09579750585711366,315.5398929716062,0.14270064591474574,curve
t2_20261002_082349,12,13.969,1.6740000000000013,52,14.5,44.3,145.9511922191062,145.9511922191062,52,14,True,0.07125381325094438,-496.0742052484658,0.14270064591474574,curve
t2_20261002_082349,12,13.996,1.6470000000000002,52,14.5,44.3,136.11377490577905,136.11377490577905,52,14,True,0.07125381325094438,-365.7001045477807,0.14270064591474574,curve
t2_20261002_082349,12,14.037,1.6059999999999999,52,14.5,44.3,153.63871172733366,153.63871172733366,52,14,True,0.11581888965718612,428.9395026344232,0.1638205640075423,curve
t2_20261002_082349,12,14.058,1.5850000000000009,52,14.5,44.3,141.60079552672283,141.60079552672283,52,14,True,0.11581888965718612,-578.718060344285,0.1638205640075423,curve
t2_20261002_082349,12,14.09,1.5530000000000008,52,14.5,44.3,130.13994715960547,130.13994715960547,52,14,True,0.06673150444484577,-352.62059547144725,0.1638205640075423,curve
t2_20261002_082349,12,14.123,1.5200000000000014,52,14.5,44.3,146.1798132392779,146.1798132392779,52,14,True,0.1183707664397371,486.4882187887226,0.18530883290825306,curve
t2_20261002_082349,12,14.156,1.487,52,14.5,44.3,141.15829135499388,141.15829135499388,52,14,True,0.14291445904590638,-151.22928769458258,0.18530883290825306,curve
t2_20261002_082349,12,14.193,1.450000000000001,52,14.5,44.3,129.75739054196896,129.75739054196896,52,14,True,0.14291445904590638,-310.6134991584301,0.18530883290825306,curve
t2_20261002_082349,12,14.218,1.4250000000000007,52,14.5,44.3,119.27859718501702,119.27859718501702,52,14,True,0.06928338122739675,-427.6388534913645,0.18530883290825306,curve
t2_20261002_082349,12,14.251,1.3920000000000012,52,14.5,44.3,127.79971125288785,127.79971125288785,52,14,True,0.15287116761479247,255.35835417461195,0.2542213322948874,curve
t2_20261002_082349,12,14.283,1.3600000000000012,52,14.5,44.3,116.82924243315983,116.82924243315983,52,14,True,0.15287116761479247,-334.538235339275,0.2542213322948874,curve
t2_20261002_082349,12,14.317,1.3260000000000005,52,14.5,44.3,106.31592325414785,106.31592325414785,52,14,True,0.15287116761479247,-312.9762117699052,0.2542213322948874,curve
t2_20261002_082349,12,14.347,1.2960000000000012,52,14.5,44.3,102.09159567525707,102.09159567525707,52,14,True,0.10378378240245212,-139.010922407166,0.2542213322948874,curve
t2_20261002_082349,12,14.396,1.2469999999999999,52,14.5,44.3,108.39238927139057,108.39238927139057,52,14,True,0.17032086777659927,130.55449288022365,0.2763436159194983,curve
t2_20261002_082349,12,14.411,1.232000000000001,52,14.5,44.3,103.8609757132641,103.8609757132641,52,14,True,0.17032086777659927,-292.3509335386459,0.2763436159194983,curve
t2_20261002_082349,12,14.444,1.1989999999999998,52,14.5,44.3,90.35549561270311,90.35549561270311,52,14,True,0.17032086777659927,-406.7903585382669,0.2763436159194983,curve
t2_20261002_082349,12,14.476,1.1669999999999998,52,14.5,44.3,82.78538301950844,82.78538301950844,52,14,True,0.09668978995808786,-238.04783596218763,0.2763436159194983,curve
t2_20261002_082349,12,14.524,1.1190000000000015,52,14.5,44.3,86.82072183455192,86.82072183455192,52,14,True,0.09685773989025748,82.92881083770428,0.29444542983715793,curve
t2_20261002_082349,12,14.556,1.0870000000000015,52,14.5,44.3,85.74084481551132,85.74084481551132,52,14,True,0.0071390472349133205,-33.186724728784185,0.29444542983715793,curve
t2_20261002_082349,12,14.596,1.0470000000000006,52,14.5,44.3,81.6391364583801,81.6391364583801,52,14,True,0.05040441574676535,-103.76765403875761,0.29444542983715793,curve
t2_20261002_082349,12,14.619,1.024000000000001,52,14.5,44.3,77.21075635549319,77.21075635549319,52,14,True,0.1077892767610571,-195.80171115143892,0.29444542983715793,curve
t2_20261002_082349,12,14.651,0.9920000000000009,52,14.5,44.3,74.17902461148383,74.17902461148383,52,14,True,0.031682739841084384,-96.13111027542006,0.29444542983715793,curve
t2_20261002_082349,12,14.685,0.9580000000000002,52,14.5,44.3,74.44741307290046,74.44741307290046,52,14,True,0.09701726010974276,7.900196348443367,0.29444542983715793,curve
t2_20261002_082349,12,14.717,0.9260000000000002,52,14.5,44.3,76.58405768883567,76.58405768883567,52,14,True,0.043606413858856996,65.32393203557663,0.30693260512536336,curve
t2_20261002_082349,12,14.758,0.8850000000000016,52,14.5,44.3,75.80001771460654,75.80001771460654,52,14,True,0.043606413858856996,-19.257331879642685,0.30693260512536336,curve
t2_20261002_082349,12,14.778,0.8650000000000002,52,14.5,44.3,76.75698408891192,76.75698408891192,52,14,True,0.06815010646502628,47.984211981030505,0.30693260512536336,curve
t2_20261002_082349,12,14.81,0.8330000000000002,52,14.5,44.3,77.68557422961113,77.68557422961113,52,14,True,0.09369012104023255,28.871638496354056,0.3596364427665253,curve
t2_20261002_082349,12,14.842,0.8010000000000002,52,14.5,44.3,78.47292064255105,78.47292064255105,52,14,True,0.00723113026538158,24.789636489405922,0.46241799269585826,curve
t2_20261002_082349,12,14.878,0.7650000000000006,52,14.5,44.3,78.08707841822535,78.08707841822535,52,14,True,0.010309609686093069,-11.101002788599322,0.5116162221848786,curve
t2_20261002_082349,12,14.907,0.7360000000000007,52,14.5,44.3,76.55615941303672,76.55615941303672,52,14,True,0.10288310983064974,-51.37489222023824,0.5056478465683005,curve
t2_20261002_082349,12,14.94,0.7030000000000012,52,14.5,44.3,76.3483590689164,76.3483590689164,52,14,True,0.05733918026055562,-5.252768358001663,0.5483471655559109,curve
t2_20261002_082349,12,14.97,0.673,52,14.5,44.3,76.57646377196515,76.57646377196515,52,14,True,0.011178045935174907,5.81981355135363,0.5882028598421116,curve
t2_20261002_082349,12,15.019,0.6240000000000006,52,14.5,44.3,77.5137549723624,77.5137549723624,52,14,True,0.013392857275874803,20.00238209604205,0.5560758535335122,curve
t2_20261002_082349,12,15.051,0.5920000000000005,52,14.5,44.3,76.87610752692557,76.87610752692557,52,14,True,0.000685135963470529,-21.894203108195793,0.5067244564963431,curve
t2_20261002_082349,12,15.084,0.559000000000001,52,14.5,44.3,76.43680051685406,76.43680051685406,52,14,True,0.0450046005271183,-13.04338532418224,0.4850825255333091,curve
t2_20261002_082349,12,15.118,0.5250000000000004,52,14.5,44.3,74.81407956076508,74.81407956076508,52,14,True,0.014566700654924603,-48.33854423108111,0.460102957571515,curve
t2_20261002_082349,12,15.157,0.48600000000000065,52,14.5,44.3,74.55905722647866,74.55905722647866,52,14,True,0.005901197066716435,-5.622156383910986,0.432183397734907,curve
t2_20261002_082349,12,15.18,0.46300000000000097,52,14.5,44.3,73.72007773768318,73.72007773768318,52,14,True,0.032777081533321706,-36.2536767537717,0.40797963020179306,curve
t2_20261002_082349,12,15.211,0.4320000000000004,52,14.5,44.3,73.08803916664444,73.08803916664444,52,14,True,0.04315321580336118,-22.164995813669655,0.3760945815296548,head_interference
t2_20261002_082349,12,15.244,0.3990000000000009,52,14.5,44.3,72.36144525325672,72.36144525325672,52,14,True,0.05027095829655437,-20.848306563143975,0.34247921139799153,head_interference
t2_20261002_082349,12,15.275,0.3680000000000003,52,14.5,44.3,71.46336298566054,71.46336298566054,52,14,True,0.07857490959675673,-28.516759131791954,0.2638835119167755,head_interference
t2_20261002_082349,12,15.33,0.3130000000000006,52,14.5,44.3,70.67567604966557,70.67567604966557,52,14,True,0.07857490959675673,-28.516759131791954,0.2638835119167755,head_interference
t2_20261002_082349,12,15.371,0.27200000000000024,52,14.5,44.3,69.47276698706092,69.47276698706092,52,14,True,0.07857490959675673,-28.516759131791954,0.2638835119167755,head_interference
t2_20261002_082349,12,15.403,0.2400000000000002,52,14.5,44.3,69.722098373962,69.722098373962,52,14,True,0.07857490959675673,-28.516759131791954,0.2638835119167755,head_interference
t2_20261002_082349,12,15.438,0.20500000000000007,52,14.5,44.3,68.77278947746501,68.77278947746501,52,14,True,0.07857490959675673,-28.516759131791954,0.2638835119167755,head_interference
t2_20261002_082349,12,15.477,0.16600000000000037,52,14.5,44.3,66.93180373855725,66.93180373855725,52,14,True,0.07857490959675673,-28.516759131791954,0.2638835119167755,head_interference
t2_20261002_082349,12,15.499,0.14400000000000013,52,14.5,44.3,52.78356951439544,52.78356951439544,52,14,False,0.07857490959675673,-28.516759131791954,0.2638835119167755,head_interference
t2_20261002_082349,12,15.556,0.08700000000000152,52,14.5,44.3,32.40247042700325,32.40247042700325,52,13.833333333333334,False,0.07857490959675673,-28.516759131791954,0.2638835119167755,head_interference
t2_20261002_082349,12,15.578,0.06500000000000128,52,14.5,44.3,19.077712438863855,19.077712438863855,52,12.944444444444445,False,0.07857490959675673,-28.516759131791954,0.2638835119167755,head_interference
t2_20261002_082349,12,15.611,0.03200000000000003,52,14.5,44.3,5.798901640640182,5.798901640640182,52,12.11111111111111,False,0.07857490959675673,-28.516759131791954,0.2638835119167755,head_interference
t2_20261002_082349,12,15.643,0.0,52,14.5,44.3,-5.729565667774068,-5.729565667774068,52,12.11111111111111,False,0.07857490959675673,-28.516759131791954,0.2638835119167755,head_interference
t2_20261002_082349,13,8.349,1.987,,14.636792452830191,,,170.94753089657914,350,5.79,False,,,,no_target
t2_20261002_082349,13,8.38,1.9559999999999995,,14.636792452830191,,,168.3233802645895,350,5.79,False,,,,no_target
t2_20261002_082349,13,8.419,1.9169999999999998,,14.636792452830191,,,164.29053550016928,350,5.79,False,,,,no_target
t2_20261002_082349,13,8.442,1.8940000000000001,,14.636792452830191,,,159.5298438420034,350,5.79,False,,,,no_target
t2_20261002_082349,13,8.475,1.8610000000000007,,14.636792452830191,,,153.54849335376375,350,5.79,False,,,,no_target
t2_20261002_082349,13,8.508,1.8280000000000012,,14.636792452830191,,,148.3055205195794,350,5.79,False,,,,no_target
t2_20261002_082349,13,8.539,1.7970000000000006,,14.636792452830191,,,142.93399098941353,350,5.79,False,,,,no_target
t2_20261002_082349,13,8.578,1.758000000000001,,14.636792452830191,,,137.31067101252043,350,5.79,False,,,,no_target
t2_20261002_082349,13,8.603,1.7330000000000005,,14.636792452830191,,,130.81509057177715,350,5.79,False,,,,no_target
t2_20261002_082349,13,8.635,1.7010000000000005,,14.636792452830191,,,125.42310186418545,350,5.79,False,,,,no_target
t2_20261002_082349,13,8.668,1.668000000000001,,14.636792452830191,,,120.14777397836805,350,5.79,False,,,,no_target
t2_20261002_082349,13,8.715,1.6210000000000004,,14.636792452830191,,,112.19019197912718,350,5.79,False,,,,no_target
t2_20261002_082349,13,8.748,1.588000000000001,,14.636792452830191,,,107.04760747447963,350,5.79,False,,,,no_target
t2_20261002_082349,13,8.78,1.556000000000001,,14.636792452830191,,,101.8563171713354,350,5.79,False,,,,no_target
t2_20261002_082349,13,8.811,1.5250000000000004,,14.636792452830191,,,96.84735783019495,350,5.79,False,,,,no_target
t2_20261002_082349,13,8.843,1.4930000000000003,,14.636792452830191,,,92.76849767196698,350,5.79,False,,,,no_target
t2_20261002_082349,13,8.875,1.4610000000000003,,14.636792452830191,,,87.78485306596812,350,5.79,False,,,,no_target
t2_20261002_082349,13,8.928,1.4079999999999995,,14.636792452830191,,,79.61646238610588,350,5.79,False,,,,no_target
t2_20261002_082349,13,8.978,1.3580000000000005,,14.636792452830191,,,74.52008301984888,350,5.79,False,,,,no_target
t2_20261002_082349,13,9.003,1.3330000000000002,,14.636792452830191,,,69.98220740776986,350,5.79,False,,,,no_target
t2_20261002_082349,13,9.035,1.3010000000000002,,14.636792452830191,,,65.75089472328047,350,5.79,False,,,,no_target
t2_20261002_082349,13,9.068,1.2680000000000007,,14.636792452830191,,,61.598763291223804,350,5.79,False,,,,no_target
t2_20261002_082349,13,9.102,1.234,,14.636792452830191,,,57.31100537872577,350,5.79,False,,,,no_target
t2_20261002_082349,13,9.136,1.200000000000001,,14.636792452830191,,,53.523280926714946,350,5.79,False,,,,no_target
t2_20261002_082349,13,9.163,1.173,,14.636792452830191,,,78.21747671863196,350,5.79,False,,,,no_target
t2_20261002_082349,13,9.195,1.141,,14.636792452830191,,,76.56696112008078,350,5.79,False,,,,no_target
t2_20261002_082349,13,9.228,1.1080000000000005,,14.636792452830191,,,75.20944394039195,350,5.79,False,,,,no_target
t2_20261002_082349,13,9.275,1.061,,14.636792452830191,,,73.76035762075811,350,5.79,False,,,,no_target
t2_20261002_082349,13,9.307,1.029,,14.636792452830191,,,73.77753252342275,350,5.79,False,,,,no_target
t2_20261002_082349,13,9.34,0.9960000000000004,,14.636792452830191,,,73.6063918792638,350,5.79,False,,,,no_target
t2_20261002_082349,13,9.377,0.9589999999999996,,14.636792452830191,,,73.76754840045592,350,5.79,False,,,,no_target
t2_20261002_082349,13,9.424,0.9120000000000008,,14.636792452830191,,,116.70050838863706,350,5.79,False,,,,no_target
t2_20261002_082349,13,9.467,0.8689999999999998,,14.636792452830191,,,118.03253222574956,350,5.79,False,,,,no_target
t2_20261002_082349,13,9.502,0.8339999999999996,,14.636792452830191,,,119.35324485527205,350,5.79,False,,,,no_target
t2_20261002_082349,13,9.538,0.798,,14.636792452830191,,,119.86404097690463,350,5.79,False,,,,no_target
t2_20261002_082349,13,9.563,0.7729999999999997,,14.636792452830191,,,121.52565857241443,350,5.79,False,,,,no_target
t2_20261002_082349,13,9.595,0.7409999999999997,,14.636792452830191,,,155.0706436165328,350,5.79,False,,,,no_target
t2_20261002_082349,13,9.627,0.7089999999999996,,14.636792452830191,,,150.26140931419087,350,5.79,False,,,,no_target
t2_20261002_082349,13,9.66,0.6760000000000002,,14.636792452830191,,,145.1525836568136,350,5.79,False,,,,no_target
t2_20261002_082349,13,9.696,0.6400000000000006,,14.636792452830191,,,139.68994871793575,350,5.79,False,,,,no_target
t2_20261002_082349,13,9.723,0.6129999999999995,,14.636792452830191,,,133.03995080030626,350,5.79,False,,,,no_target
t2_20261002_082349,13,9.756,0.5800000000000001,,14.636792452830191,,,127.30615154416803,350,5.79,False,,,,no_target
t2_20261002_082349,13,9.803,0.5329999999999995,,14.636792452830191,,,120.46959088459165,350,5.79,False,,,,no_target
t2_20261002_082349,13,9.836,0.5,,14.636792452830191,,,114.40433430227388,350,5.79,False,,,,no_target
t2_20261002_082349,13,9.867,0.4689999999999994,,14.636792452830191,,,109.00462845463534,350,5.79,False,,,,no_target
t2_20261002_082349,13,9.9,0.43599999999999994,,14.636792452830191,,,100.38574381483804,350,5.79,False,,,,no_target
t2_20261002_082349,13,9.937,0.3990000000000009,,14.636792452830191,,,91.80379396484405,350,5.79,False,,,,no_target
t2_20261002_082349,13,9.958,0.3780000000000001,,14.636792452830191,,,84.41830673124956,350,5.79,False,,,,no_target
t2_20261002_082349,13,9.996,0.33999999999999986,,14.636792452830191,,,74.72044426061592,350,5.79,False,,,,no_target
t2_20261002_082349,13,10.028,0.30799999999999983,,14.636792452830191,,,65.20970072589527,350,5.79,False,,,,no_target
t2_20261002_082349,13,10.06,0.2759999999999998,,14.636792452830191,,,55.11300361247507,350,5.79,False,,,,no_target
t2_20261002_082349,13,10.096,0.2400000000000002,,14.636792452830191,,,45.65376849823292,350,5.79,False,,,,no_target
t2_20261002_082349,13,10.124,0.21199999999999974,,14.636792452830191,,,36.409146312680676,350,5.79,False,,,,no_target
t2_20261002_082349,13,10.155,0.18100000000000094,,14.636792452830191,,,31.668600024816612,350,5.79,False,,,,no_target
t2_20261002_082349,13,10.188,0.1479999999999997,,14.636792452830191,,,25.916156069522145,350,5.79,False,,,,no_target
t2_20261002_082349,13,10.221,0.11500000000000021,,14.636792452830191,,,20.002428888833876,350,5.79,False,,,,no_target
t2_20261002_082349,13,10.258,0.07800000000000118,,14.636792452830191,,,16.224461718239738,350,5.79,False,,,,no_target
t2_20261002_082349,13,10.284,0.0519999999999996,,14.636792452830191,,,10.163789836367298,350,5.79,False,,,,no_target
t2_20261002_082349,13,10.336,0.0,,14.636792452830191,,,1.7150323088294268,350,5.79,False,,,,no_target
t2_20261002_082349,14,2.413,1.9689999999999999,227,14.5,33.1,639.678511396767,418.0093353732327,113,5.79,False,1.4512827102177646,-182.28265847530795,3.3308520661536325,curve
t2_20261002_082349,14,2.446,1.9359999999999995,227,14.5,33.1,633.9201961541465,408.68088943817116,113,5.79,False,1.4758264028239338,-172.40475054620816,3.3308520661536325,curve
t2_20261002_082349,14,2.479,1.9029999999999996,227,14.5,33.2,629.9450224398468,400.7988203533121,113,5.79,False,1.466359580703232,-123.36307120813099,3.329843327650662,curve
t2_20261002_082349,14,2.516,1.8659999999999997,227,14.5,33.2,624.0699215895477,392.9537850867984,113,5.79,False,1.466359580703232,-157.08887199773665,3.329843327650662,curve
t2_20261002_082349,14,2.533,1.8489999999999998,227,14.5,33.2,620.1063458645607,387.65869741151215,113,5.79,False,1.466359580703232,-244.6661360925666,3.329843327650662,curve
t2_20261002_082349,14,2.574,1.8079999999999998,227,14.5,33.2,614.2594845901012,378.4938845824861,113,5.79,False,1.5054673189269465,-141.52798240213366,3.3235737305243527,curve
t2_20261002_082349,14,2.606,1.7759999999999998,227,14.5,33.2,608.6527308721635,371.3929277953358,113,5.79,False,1.5300110115331167,-172.5152346976812,3.3235737305243527,curve
t2_20261002_082349,14,2.639,1.7429999999999999,227,14.5,33.2,602.9098665794595,364.19617928149063,113,5.79,False,1.5300110115331167,-172.4581407856087,3.3235737305243527,curve
t2_20261002_082349,14,2.674,1.7079999999999997,227,14.5,33.2,598.9333383257934,356.68806591118187,113,5.79,False,1.5443291704913165,-114.31584630898283,3.421547644439621,curve
t2_20261002_082349,14,2.702,1.6799999999999997,227,14.5,33.2,593.4762913446136,349.80706398619344,113,5.79,False,1.5688728630974875,-192.82723753440436,3.421547644439621,curve
t2_20261002_082349,14,2.734,1.6479999999999997,227,14.5,33.2,587.6527029314375,342.52982474156244,113,5.79,False,1.5688728630974875,-186.65230081830754,3.421547644439621,curve
t2_20261002_082349,14,2.766,1.6159999999999997,227,14.5,33.4,583.7819971135121,335.4325143973471,113,5.79,False,1.4270033778482318,-118.78549294799187,3.4454008169936157,curve
t2_20261002_082349,14,2.799,1.5829999999999997,227,14.5,33.4,578.2418386564825,327.8490233445338,113,5.79,False,1.4270033778482318,-167.88196965937559,3.4454008169936157,curve
t2_20261002_082349,14,2.837,1.5449999999999995,227,14.5,33.4,572.4589862149069,320.1885598511243,113,5.79,False,1.4270033778482318,-150.9888480304656,3.4454008169936157,curve
t2_20261002_082349,14,2.878,1.5039999999999996,227,14.5,33.5,565.3781212403787,306.5552169779953,113,5.79,False,1.4391665317677145,-173.539042759183,3.4274850273128417,curve
t2_20261002_082349,14,2.915,1.4669999999999996,227,14.5,33.5,559.7159363222812,298.39474173321724,113,5.79,False,1.4391665317677145,-150.19138994499735,3.4274850273128417,curve
t2_20261002_082349,14,2.947,1.4349999999999996,227,14.5,33.5,552.9164936429188,288.1811340961139,113,5.79,False,1.4391665317677145,-214.49464416907307,3.4274850273128417,curve
t2_20261002_082349,14,2.974,1.4079999999999995,227,14.5,33.7,549.7927230592188,281.0844734027679,113,5.79,False,1.500332437544298,-117.22255984898173,3.5467325734226476,curve
t2_20261002_082349,14,3.007,1.3749999999999996,227,14.636792452830191,33.7,542.6780262765437,271.65013987518097,113,5.79,False,1.500332437544298,-217.57864912732364,3.5467325734226476,curve
t2_20261002_082349,14,3.039,1.3429999999999995,227,14.636792452830191,33.7,537.0665840250862,263.44402835470095,113,5.79,False,1.4757887449381286,-175.90916343013487,3.5467325734226476,curve
t2_20261002_082349,14,3.077,1.3049999999999997,227,14.636792452830191,33.8,532.9128508057145,254.2078623893485,113,5.79,False,1.5371779888217816,-107.84786005024779,3.5239288784029132,curve
t2_20261002_082349,14,3.101,1.2809999999999997,227,14.636792452830191,33.8,527.3735240579831,245.34828119397977,113,5.79,False,1.5371779888217816,-233.72284064148724,3.5239288784029132,curve
t2_20261002_082349,14,3.134,1.2479999999999998,227,14.636792452830191,33.8,521.5510715843025,236.10737113941858,113,5.79,False,1.5371779888217816,-175.90181775182484,3.5239288784029132,curve
t2_20261002_082349,14,3.167,1.2149999999999999,227,14.636792452830191,33.8,517.5829016831999,226.41996219906898,113,5.79,False,1.3956814735594705,-120.11961458270785,3.5425129707574126,curve
t2_20261002_082349,14,3.198,1.1839999999999997,227,14.636792452830191,33.8,512.0731227636431,217.78118423465855,113,5.79,False,1.3956814735594705,-174.2235275328896,3.5425129707574126,head_interference
t2_20261002_082349,14,3.238,1.1439999999999997,227,14.636792452830191,33.8,506.24936242388566,208.95756168800165,113,5.79,False,1.4202251661656398,-145.85243988080845,3.5425129707574126,head_interference
t2_20261002_082349,14,3.262,1.1199999999999997,227,14.636792452830191,33.8,503.5545874572096,201.62213802993526,113,5.79,False,1.454816452572885,-113.74332204947093,3.60488871608212,head_interference
t2_20261002_082349,14,3.294,1.0879999999999996,227,14.636792452830191,33.8,497.8804508592563,193.47915552265226,113,5.79,False,1.4057290673605447,-180.70726576434973,3.60488871608212,head_interference
t2_20261002_082349,14,3.327,1.0549999999999997,227,14.636792452830191,33.8,492.00025618113955,185.24784804320768,113,5.79,False,1.430272759966714,-173.4591694286203,3.60488871608212,head_interference
t2_20261002_082349,14,3.358,1.0239999999999996,227,14.636792452830191,33.8,487.92105229945787,176.59948009134297,113,5.79,False,1.465167076332433,-131.5226328926743,3.5775810312467846,head_interference
t2_20261002_082349,14,3.414,0.9679999999999995,227,14.636792452830191,33.8,478.0339328362504,166.06579697080312,113,5.79,False,1.4406233837262619,-176.86771409899836,3.5775810312467846,head_interference
t2_20261002_082349,14,3.439,0.9429999999999996,227,14.636792452830191,33.8,475.37800868619536,161.9540144168271,113,5.79,False,1.5006936282579861,-107.81234182881761,3.5492197393306277,head_interference
t2_20261002_082349,14,3.476,0.9059999999999997,227,14.636792452830191,33.8,469.7536683394695,157.02246703979512,113,5.79,False,1.5006936282579861,-148.3989502492068,3.5492197393306277,head_interference
t2_20261002_082349,14,3.503,0.8789999999999996,227,14.636792452830191,33.8,465.06832312835274,152.38089837165907,113,5.79,False,1.5006936282579861,-179.5144681702022,3.5492197393306277,head_interference
t2_20261002_082349,14,3.534,0.8479999999999999,227,14.636792452830191,33.8,461.18139692689886,146.8983640317344,113,5.79,False,1.512683605906382,-127.5754155735337,3.5200692443955828,head_interference
t2_20261002_082349,14,3.567,0.8149999999999995,227,14.636792452830191,33.8,455.56552481981157,141.3273434568805,113,5.79,False,1.512683605906382,-169.1507556647102,3.5200692443955828,head_interference
t2_20261002_082349,14,3.599,0.7829999999999995,227,14.636792452830191,33.8,449.9738464946513,135.77368009355047,113,5.79,False,1.3591442536304754,-174.71352716676734,3.5903639983770317,head_interference
t2_20261002_082349,14,3.635,0.7469999999999999,227,14.636792452830191,33.8,444.32914934716376,130.1451067584287,113,5.79,False,1.3591442536304754,-153.7631401208121,3.5903639983770317,head_interference
t2_20261002_082349,14,3.661,0.7209999999999996,227,14.636792452830191,33.8,440.0644290772432,124.5130158633038,113,5.79,False,1.392155656427967,-167.93958876059574,3.5674351661989445,head_interference
t2_20261002_082349,14,3.694,0.6879999999999997,227,14.636792452830191,33.8,434.1914542121252,118.62908006855018,113,5.79,False,1.3676119638217976,-173.75733213306606,3.5674351661989445,head_interference
t2_20261002_082349,14,3.727,0.6549999999999998,227,14.636792452830191,33.8,428.7903275488035,111.92236802188573,113,5.79,False,1.4258031669789846,-165.80291687372764,3.543327798725472,head_interference
t2_20261002_082349,14,3.759,0.6229999999999998,227,14.636792452830191,33.8,423.13040491820584,106.21113294834116,113,5.79,False,1.4258031669789846,-177.98731984351656,3.543327798725472,head_interference
t2_20261002_082349,14,3.794,0.5879999999999996,227,14.636792452830191,33.8,417.7343144908342,100.78511403060342,113,5.79,False,1.4012594743728144,-152.43422069827753,3.543327798725472,head_interference
t2_20261002_082349,14,3.822,0.5599999999999996,227,14.636792452830191,33.8,413.26733581210107,94.88188823928775,113,5.79,False,1.435890319146555,-162.845500263511,3.518306512938159,head_interference
t2_20261002_082349,14,3.853,0.5289999999999995,227,14.636792452830191,33.8,407.85060095752885,89.42052065566658,113,5.79,False,1.435890319146555,-173.05555595153888,3.518306512938159,head_interference
t2_20261002_082349,14,3.889,0.4929999999999999,227,14.636792452830191,33.8,401.75530126565053,83.0196367322109,113,5.79,False,1.435890319146555,-170.73357124868764,3.518306512938159,head_interference
t2_20261002_082349,14,3.933,0.44899999999999984,227,14.636792452830191,33.8,395.23277720651373,75.06141081264481,113,5.79,False,1.4964457074352726,-146.38390884761748,3.6084316181078964,head_interference
t2_20261002_082349,14,3.968,0.4139999999999997,227,14.636792452830191,33.8,390.3952598221855,70.18451386441365,113,5.79,False,1.4719020148291015,-140.21691061294837,3.6084316181078964,head_interference
t2_20261002_082349,14,3.998,0.38399999999999945,227,14.636792452830191,33.8,385.0386088746049,64.75757289593363,113,5.79,False,1.4719020148291015,-175.6260814760138,3.6084316181078964,head_interference
t2_20261002_082349,14,4.039,0.34299999999999997,227,14.636792452830191,33.8,380.80836351188054,59.14328785376202,113,5.79,False,1.350357651848384,-105.24943618079541,3.582499513322456,head_interference
t2_20261002_082349,14,4.07,0.3119999999999994,227,14.636792452830191,33.8,373.6822155756452,51.67791770908295,113,5.79,False,1.3258139592422147,-226.2327867530168,3.582499513322456,head_interference
t2_20261002_082349,14,4.093,0.2889999999999997,227,14.636792452830191,33.8,369.53789540092083,47.50812592174533,113,5.79,False,1.350357651848384,-180.9792028902688,3.582499513322456,head_interference
t2_20261002_082349,14,4.125,0.2569999999999997,227,14.636792452830191,33.8,365.10314206816776,41.913301724543416,113,5.79,False,1.3830300952082588,-135.58326785395872,3.663318838814106,head_interference
t2_20261002_082349,14,4.159,0.22299999999999986,227,14.636792452830191,33.8,359.45864212943104,36.208041593693125,113,5.79,False,1.3339427099959202,-167.49712833142627,3.663318838814106,head_interference
t2_20261002_082349,14,4.194,0.18799999999999972,227,14.636792452830191,33.8,353.20336812301304,29.77604448107762,113,5.79,False,1.3339427099959202,-178.2225277488767,3.663318838814106,body_interference
t2_20261002_082349,14,4.221,0.1609999999999996,227,14.636792452830191,33.8,348.91174111443917,24.137796481768973,113,5.79,False,1.3679009051229194,-160.62319357717007,3.6371455876564207,body_interference
t2_20261002_082349,14,4.254,0.1280000000000001,227,14.636792452830191,33.8,343.2638427820206,18.362636668691053,113,5.79,False,1.3924445977290887,-173.25193166840128,3.6371455876564207,body_interference
t2_20261002_082349,14,4.286,0.09600000000000009,227,14.636792452830191,33.8,337.7790545741238,14.170029286625647,113,5.79,False,1.3924445977290887,-166.20920734205222,3.6371455876564207,body_interference
t2_20261002_082349,14,4.337,0.04499999999999993,227,14.636792452830191,33.8,330.258994051305,5.027791385567893,113,5.79,False,1.3924445977290887,-166.20920734205222,3.6371455876564207,body_interference
t2_20261002_082349,14,4.349,0.032999999999999474,227,14.636792452830191,33.8,328.0201440683173,2.719484545653051,113,5.79,False,1.3924445977290887,-166.20920734205222,3.6371455876564207,body_interference
t2_20261002_082349,14,4.382,0.0,227,14.636792452830191,33.8,322.37652953403057,-3.1545966786508988,113,5.79,False,1.3924445977290887,-166.20920734205222,3.6371455876564207,body_interference
t2_20261002_082349,15,25.006,1.9839999999999982,178,14.5,19.4,451.5672353433455,451.5672353433455,178,14,True,0.0616071293861471,-466.2396525144373,0.11147285857906564,curve
t2_20261002_082349,15,25.048,1.9420000000000002,178,14.5,19.4,437.4065588913101,437.4065588913101,178,14,True,0.08615082199231772,-342.0452169379985,0.11147285857906564,curve
t2_20261002_082349,15,25.071,1.918999999999997,178,14.5,19.4,464.59307398562686,464.59307398562686,178,14,True,0.09946711186472434,1170.5903960363726,0.09407495075074568,align
t2_20261002_082349,15,25.102,1.8879999999999981,178,14.5,19.4,451.06525925105956,451.06525925105956,178,14,True,0.09946711186472434,-437.7944083025075,0.09407495075074568,align
t2_20261002_082349,15,25.142,1.847999999999999,178,14.5,19.4,434.5037917600665,434.5037917600665,178,14,True,0.09946711186472434,-407.91933148407423,0.09407495075074568,align
t2_20261002_082349,15,25.172,1.8179999999999978,178,14.5,19.4,420.95548370215556,420.95548370215556,178,14,True,0.07492341925855417,-457.7144345420126,0.09407495075074568,align
t2_20261002_082349,15,25.201,1.788999999999998,178,14.5,19.4,452.16973896366443,452.16973896366443,178,14,True,0.13633801112814714,1069.873509806927,0.05856308234508312,align
t2_20261002_082349,15,25.248,1.7419999999999973,178,14.5,19.4,431.2484912482715,431.2484912482715,178,14,True,0.13633801112814714,-444.193324926034,0.05856308234508312,align
t2_20261002_082349,15,25.279,1.7109999999999985,178,14.5,19.4,415.2068775046084,415.2068775046084,178,14,True,0.13633801112814714,-532.9513426147639,0.05856308234508312,align
t2_20261002_082349,15,25.311,1.6789999999999985,178,14.5,19.4,401.3904366000565,401.3904366000565,178,14,True,0.01855568133050145,-434.4797774586971,0.05856308234508312,align
t2_20261002_082349,15,25.342,1.6479999999999997,178,14.5,19.4,428.36998238420716,416.47605312600007,374,14,True,0.10474365001292973,845.037050803737,0.05865289798439299,align
t2_20261002_082349,15,25.375,1.6149999999999984,178,14.5,19.4,414.058996866758,395.55728218215467,374,14,True,0.10474365001292973,-432.3485660941819,0.05865289798439299,align
t2_20261002_082349,15,25.406,1.5839999999999996,178,14.5,19.4,400.3809675194018,374.85973934520626,374,14,True,0.10474365001292973,-442.64771063966043,0.05865289798439299,align
t2_20261002_082349,15,25.456,1.533999999999999,178,14.5,19.4,385.8045675834857,352.77799165995293,374,14,True,0.10474365001292973,-293.8740900982927,0.05865289798439299,align
t2_20261002_082349,15,25.47,1.5199999999999996,178,14.5,19.4,374.7929622527967,333.31585969496194,374,14,True,0.10474365001292973,-759.4140673164635,0.05865289798439299,align
t2_20261002_082349,15,25.502,1.4879999999999995,178,14.5,19.4,361.0543645086499,313.69365939809495,374,14,True,0.10474365001292973,-430.668949581724,0.05865289798439299,align
t2_20261002_082349,15,25.535,1.4549999999999983,178,14.5,19.4,388.0742999393015,295.09306387583456,374,14,True,0.09402013155075295,819.968985563078,0.10367099484786824,align
t2_20261002_082349,15,25.567,1.4229999999999983,178,14.5,19.4,372.0189915809371,274.8345915388806,374,14,True,0.09402013155075295,-504.87935140348884,0.10367099484786824,align
t2_20261002_082349,15,25.618,1.3719999999999999,178,14.5,19.4,358.3015978605726,256.7206723021302,374,14,True,0.09402013155075295,-269.49314635754854,0.10367099484786824,align
t2_20261002_082349,15,25.648,1.3419999999999987,178,14.5,19.4,341.06743049073873,234.44290273442698,374,14,True,0.09402013155075295,-576.3848418082291,0.10367099484786824,align
t2_20261002_082349,15,25.664,1.325999999999997,178,14.5,19.4,334.36788711698597,226.0406551118238,374,14,True,0.06947643894458233,-401.16472646693995,0.10367099484786824,align
t2_20261002_082349,15,25.695,1.2949999999999982,178,14.5,19.4,323.0240111513657,209.77252064860681,374,14,True,0.06947643894458233,-370.7085617532821,0.10367099484786824,head_interference
t2_20261002_082349,15,25.729,1.2609999999999992,178,14.5,19.4,309.3785296963753,197.4949796374112,374,14,True,0.09402013155075295,-406.1087057788944,0.10367099484786824,head_interference
t2_20261002_082349,15,25.777,1.2129999999999974,178,14.5,19.4,329.2027139234281,183.3902691925272,374,14,True,0.08472346103688588,413.72336028083873,0.1712778605516494,head_interference
t2_20261002_082349,15,25.813,1.1769999999999996,178,14.5,19.4,308.00420951675386,163.48919564192045,374,14,True,0.08472346103688588,-590.476083321369,0.1712778605516494,head_interference
t2_20261002_082349,15,25.846,1.1439999999999984,178,14.5,19.4,295.12022379806973,160.3757447431925,374,14,True,0.1092671536430565,-381.1737008750954,0.1712778605516494,head_interference
t2_20261002_082349,15,25.87,1.1199999999999974,178,14.5,19.4,281.4832804392497,161.37206301760034,374,14,True,0.06017976843071571,-587.7862630986061,0.1712778605516494,head_interference
t2_20261002_082349,15,25.903,1.0869999999999997,178,14.5,19.4,267.52514366055266,167.5196842820379,374,14,True,0.06017976843071571,-421.6866902164249,0.1712778605516494,head_interference
t2_20261002_082349,15,25.936,1.0539999999999985,178,14.5,19.4,253.58822957916948,174.89388625830554,374,14,True,0.06017976843071571,-423.6042177646283,0.1712778605516494,head_interference
t2_20261002_082349,15,25.972,1.0179999999999971,178,14.5,19.4,240.1145447087462,182.88552391961747,374,14,True,0.06017976843071571,-372.1919390426986,0.1712778605516494,head_interference
t2_20261002_082349,15,26.004,0.9859999999999971,178,14.5,19.4,267.07672712956537,191.8164692579936,374,14,True,0.1274239023290491,844.2611054051703,0.21356619292398182,head_interference
t2_20261002_082349,15,26.03,0.9599999999999973,178,14.5,19.4,253.300675427722,201.1872013915581,374,14,True,0.10288020972287892,-521.8094907188395,0.21356619292398182,curve
t2_20261002_082349,15,26.062,0.9279999999999973,178,14.5,19.4,239.09664123183566,210.33942108578816,374,14,True,0.10288020972287892,-446.66189524744914,0.21356619292398182,curve
t2_20261002_082349,15,26.094,0.8959999999999972,178,14.5,19.4,225.2539422778423,220.4074204694995,374,14,True,0.07833651711670875,-431.22742777285333,0.21356619292398182,curve
t2_20261002_082349,15,26.152,0.8379999999999974,178,14.5,19.4,201.29172474903876,201.29172474903876,178,14,True,0.07833651711670875,-415.2792852045704,0.21356619292398182,curve
t2_20261002_082349,15,26.191,0.7989999999999995,178,14.5,19.4,194.95766562600912,194.95766562600912,178,14,True,0.07833651711670875,-162.40402752105138,0.21356619292398182,curve
t2_20261002_082349,15,26.222,0.7679999999999971,178,14.5,19.4,221.9526890479009,221.9526890479009,178,14,True,0.16773746857322624,848.8293364289634,0.22812294310077563,curve
t2_20261002_082349,15,26.254,0.7359999999999971,178,14.5,19.4,197.25474678120472,197.25474678120472,178,14,True,0.1186500833608859,-779.1030049693718,0.22812294310077563,curve
t2_20261002_082349,15,26.288,0.7019999999999982,178,14.5,19.4,183.19748749919802,183.19748749919802,178,14,True,0.1186500833608859,-413.44032734347996,0.22812294310077563,curve
t2_20261002_082349,15,26.334,0.6559999999999988,178,14.5,19.4,163.58185686743215,163.58185686743215,178,14,True,0.09410639075471572,-429.2164476394337,0.22812294310077563,curve
t2_20261002_082349,15,26.366,0.6239999999999988,178,14.5,19.4,149.85988216042458,149.85988216042458,178,14,True,0.09410639075471572,-420.9086706602985,0.22812294310077563,curve
t2_20261002_082349,15,26.424,0.565999999999999,178,14.5,19.4,136.36696981858032,136.36696981858032,178,14,True,0.09410639075471572,-236.29610665970196,0.22812294310077563,curve
t2_20261002_082349,15,26.462,0.5279999999999987,178,14.5,19.4,154.10714173920869,154.10714173920869,178,14,True,0.17163221851626576,458.6213443132998,0.22070411359299102,curve
t2_20261002_082349,15,26.498,0.49199999999999733,178,14.5,19.4,139.19297120755513,139.19297120755513,178,14,True,0.17163221851626576,-411.96712701874753,0.22070411359299102,curve
t2_20261002_082349,15,26.527,0.4629999999999974,178,14.5,19.4,122.36705619597268,122.36705619597268,178,14,True,0.17163221851626576,-590.3363790460453,0.22070411359299102,curve
t2_20261002_082349,15,26.566,0.4239999999999995,178,14.5,19.4,108.82652458485734,108.82652458485734,178,14,True,0.12254483330392496,-347.1639425771025,0.22070411359299102,curve
t2_20261002_082349,15,26.591,0.39899999999999736,178,14.5,19.4,95.31998132131719,95.31998132131719,178,14,True,0.12254483330392496,-347.1639425771025,0.22070411359299102,curve
t2_20261002_082349,15,26.623,0.36699999999999733,178,14.5,19.4,81.93235022566873,81.93235022566873,178,14,True,0.12254483330392496,-347.1639425771025,0.22070411359299102,curve
t2_20261002_082349,15,26.655,0.3349999999999973,178,14.5,19.4,75.39704348079539,75.39704348079539,178,14,True,0.12254483330392496,-347.1639425771025,0.22070411359299102,curve
t2_20261002_082349,15,26.688,0.3019999999999996,178,14.5,19.4,102.04672541323006,102.04672541323006,178,14,True,0.12254483330392496,-347.1639425771025,0.22070411359299102,curve
t2_20261002_082349,15,26.718,0.27199999999999847,178,14.5,19.4,81.7575423271162,81.7575423271162,178,14,True,0.12254483330392496,-347.1639425771025,0.22070411359299102,curve
t2_20261002_082349,15,26.75,0.23999999999999844,178,14.5,19.4,67.52785287071657,67.52785287071657,178,14,True,0.12254483330392496,-347.1639425771025,0.22070411359299102,curve
t2_20261002_082349,15,26.782,0.2079999999999984,178,14.5,19.4,53.78616790424496,53.78616790424496,178,14,True,0.12254483330392496,-347.1639425771025,0.22070411359299102,curve
t2_20261002_082349,15,26.817,0.17299999999999827,178,14.5,19.4,39.072008914309826,39.072008914309826,178,14,True,0.12254483330392496,-347.1639425771025,0.22070411359299102,curve
t2_20261002_082349,15,26.862,0.1280000000000001,178,14.5,19.4,26.667400639891895,26.667400639891895,178,14,True,0.12254483330392496,-347.1639425771025,0.22070411359299102,curve
t2_20261002_082349,15,26.903,0.08699999999999974,178,14.5,19.4,9.950732223290181,9.950732223290181,178,14,True,0.12254483330392496,-347.1639425771025,0.22070411359299102,curve
t2_20261002_082349,15,26.931,0.0589999999999975,178,14.5,19.4,33.74324777075528,33.74324777075528,178,14,True,0.12254483330392496,-347.1639425771025,0.22070411359299102,curve
t2_20261002_082349,15,26.964,0.0259999999999998,178,14.5,19.4,20.630107708924783,20.630107708924783,178,14,True,0.12254483330392496,-347.1639425771025,0.22070411359299102,curve
t2_20261002_082349,15,26.99,0.0,178,14.5,19.4,6.528586799515232,6.528586799515232,178,14,True,0.12254483330392496,-347.1639425771025,0.22070411359299102,curve
t2_20261002_082349,16,11.313,1.9819999999999993,380,14.5,19.8,311.45878506269116,311.45878506269116,380,5.777777777777778,False,1.3828259241752932,-175.36489596565613,2.1732798326897886,curve
t2_20261002_082349,16,11.348,1.9469999999999992,380,14.5,19.8,307.2636613324181,307.2636613324181,380,5.777777777777778,False,1.358282231569122,-119.86368876949902,2.1732798326897886,curve
t2_20261002_082349,16,11.376,1.9190000000000005,380,14.5,19.8,303.66418804391594,303.66418804391594,380,5.777777777777778,False,1.4027726641983946,-127.51037733077717,2.140549082110297,curve
t2_20261002_082349,16,11.408,1.8870000000000005,380,14.5,19.8,298.2787663086185,298.2787663086185,380,5.777777777777778,False,1.4273163568045657,-169.8839112465402,2.140549082110297,curve
t2_20261002_082349,16,11.441,1.8539999999999992,380,14.5,19.8,292.67645543822493,292.67645543822493,380,5.777777777777778,False,1.4273163568045657,-170.27968658676448,2.140549082110297,curve
t2_20261002_082349,16,11.472,1.8230000000000004,380,14.5,19.8,287.32447606337837,287.32447606337837,380,5.777777777777778,False,1.4273163568045657,-172.0859079063313,2.140549082110297,curve
t2_20261002_082349,16,11.508,1.7870000000000008,380,14.5,19.8,281.7226536353815,281.7226536353815,380,5.777777777777778,False,1.4273163568045657,-156.0363821828624,2.140549082110297,curve
t2_20261002_082349,16,11.536,1.7590000000000003,380,14.5,19.8,276.1650492719632,276.1650492719632,380,5.777777777777778,False,1.4273163568045657,-194.31766060966956,2.140549082110297,curve
t2_20261002_082349,16,11.568,1.7270000000000003,380,14.5,19.8,269.4707622247397,269.4707622247397,380,5.777777777777778,False,1.4273163568045657,-212.5099953047273,2.140549082110297,curve
t2_20261002_082349,16,11.617,1.677999999999999,380,14.5,19.8,263.5265528880802,263.5265528880802,380,5.777777777777778,False,1.464093153792752,-120.46868739043454,2.074774630356206,curve
t2_20261002_082349,16,11.633,1.6620000000000008,380,14.5,19.8,260.77272217130877,260.77272217130877,380,5.777777777777778,False,1.464093153792752,-174.29118898876536,2.074774630356206,curve
t2_20261002_082349,16,11.679,1.6159999999999997,380,14.5,19.8,252.85315509210113,252.85315509210113,380,5.777777777777778,False,1.464093153792752,-170.67845968886834,2.074774630356206,curve
t2_20261002_082349,16,11.712,1.5830000000000002,380,14.5,19.8,247.39501135617172,247.39501135617172,380,5.777777777777778,False,1.2334425105706557,-164.40042730680182,2.074774630356206,curve
t2_20261002_082349,16,11.749,1.5459999999999994,380,14.5,19.8,241.92276372349562,241.92276372349562,380,5.777777777777778,False,1.2088988179644855,-150.10774803789067,2.074774630356206,curve
t2_20261002_082349,16,11.775,1.5199999999999996,380,14.5,19.8,236.56296145848086,236.56296145848086,380,5.777777777777778,False,1.2088988179644855,-203.39999816654523,2.074774630356206,curve
t2_20261002_082349,16,11.807,1.4879999999999995,380,14.5,19.8,232.61894401988695,232.61894401988695,380,5.777777777777778,False,1.2088988179644855,-123.90787862854701,2.074774630356206,curve
t2_20261002_082349,16,11.84,1.455,380,14.5,19.8,228.91822712834193,228.91822712834193,380,5.777777777777778,False,1.2657412224356226,-113.18306484529852,1.9973595769218324,curve
t2_20261002_082349,16,11.873,1.4220000000000006,380,14.5,19.8,223.62980186495844,223.62980186495844,380,5.777777777777778,False,1.2657412224356226,-164.2393210448411,1.9973595769218324,curve
t2_20261002_082349,16,11.912,1.3829999999999991,380,14.5,19.8,218.2314685866189,218.2314685866189,380,5.777777777777778,False,1.2902849150417928,-135.98018468657898,1.9973595769218324,curve
t2_20261002_082349,16,11.936,1.359,380,14.5,19.8,212.6726890985838,212.6726890985838,380,5.777777777777778,False,1.2902849150417928,-231.6191413756819,1.9973595769218324,curve
t2_20261002_082349,16,11.984,1.311,380,14.5,19.8,204.77612439992373,204.77612439992373,380,5.777777777777778,False,1.2657412224356226,-166.5967685726849,1.9973595769218324,curve
t2_20261002_082349,16,12,1.295,380,14.5,19.8,202.28679909564522,202.28679909564522,380,5.777777777777778,False,1.2657412224356226,-153.66442376581273,1.9973595769218324,curve
t2_20261002_082349,16,12.033,1.2620000000000005,380,14.5,19.8,196.91015138606497,196.91015138606497,380,5.777777777777778,False,1.2657412224356226,-162.43897608580605,1.9973595769218324,curve
t2_20261002_082349,16,12.072,1.2230000000000008,380,14.636792452830191,19.8,194.99742232964914,194.99742232964914,380,5.777777777777778,False,1.3393374449298747,-49.03193563179892,1.650190036179159,curve
t2_20261002_082349,16,12.095,1.1999999999999993,380,14.636792452830191,19.8,189.7878876476323,189.7878876476323,380,5.777777777777778,False,1.3393374449298747,-226.5193846793343,1.650190036179159,curve
t2_20261002_082349,16,12.149,1.1460000000000008,380,14.636792452830191,19.8,181.93532299532453,181.93532299532453,380,5.777777777777778,False,1.3147937523237054,-144.8941463173867,1.650190036179159,curve
t2_20261002_082349,16,12.177,1.1180000000000003,380,14.636792452830191,19.8,176.63303027519802,176.63303027519802,380,5.777777777777778,False,1.3147937523237054,-184.76625590587415,1.650190036179159,curve
t2_20261002_082349,16,12.208,1.0869999999999997,380,14.636792452830191,19.8,171.57263816885543,171.57263816885543,380,5.777777777777778,False,1.3393374449298747,-167.5786581046279,1.650190036179159,curve
t2_20261002_082349,16,12.242,1.052999999999999,380,14.636792452830191,19.8,166.52904186724535,166.52904186724535,380,5.777777777777778,False,1.3393374449298747,-146.20537975587678,1.650190036179159,curve
t2_20261002_082349,16,12.274,1.0210000000000008,380,14.636792452830191,19.8,157.7100839313674,157.7100839313674,380,5.777777777777778,False,1.3147937523237054,-273.0664048415835,1.650190036179159,curve
t2_20261002_082349,16,12.31,0.9849999999999994,380,14.636792452830191,19.8,154.78706335636292,154.78706335636292,380,5.777777777777778,False,0.7798138232639884,-80.93334885840568,1.1718927075986687,curve
t2_20261002_082349,16,12.337,0.9580000000000002,380,14.636792452830191,19.8,149.58821817207004,149.58821817207004,380,5.777777777777778,False,0.8043575158701586,-200.71171381252628,1.1718927075986687,curve
t2_20261002_082349,16,12.367,0.927999999999999,380,14.636792452830191,19.8,144.73142393845535,144.73142393845535,380,5.777777777777778,False,0.8043575158701586,-158.70521423221632,1.1718927075986687,curve
t2_20261002_082349,16,12.401,0.8940000000000001,380,14.636792452830191,19.8,139.6156877040759,139.6156877040759,380,5.777777777777778,False,0.8289012084763288,-152.2404235682741,1.1718927075986687,curve
t2_20261002_082349,16,12.433,0.8620000000000001,380,14.636792452830191,19.8,134.684665339887,134.684665339887,380,5.777777777777778,False,0.8289012084763288,-150.32187874908766,1.1718927075986687,curve
t2_20261002_082349,16,12.461,0.8339999999999996,380,14.636792452830191,19.8,130.1488008293862,130.1488008293862,380,5.777777777777778,False,0.8043575158701586,-164.32520654003645,1.1718927075986687,curve
t2_20261002_082349,16,12.497,0.798,380,14.636792452830191,19.8,126.65265456802236,126.65265456802236,380,5.777777777777778,False,0.8043575158701586,-98.4641938782053,1.1718927075986687,curve
t2_20261002_082349,16,12.531,0.7639999999999993,380,14.636792452830191,19.8,129.38825149163029,129.38825149163029,380,5.777777777777778,False,0.301684290709785,79.1897761906891,0.7223006240409644,curve
t2_20261002_082349,16,12.562,0.7330000000000005,380,14.636792452830191,19.8,124.5690473363312,124.5690473363312,380,5.777777777777778,False,0.301684290709785,-155.95058661295658,0.7223006240409644,curve
t2_20261002_082349,16,12.594,0.7010000000000005,380,14.636792452830191,19.8,119.57824211810073,119.57824211810073,380,5.777777777777778,False,0.32622798331595515,-156.44018490073287,0.7223006240409644,curve
t2_20261002_082349,16,12.632,0.6630000000000003,380,14.636792452830191,19.8,114.65133430805223,114.65133430805223,380,5.777777777777778,False,0.32622798331595515,-130.33139847110903,0.7223006240409644,curve
t2_20261002_082349,16,12.656,0.6389999999999993,380,14.636792452830191,19.8,109.64696278730818,109.64696278730818,380,5.777777777777778,False,0.3507716759221253,-207.6336357395261,0.7223006240409644,curve
t2_20261002_082349,16,12.715,0.5800000000000001,380,14.636792452830191,19.8,102.24385091373264,102.24385091373264,380,5.777777777777778,False,0.32622798331595515,-125.25238985008212,0.7223006240409644,curve
t2_20261002_082349,16,12.736,0.5589999999999993,380,14.636792452830191,19.8,114.86059980632736,114.86059980632736,380,5.777777777777778,False,0.031054300320336292,598.142087012597,0.5186200965485455,curve
t2_20261002_082349,16,12.768,0.5269999999999992,380,14.636792452830191,19.8,109.64974351543856,109.64974351543856,380,5.777777777777778,True,0.12470854768807715,-163.84102668536212,0.5186200965485455,curve
t2_20261002_082349,16,12.8,0.4949999999999992,380,14.636792452830191,19.8,104.15480942526,104.15480942526,380,5.777777777777778,True,0.25593632707391123,-171.70011107387427,0.5186200965485455,curve
t2_20261002_082349,16,12.843,0.45199999999999996,380,14.636792452830191,19.8,97.04876966653984,97.04876966653984,380,6.111111111111111,True,0.05559799292650647,-163.33045102772329,0.5186200965485455,curve
t2_20261002_082349,16,12.869,0.42600000000000016,380,14.636792452830191,19.8,93.12000537440916,93.12000537440916,380,6.722222222222222,True,0.05559799292650647,-149.92424725095987,0.5186200965485455,curve
t2_20261002_082349,16,12.897,0.3979999999999997,380,14.636792452830191,19.8,87.13464712540981,87.13464712540981,380,6.722222222222222,True,0.05559799292650647,-213.71799213115796,0.5186200965485455,curve
t2_20261002_082349,16,12.928,0.3669999999999991,380,14.636792452830191,19.8,80.3007078646285,80.3007078646285,380,7.388888888888889,True,0.354517897060739,-224.03854925682842,0.5186200965485455,curve
t2_20261002_082349,16,12.956,0.3390000000000004,380,14.636792452830191,19.8,72.99059416278209,72.99059416278209,380,8.055555555555555,True,0.354517897060739,-224.03854925682842,0.5186200965485455,curve
t2_20261002_082349,16,12.994,0.30100000000000016,380,14.5,19.8,88.28742672799989,88.28742672799989,380,8.722222222222221,True,0.354517897060739,-224.03854925682842,0.5186200965485455,curve
t2_20261002_082349,16,13.035,0.2599999999999998,380,14.5,19.8,79.15949172672859,79.15949172672859,380,9.333333333333334,True,0.354517897060739,-224.03854925682842,0.5186200965485455,curve
t2_20261002_082349,16,13.055,0.2400000000000002,380,14.5,19.8,70.07905019883964,70.07905019883964,380,9.333333333333334,True,0.354517897060739,-224.03854925682842,0.5186200965485455,curve
t2_20261002_082349,16,13.088,0.20700000000000074,380,14.5,19.8,57.68692788569285,57.68692788569285,380,10,True,0.354517897060739,-224.03854925682842,0.5186200965485455,curve
t2_20261002_082349,16,13.121,0.1739999999999995,380,14.5,19.8,46.84464750833186,46.84464750833186,380,10.61111111111111,True,0.354517897060739,-224.03854925682842,0.5186200965485455,curve
t2_20261002_082349,16,13.153,0.14199999999999946,380,14.5,19.8,36.1442397358547,36.1442397358547,380,11.277777777777779,True,0.354517897060739,-224.03854925682842,0.5186200965485455,curve
t2_20261002_082349,16,13.195,0.09999999999999964,380,14.5,19.8,24.5919213300144,24.5919213300144,380,11.277777777777779,True,0.354517897060739,-224.03854925682842,0.5186200965485455,curve
t2_20261002_082349,16,13.216,0.07900000000000063,380,14.5,19.8,45.93069509485325,45.93069509485325,380,11.944444444444445,True,0.354517897060739,-224.03854925682842,0.5186200965485455,curve
t2_20261002_082349,16,13.263,0.03200000000000003,380,14.5,19.8,27.941174332170718,27.941174332170718,380,12.61111111111111,True,0.354517897060739,-224.03854925682842,0.5186200965485455,curve
t2_20261002_082349,16,13.295,0.0,380,14.5,19.8,14.82821902864207,14.82821902864207,380,13.277777777777779,True,0.354517897060739,-224.03854925682842,0.5186200965485455,curve
t2_20261002_082349,17,5.921,1.963,158,14.5,32,96.5389355318419,96.5389355318419,158,5.79,False,1.168488633365195,-128.55448146933898,4.0418157899462805,curve
t2_20261002_082349,17,5.948,1.936,158,14.5,32,91.53860763617106,91.53860763617106,158,5.79,False,1.168488633365195,-189.36780783167302,4.0418157899462805,curve
t2_20261002_082349,17,5.979,1.9050000000000002,158,14.5,32,88.3781736150535,88.3781736150535,158,5.79,False,0.8226601943939515,-100.78116990721834,3.7533935592867484,curve
t2_20261002_082349,17,6.012,1.8720000000000008,158,14.5,32,85.86693473132826,85.86693473132826,158,5.79,False,0.7735728091816112,-75.69026564973106,3.7533935592867484,curve
t2_20261002_082349,17,6.045,1.8390000000000004,158,14.5,32,82.10448687884266,82.10448687884266,158,5.79,False,0.67539803875693,-115.100605044579,3.7533935592867484,curve
t2_20261002_082349,17,6.075,1.8090000000000002,158,14.5,32,80.18208741753621,80.18208741753621,158,5.79,False,0.6418904135504482,-62.97395769345262,3.4559147078253964,curve
t2_20261002_082349,17,6.107,1.7770000000000001,158,14.5,32,78.07403553299288,78.07403553299288,158,5.79,False,0.5369095652580826,-65.61101224597338,3.4559147078253964,curve
t2_20261002_082349,17,6.139,1.745,158,14.5,32,76.45992614669723,76.45992614669723,158,5.79,False,0.5123658726519125,-51.016040022233476,3.4559147078253964,curve
t2_20261002_082349,17,6.172,1.7120000000000006,158,14.5,32,75.03470410393493,75.03470410393493,158,5.79,False,0.25120859278177665,-44.053421573521085,3.522551385030416,curve
t2_20261002_082349,17,6.203,1.681,158,14.5,32,74.90349683652283,74.90349683652283,158,5.79,False,0.2579719619963998,-4.621641236943138,3.2139480554584483,curve
t2_20261002_082349,17,6.243,1.641,158,14.5,32,73.91833620579969,73.91833620579969,158,5.79,False,0.3443906546025701,-24.788141631681807,3.2139480554584483,curve
t2_20261002_082349,17,6.271,1.6130000000000004,158,14.5,32,72.94824876131831,72.94824876131831,158,5.79,False,0.4916531545533962,-34.81416033665144,3.2139480554584483,curve
t2_20261002_082349,17,6.301,1.5830000000000002,158,14.5,32,72.69542363845821,72.69542363845821,158,5.79,False,0.24967548344360768,-8.69796535591622,2.9390223756657665,curve
t2_20261002_082349,17,6.348,1.5360000000000005,158,14.5,32,70.71864705060358,70.71864705060358,158,5.79,False,0.27421917604977786,-41.97983398926989,2.9390223756657665,curve
t2_20261002_082349,17,6.365,1.5190000000000001,158,14.5,32,71.0427670772721,71.0427670772721,158,5.79,False,0.3276974345350192,20.285986070257064,2.556542331289888,curve
t2_20261002_082349,17,6.411,1.4730000000000008,158,14.5,32,68.78809093814306,68.78809093814306,158,5.79,False,0.4995032827782113,-48.931935590927125,2.556542331289888,curve
t2_20261002_082349,17,6.444,1.4400000000000004,158,14.5,32,67.61724213766632,67.61724213766632,158,5.79,False,0.2005486478684224,-35.822703751385745,2.556542331289888,curve
t2_20261002_082349,17,6.479,1.4050000000000002,158,14.5,32,67.28717445349578,67.28717445349578,158,5.79,False,0.24925580903172317,-8.046906060403444,2.1049329550432514,curve
t2_20261002_082349,17,6.508,1.3760000000000003,158,14.5,32,67.1692822974517,67.1692822974517,158,5.79,False,0.3377370016378931,-4.1413526411982735,2.1049329550432514,curve
t2_20261002_082349,17,6.539,1.3450000000000006,158,14.5,32,65.60232181938095,65.60232181938095,158,5.79,False,0.4651995015395456,-50.58904497191736,2.1049329550432514,curve
t2_20261002_082349,17,6.572,1.3120000000000003,158,14.5,32,65.15869910230163,65.15869910230163,158,5.79,False,0.2582236575061496,-15.090883623254374,1.6595430410056222,curve
t2_20261002_082349,17,6.604,1.2800000000000002,158,14.5,32,63.7686821324568,63.7686821324568,158,5.79,False,0.2582236575061496,-43.46119410472755,1.6595430410056222,curve
t2_20261002_082349,17,6.643,1.2410000000000005,158,14.5,32,62.73069014319003,62.73069014319003,158,5.79,False,0.2582236575061496,-26.55381197293567,1.6595430410056222,curve
t2_20261002_082349,17,6.667,1.2170000000000005,158,14.5,32,62.09665674758517,62.09665674758517,158,5.79,False,0.46058611972681573,-23.71084297042426,1.1897588117486735,curve
t2_20261002_082349,17,6.7,1.1840000000000002,158,14.5,32,60.522848506967776,60.522848506967776,158,5.79,False,0.2605429167388156,-48.97980862650378,1.1897588117486735,curve
t2_20261002_082349,17,6.733,1.1510000000000007,158,14.5,32,61.30663122433948,61.30663122433948,158,5.79,False,0.2605429167388156,22.806113157679277,1.1897588117486735,curve
t2_20261002_082349,17,6.779,1.1050000000000004,158,14.5,32,60.94849687689357,60.94849687689357,158,5.79,False,0.08571443251504895,-7.087388276078586,0.859881314513733,curve
t2_20261002_082349,17,6.795,1.0890000000000004,158,14.5,32,60.405991281444585,60.405991281444585,158,5.79,False,0.17832062512121905,-33.75259727783754,0.859881314513733,curve
t2_20261002_082349,17,6.827,1.0570000000000004,158,14.5,32,58.89151536653665,58.89151536653665,158,5.79,False,0.2820639733644108,-47.28006612740528,0.859881314513733,curve
t2_20261002_082349,17,6.86,1.024,158,14.5,32,58.163391119805965,58.163391119805965,158,5.79,False,0.18074970142518199,-22.66477430356407,0.6159520133770555,curve
t2_20261002_082349,17,6.908,0.976,158,14.5,32,54.69693713414517,54.69693713414517,158,5.79,False,0.18074970142518199,-72.26983282382649,0.6159520133770555,curve
t2_20261002_082349,17,6.939,0.9450000000000003,158,14.5,32,57.34086331867891,57.34086331867891,158,5.79,False,0.0944958150177655,84.25683588100028,0.43606969112238625,curve
t2_20261002_082349,17,6.971,0.9130000000000003,158,14.5,32,54.659124115545325,54.659124115545325,158,5.79,True,0.2260833149194177,-83.61015331094531,0.43606969112238625,curve
t2_20261002_082349,17,7.005,0.8790000000000004,158,14.5,32,50.672206078936156,50.672206078936156,158,5.888888888888889,True,0.3403452409319492,-116.98949735432451,0.43606969112238625,curve
t2_20261002_082349,17,7.04,0.8440000000000003,158,14.5,32,56.1821377489094,56.1821377489094,158,5.888888888888889,True,0.2881532407389571,161.57843284143615,0.32594414970161667,curve
t2_20261002_082349,17,7.068,0.8160000000000007,158,14.5,32,50.713923525086955,50.713923525086955,158,6.5,True,0.2881532407389571,-196.71504123260536,0.32594414970161667,curve
t2_20261002_082349,17,7.099,0.7850000000000001,158,14.5,32,45.219703464427596,45.219703464427596,158,7.166666666666667,True,0.2636095481327878,-175.55333518011776,0.32594414970161667,curve
t2_20261002_082349,17,7.132,0.7520000000000007,158,14.5,32,54.01183083078567,54.01183083078567,158,7.833333333333333,True,0.24406955911810613,264.7178436864296,0.21917088707091104,curve
t2_20261002_082349,17,7.164,0.7200000000000006,158,14.5,32,47.81196532919661,47.81196532919661,158,7.833333333333333,True,0.24406955911810613,-191.94105984281626,0.21917088707091104,curve
t2_20261002_082349,17,7.202,0.6820000000000004,158,14.5,32,40.54590013782246,40.54590013782246,158,8.444444444444445,True,0.21952586651193684,-192.7260667153748,0.21917088707091104,curve
t2_20261002_082349,17,7.227,0.657,158,14.5,32,52.42551895471743,52.42551895471743,158,9.11111111111111,True,0.18017788963695303,477.41485107104137,0.14796840915960718,curve
t2_20261002_082349,17,7.27,0.6140000000000008,158,14.5,32,42.04732687017939,42.04732687017939,158,9.11111111111111,True,0.18017788963695303,-242.491982600277,0.14796840915960718,curve
t2_20261002_082349,17,7.293,0.5910000000000002,158,14.5,32,35.85952220973326,35.85952220973326,158,9.777777777777779,True,0.15563419703078196,-265.5912685330603,0.14796840915960718,curve
t2_20261002_082349,17,7.324,0.5600000000000005,158,14.5,32,48.615092326058544,48.615092326058544,158,10.444444444444445,True,0.09159706238603071,407.96463827166264,0.08582506341206653,align
t2_20261002_082349,17,7.355,0.5289999999999999,158,14.5,32,38.744578786780494,38.744578786780494,158,11.11111111111111,True,0.16522814020454035,-321.4787507399324,0.08582506341206653,align
t2_20261002_082349,17,7.387,0.4970000000000008,158,14.5,32,28.41360119307477,28.41360119307477,158,11.777777777777779,True,0.09159706238603071,-321.793985131527,0.08582506341206653,align
t2_20261002_082349,17,7.44,0.44399999999999995,158,14.5,32,35.02018948523266,35.02018948523266,158,12.38888888888889,True,0.14672640885458854,123.26191557936457,0.04768452932687817,align
t2_20261002_082349,17,7.468,0.41600000000000037,158,14.5,32,23.2215677924368,23.2215677924368,158,13.055555555555555,True,0.04855163842990784,-429.08217711210085,0.04768452932687817,clean
t2_20261002_082349,17,7.499,0.3850000000000007,158,14.5,32,12.332192166882379,12.332192166882379,158,13.055555555555555,True,0.04855163842990784,-352.45870738119885,0.04768452932687817,clean
t2_20261002_082349,17,7.532,0.3520000000000003,158,14.5,32,29.6646595497875,29.6646595497875,158,13.722222222222221,True,0.0973292358111344,522.2691045274015,0.024642502033978442,align
t2_20261002_082349,17,7.564,0.3200000000000003,158,14.5,32,17.082275339409186,17.082275339409186,158,14,True,0.000845534613546306,-383.6473124612362,0.024642502033978442,clean
t2_20261002_082349,17,7.602,0.28200000000000003,158,14.5,32,5.431343806039649,5.431343806039649,158,14,True,0.08846065818931947,-309.0888562352306,0.024642502033978442,clean
t2_20261002_082349,17,7.628,0.2560000000000002,158,14.5,32,14.872570178903167,14.872570178903167,158,14,True,0.087889769790916,371.0143710863313,0.029120909310948573,clean
t2_20261002_082349,17,7.66,0.2240000000000002,158,14.5,32,3.712704188643478,3.712704188643478,158,14,True,0.03482869323993398,-345.5086648987449,0.029120909310948573,clean
t2_20261002_082349,17,7.692,0.19200000000000017,158,14.5,32,-5.747126498759982,-5.747126498759982,158,14,True,0.05937238584610327,-300.3790113012867,0.029120909310948573,clean
t2_20261002_082349,17,7.725,0.1590000000000007,158,14.5,32,11.088168239044684,11.088168239044684,158,14,True,0.05654198283904677,500.394125567858,0.0432965514952266,clean
t2_20261002_082349,17,7.751,0.133,158,14.5,32,2.7340186664886517,2.7340186664886517,158,14,True,0.05654198283904677,500.394125567858,0.0432965514952266,clean
t2_20261002_082349,17,7.788,0.09600000000000009,158,14.5,32,-6.074568170973798,-6.074568170973798,158,14,True,0.05654198283904677,500.394125567858,0.0432965514952266,clean
t2_20261002_082349,17,7.819,0.06500000000000039,158,14.5,32,1.1480476144311282,1.1480476144311282,158,14,True,0.05654198283904677,500.394125567858,0.0432965514952266,clean
t2_20261002_082349,17,7.852,0.03200000000000003,158,14.5,32,-3.7140152188224036,-3.7140152188224036,158,14,False,0.05654198283904677,500.394125567858,0.0432965514952266,clean
t2_20261002_082349,17,7.884,0.0,158,14.5,32,-9.220080809776675,-9.220080809776675,158,13.833333333333334,False,0.05654198283904677,500.394125567858,0.0432965514952266,clean
t2_20261002_082349,18,5.247,1.9990000000000006,136,14.636792452830191,35.6,207.2144383970401,58.612451801975695,34,5.79,False,1.2062107397998574,-168.2195322146579,0.4036237031402461,curve
t2_20261002_082349,18,5.282,1.9640000000000004,136,14.636792452830191,35.6,202.3550954389477,55.44748678344315,34,5.79,False,1.2152790037718972,-135.78895480751456,0.40077064691529607,curve
t2_20261002_082349,18,5.327,1.9190000000000005,136,14.636792452830191,35.6,193.15061165065276,53.278466074762505,34,5.79,False,1.2398226963780683,-205.9978978911817,0.40077064691529607,curve
t2_20261002_082349,18,5.36,1.8860000000000001,136,14.636792452830191,35.6,187.65651623420675,50.35203409321899,34,5.79,False,1.2152790037718972,-166.53880162766086,0.40077064691529607,curve
t2_20261002_082349,18,5.398,1.8480000000000008,136,14.636792452830191,35.6,182.91949732621512,47.52495628592967,34,5.79,False,1.2242991122931706,-126.29192093875794,0.3980281554464975,curve
t2_20261002_082349,18,5.422,1.8240000000000007,136,14.636792452830191,35.6,177.57736675137065,44.50503390109662,34,5.79,False,1.175211727080832,-218.95375898630436,0.3980281554464975,curve
t2_20261002_082349,18,5.454,1.7920000000000007,136,14.636792452830191,35.6,172.36092118406424,41.41338653923146,34,5.79,False,1.1353982466145727,-164.09371164814382,0.41125746801453467,curve
t2_20261002_082349,18,5.486,1.7600000000000007,136,14.636792452830191,35.6,167.73943527808004,38.59676695618776,34,5.79,False,1.16919609752226,-143.80856416115407,0.4082143926794801,curve
t2_20261002_082349,18,5.535,1.7110000000000003,136,14.636792452830191,35.6,159.7513185353219,38.82717731474349,34,5.79,False,1.16919609752226,-163.47004515712516,0.4082143926794801,curve
t2_20261002_082349,18,5.551,1.6950000000000003,136,14.636792452830191,35.6,156.88293422582476,37.5573107879956,34,5.79,False,1.16919609752226,-175.73705186682798,0.4082143926794801,curve
t2_20261002_082349,18,5.584,1.6620000000000008,136,14.636792452830191,35.6,154.08740685749115,34.73058406911212,34,5.79,False,1.1538520883703587,-86.85111077125978,0.4052818298056957,body_interference
t2_20261002_082349,18,5.614,1.6320000000000006,136,14.636792452830191,35.6,149.09502879791827,32.74814675622729,34,5.79,False,1.1293083957641876,-164.74477032210265,0.4052818298056957,body_interference
t2_20261002_082349,18,5.648,1.5980000000000008,136,14.636792452830191,35.6,143.99320717560798,30.768488776667972,34,5.79,False,1.015088853745599,-150.4430399952273,0.4190942024602258,body_interference
t2_20261002_082349,18,5.68,1.5660000000000007,136,14.636792452830191,35.6,139.8143109093921,28.810888423868285,34,5.79,False,1.0245373554431962,-132.0287873277387,0.41586854795659356,body_interference
t2_20261002_082349,18,5.722,1.524,136,14.636792452830191,35.6,134.7855286655375,26.95683530519357,34,5.79,False,1.0490810480493664,-119.32269120264493,0.41586854795659356,body_interference
t2_20261002_082349,18,5.743,1.5030000000000001,136,14.636792452830191,35.6,129.70109577371778,24.99730391997459,34,5.79,False,1.0245373554431962,-239.0300436720964,0.41586854795659356,body_interference
t2_20261002_082349,18,5.775,1.471,136,14.636792452830191,35.6,125.33801429815882,26.68547251017916,34,5.79,False,1.033925196452718,-135.89924877548512,0.4127527334144556,body_interference
t2_20261002_082349,18,5.808,1.4380000000000006,136,14.636792452830191,35.6,121.88531920061105,24.91465973100052,34,5.79,False,0.9679957060056381,-104.61632568802453,0.4271160666659144,body_interference
t2_20261002_082349,18,5.84,1.4060000000000006,136,14.636792452830191,35.6,117.23985577368295,22.974836292214214,34,5.79,False,0.8943646281871276,-144.29467816171228,0.4271160666659144,body_interference
t2_20261002_082349,18,5.888,1.3580000000000005,136,14.636792452830191,35.6,111.07415721560967,20.556688213853967,34,5.79,False,0.9285590653878364,-127.68239156194512,0.42371592433475813,body_interference
t2_20261002_082349,18,5.922,1.3240000000000007,136,14.636792452830191,35.6,106.40920897900041,19.61265840400184,34,5.79,False,0.9285590653878364,-137.2165976971516,0.42371592433475813,body_interference
t2_20261002_082349,18,5.952,1.2940000000000005,136,14.636792452830191,35.6,102.6217756990901,18.75683684493101,34,5.79,False,0.8713958145650333,-131.7328377129322,0.43530523166598556,body_interference
t2_20261002_082349,18,5.983,1.2630000000000008,136,14.636792452830191,35.6,98.2470761124603,20.339320078278114,34,5.79,False,0.7977647367465224,-139.19480113873655,0.43530523166598556,body_interference
t2_20261002_082349,18,6.011,1.2350000000000003,136,14.636792452830191,35.6,94.70867685042974,19.480992927885772,34,5.79,False,0.7977647367465224,-127.63749342969538,0.43530523166598556,body_interference
t2_20261002_082349,18,6.048,1.1980000000000004,136,14.636792452830191,35.6,90.02418882420228,17.937738156323242,34,5.79,False,0.7585376773303505,-124.80908117829279,0.4317393044075448,body_interference
t2_20261002_082349,18,6.08,1.1660000000000004,136,14.636792452830191,35.6,85.98344776601662,16.739186699652514,34,5.79,False,0.7830813699365211,-126.23658391837613,0.4317393044075448,body_interference
t2_20261002_082349,18,6.12,1.1260000000000003,136,14.636792452830191,35.6,82.14732474122458,16.047135223273102,34,5.79,False,0.739671045317738,-94.74683835366261,0.44747102650085857,body_interference
t2_20261002_082349,18,6.143,1.1030000000000006,136,14.636792452830191,35.6,78.98161016493005,15.690408087427068,34,5.79,False,0.7252853730608999,-143.8006594954984,0.44364373159840076,body_interference
t2_20261002_082349,18,6.175,1.0710000000000006,136,14.636792452830191,35.6,75.31836157432427,17.35431363829212,34,5.79,False,0.6516542952423894,-115.2097702928523,0.44364373159840076,body_interference
t2_20261002_082349,18,6.207,1.0390000000000006,136,14.636792452830191,35.6,71.82994906911226,16.89119130066623,34,5.79,True,0.6516542952423894,-107.71310055032087,0.44364373159840076,body_interference
t2_20261002_082349,18,6.24,1.0060000000000002,136,14.636792452830191,35.6,69.71278974073171,15.726056959683975,34,5.79,True,0.4616785853379244,-62.068704562067545,0.4560837958433477,body_interference
t2_20261002_082349,18,6.281,0.9650000000000007,136,14.636792452830191,35.4,66.98513268617496,13.063238509046878,34,5.888888888888889,True,0.3307372482028974,-68.792771506591,0.4560837958433477,body_interference
t2_20261002_082349,18,6.303,0.9430000000000005,136,14.636792452830191,35.4,65.43894730530626,10.912522473742195,34,5.888888888888889,True,0.2738383610887425,-71.1273267221528,0.4560837958433477,body_interference
t2_20261002_082349,18,6.335,0.9110000000000005,136,14.636792452830191,35.4,64.48277917374413,9.05711157120738,34,6.5,True,0.23864374813163636,-29.422327116385297,0.46899757538361175,body_interference
t2_20261002_082349,18,6.367,0.8790000000000004,136,14.636792452830191,35.4,62.774905070198756,7.139068524753656,34,7.166666666666667,True,0.23864374813163636,-52.940397277867326,0.46899757538361175,body_interference
t2_20261002_082349,18,6.414,0.8320000000000007,136,14.636792452830191,35.4,59.74448615798444,6.55808664105937,34,7.833333333333333,True,0.2877311333439767,-65.41413595326529,0.46899757538361175,body_interference
t2_20261002_082349,18,6.448,0.798,136,14.636792452830191,35.4,58.77308602868381,4.152377577349791,34,8.5,True,0.22696900246641327,-27.808616621245463,0.48231465785482985,body_interference
t2_20261002_082349,18,6.478,0.7680000000000007,136,14.636792452830191,35.4,56.98113653676863,3.2320166494210643,34,8.5,True,0.22696900246641327,-61.18588059048503,0.48231465785482985,body_interference
t2_20261002_082349,18,6.511,0.7350000000000003,136,14.636792452830191,35.4,54.7038347554268,2.5135065988920946,34,9.166666666666666,True,0.20270859504998207,-68.82581220213963,0.5006264065089754,body_interference
t2_20261002_082349,18,6.543,0.7030000000000003,136,14.636792452830191,35.4,53.45297870680311,1.9123148195481594,34,9.777777777777779,True,0.2142425089866311,-39.963061585533985,0.49595549227573343,body_interference
t2_20261002_082349,18,6.574,0.6720000000000006,136,14.636792452830191,35.4,51.19079093545632,2.505756363480069,34,10.444444444444445,True,0.18852799013073795,-72.72291044041606,0.5146444079476504,body_interference
t2_20261002_082349,18,6.607,0.6390000000000002,136,14.636792452830191,35.4,49.42135221761886,2.9402575818341194,34,11.11111111111111,True,0.21307168273690813,-53.70091319593469,0.5146444079476504,body_interference
t2_20261002_082349,18,6.641,0.6050000000000004,136,14.636792452830191,35.4,47.75923603742917,5.8563351427519255,34,11.11111111111111,True,0.1732489346188899,-47.2868203695253,0.5287617430754961,body_interference
t2_20261002_082349,18,6.678,0.5680000000000005,136,14.636792452830191,35.4,44.9596946630543,8.975422723169396,34,11.722222222222221,True,0.24688001243740088,-75.80412329130326,0.5287617430754961,body_interference
t2_20261002_082349,18,6.702,0.5440000000000005,136,14.636792452830191,35.4,41.38436984993567,13.227798524045733,34,12.38888888888889,True,0.16857646143440475,-148.4165187861216,0.5479020552790481,body_interference
t2_20261002_082349,18,6.737,0.5090000000000003,136,14.636792452830191,35.4,39.500495905650304,17.922994845302405,34,13.055555555555555,True,0.2304978280284482,-53.469108419594725,0.5428614241934553,body_interference
t2_20261002_082349,18,6.768,0.47800000000000065,136,14.636792452830191,35.4,37.1123023444873,22.899244239869965,34,13.055555555555555,True,0.17523438993607332,-78.37714797606773,0.5618704693949468,body_interference
t2_20261002_082349,18,6.799,0.44700000000000006,136,14.636792452830191,35.4,33.71298449353991,29.807075165473,34,13.722222222222221,True,0.24886546775458385,-107.95986247923028,0.5618704693949468,body_interference
t2_20261002_082349,18,6.843,0.40300000000000047,136,14.636792452830191,35.4,33.10547437073787,33.10547437073787,136,14,True,0.1808076341641045,-14.45742825010915,0.5754972377068097,head_interference
t2_20261002_082349,18,6.863,0.383,136,14.636792452830191,35.4,29.977967423114002,29.977967423114002,136,14,True,0.27898240458878565,-157.64957182332938,0.5754972377068097,head_interference
t2_20261002_082349,18,6.895,0.35100000000000087,136,14.5,35.4,25.911592520850753,25.911592520850753,136,14,True,0.22023206444071874,-127.19478755735805,0.5935676840790216,head_interference
t2_20261002_082349,18,6.942,0.30400000000000027,136,14.5,35.4,23.62078422082208,23.62078422082208,136,14,True,0.22023206444071874,-127.19478755735805,0.5935676840790216,head_interference
t2_20261002_082349,18,6.976,0.27000000000000046,136,14.5,35.4,22.17496224387269,22.17496224387269,136,14,True,0.22023206444071874,-127.19478755735805,0.5935676840790216,head_interference
t2_20261002_082349,18,7.008,0.23800000000000043,136,14.5,35.4,22.412820319609487,13.70812182178988,34,14,False,0.22023206444071874,-127.19478755735805,0.5935676840790216,head_interference
t2_20261002_082349,18,7.04,0.2060000000000004,136,14.5,35.4,20.886160268614198,6.735040096008511,34,14,False,0.22023206444071874,-127.19478755735805,0.5935676840790216,head_interference
t2_20261002_082349,18,7.081,0.16500000000000004,136,14.5,35.4,19.655093558479216,0.10366478258548284,34,14,False,0.22023206444071874,-127.19478755735805,0.5935676840790216,head_interference
t2_20261002_082349,18,7.104,0.14200000000000035,136,14.5,35.4,17.71241113304307,-5.056134789145403,34,13.11111111111111,False,0.22023206444071874,-127.19478755735805,0.5935676840790216,head_interference
t2_20261002_082349,18,7.134,0.1120000000000001,136,14.5,35.4,15.298315181349302,-8.57531095722397,34,13.11111111111111,False,0.22023206444071874,-127.19478755735805,0.5935676840790216,head_interference
t2_20261002_082349,18,7.168,0.07800000000000029,136,14.5,35.4,13.621775254087147,-10.710681837618452,34,12.222222222222221,False,0.22023206444071874,-127.19478755735805,0.5935676840790216,head_interference
t2_20261002_082349,18,7.2,0.04600000000000026,136,14.5,35.4,12.736177418637311,-11.529874244813506,34,11.333333333333334,False,0.22023206444071874,-127.19478755735805,0.5935676840790216,head_interference
t2_20261002_082349,18,7.246,0.0,136,14.5,35.4,11.106443406360142,-12.673543082238453,34,11.333333333333334,False,0.22023206444071874,-127.19478755735805,0.5935676840790216,head_interference
t2_20261002_082349,19,15.021,1.9989999999999988,163,14.5,33.7,5.731086272983163,5.731086272983163,163,5.777777777777778,False,0.08921964120013115,51.61441282712329,0.6255322771910836,curve
t2_20261002_082349,19,15.053,1.9669999999999987,163,14.5,33.7,6.081449704702962,6.081449704702962,163,5.777777777777778,False,0.04013225598778902,11.038648153531575,0.6255322771910836,curve
t2_20261002_082349,19,15.087,1.9329999999999998,163,14.5,33.7,5.56425923125353,5.56425923125353,163,5.777777777777778,False,0.09070325540544211,-14.919619971776605,0.6169697987721907,curve
t2_20261002_082349,19,15.118,1.9019999999999992,163,14.5,33.7,6.068904749834893,6.068904749834893,163,5.777777777777778,False,0.09070325540544211,15.939176969530772,0.6169697987721907,curve
t2_20261002_082349,19,15.158,1.862,163,14.5,33.7,6.4579220851357135,6.4579220851357135,163,5.777777777777778,False,0.020878383410225965,9.824327295344315,0.6046161163193777,curve
t2_20261002_082349,19,15.181,1.8390000000000004,163,14.5,33.7,5.583291683936935,5.583291683936935,163,5.777777777777778,True,0.01958827019866405,-37.038867625867425,0.606906090029975,curve
t2_20261002_082349,19,15.211,1.8089999999999993,163,14.5,33.7,5.678924968833023,5.678924968833023,163,5.777777777777778,True,0.01958827019866405,3.6433532412093075,0.606906090029975,curve
t2_20261002_082349,19,15.245,1.7750000000000004,163,14.5,33.7,4.322062814420178,4.322062814420178,163,5.777777777777778,True,0.01693133495057708,-40.27165047335792,0.5927716739607969,curve
t2_20261002_082349,19,15.278,1.741999999999999,163,14.5,33.7,4.226956742492973,4.226956742492973,163,5.777777777777778,True,0.01693133495057708,-2.8830049926379613,0.5927716739607969,curve
t2_20261002_082349,19,15.315,1.705,163,14.5,33.7,3.2545812482048575,3.2545812482048575,163,6.111111111111111,True,0.06087566718227855,-27.371416877527427,0.5802121782499761,curve
t2_20261002_082349,19,15.345,1.674999999999999,163,14.5,33.7,3.137789939633457,3.137789939633457,163,6.722222222222222,True,0.011788281969938197,-2.95689828091746,0.5802121782499761,curve
t2_20261002_082349,19,15.372,1.6479999999999997,163,14.5,33.7,3.134879005976657,3.134879005976657,163,7.388888888888889,True,0.012755410636232867,0.7036008477731261,0.5802121782499761,curve
t2_20261002_082349,19,15.404,1.6159999999999997,163,14.5,33.7,3.3046877008172117,3.3046877008172117,163,8.055555555555555,True,0.07795426129350602,4.392590111890686,0.5632725229389273,curve
t2_20261002_082349,19,15.436,1.5839999999999996,163,14.5,33.7,4.914076108782304,4.914076108782304,163,8.055555555555555,True,0.0367831817682287,51.13691070919634,0.5499484789784388,curve
t2_20261002_082349,19,15.476,1.5439999999999987,163,14.5,33.7,5.67945813909914,5.67945813909914,163,8.666666666666666,True,0.08587056698056905,19.101231684954797,0.5499484789784388,curve
t2_20261002_082349,19,15.5,1.5199999999999996,163,14.5,33.7,6.193398803034519,6.193398803034519,163,9.333333333333334,True,0.007439990303288013,21.115028926447042,0.5324184981788318,curve
t2_20261002_082349,19,15.553,1.4669999999999987,163,14.5,33.7,5.555621145056179,5.555621145056179,163,10,True,0.03114858555985478,-12.386837837321503,0.5196718798994899,curve
t2_20261002_082349,19,15.58,1.4399999999999995,163,14.5,33.7,6.912346379795309,6.912346379795309,163,10.666666666666666,True,0.01793879965248557,51.04950449717901,0.5196718798994899,curve
t2_20261002_082349,19,15.611,1.408999999999999,163,14.5,33.7,6.915862333275129,6.915862333275129,163,11.333333333333334,True,0.008082437992410263,-0.3347677317562803,0.5031816945012793,curve
t2_20261002_082349,19,15.644,1.3759999999999994,163,14.5,33.7,6.006102670182635,6.006102670182635,163,11.333333333333334,True,0.04446455530430349,-25.839516118018786,0.4917738545899155,curve
t2_20261002_082349,19,15.676,1.3439999999999994,163,14.5,33.7,5.745707688749569,5.745707688749569,163,11.944444444444445,True,0.019920862698132424,-7.1804565058727965,0.4917738545899155,curve
t2_20261002_082349,19,15.707,1.3129999999999988,163,14.5,33.7,5.966168477033932,5.966168477033932,163,12.61111111111111,True,0.005951431990236955,6.081523081156991,0.4771776256728413,curve
t2_20261002_082349,19,15.74,1.2799999999999994,163,14.5,33.7,5.4426310971275385,5.4426310971275385,163,13.277777777777779,True,0.020448762936993603,-15.896740191306929,0.46728561995262563,curve
t2_20261002_082349,19,15.773,1.2469999999999999,163,14.5,33.7,5.547139700454409,5.547139700454409,163,13.277777777777779,True,0.02504425705649993,2.9955474035971745,0.4547024093941876,curve
t2_20261002_082349,19,15.816,1.2039999999999988,163,14.5,33.7,6.818624864148127,6.818624864148127,163,13.944444444444445,True,0.024043128155842197,29.778024668622336,0.4547024093941876,curve
t2_20261002_082349,19,15.836,1.1839999999999993,163,14.5,33.7,6.372303939563999,6.372303939563999,163,14,True,0.03999321028965852,-22.05413664161694,0.44606708047473775,curve
t2_20261002_082349,19,15.878,1.1419999999999995,163,14.5,33.7,6.630930534237592,6.630930534237592,163,14,True,0.0036627460560740843,5.8589395082491915,0.43509582309208694,curve
t2_20261002_082349,19,15.9,1.1199999999999992,163,14.5,33.7,9.741654523595194,9.741654523595194,163,14,True,0.027236114610111883,144.2784834689028,0.4248314026279165,curve
t2_20261002_082349,19,15.933,1.0869999999999997,163,14.5,33.7,9.710867480424724,9.710867480424724,163,14,True,0.02056638103753805,-1.0197341736838463,0.4172853770697187,curve
t2_20261002_082349,19,15.966,1.0540000000000003,163,14.5,33.7,9.924892732641062,9.924892732641062,163,14,True,0.020639643589404955,6.001934862969688,0.4076763511683641,curve
t2_20261002_082349,19,15.997,1.0229999999999997,163,14.5,33.7,11.558724933512927,11.558724933512927,163,14,True,0.02844774162293362,52.922227695801105,0.4076763511683641,curve
t2_20261002_082349,19,16.034,0.9860000000000007,163,14.5,33.7,11.177299879059852,11.177299879059852,163,14,True,0.02299422967095488,-10.324787896310749,0.4003670811889388,curve
t2_20261002_082349,19,16.061,0.9589999999999996,163,14.5,33.7,11.164827393830102,11.164827393830102,163,14,True,0.016649039588237713,-0.4512269717647946,0.3910852664897688,curve
t2_20261002_082349,19,16.108,0.911999999999999,163,14.5,33.7,11.516219734869352,11.516219734869352,163,14,True,0.02828148667301278,6.670832880213544,0.3841034430452943,curve
t2_20261002_082349,19,16.14,0.879999999999999,163,14.5,33.7,11.835363085550412,11.835363085550412,163,14,True,0.0097023072628879,10.242705257148911,0.375341706969305,curve
t2_20261002_082349,19,16.172,0.847999999999999,163,14.5,33.7,11.846522981561193,11.846522981561193,163,14,True,0.022189796516626004,0.21457753758722367,0.3670988388223666,curve
t2_20261002_082349,19,16.204,0.815999999999999,163,14.5,33.7,11.225436376115859,11.225436376115859,163,14,True,0.024300350122995695,-18.64722068992762,0.36186603237277337,curve
t2_20261002_082349,19,16.237,0.7830000000000013,163,14.5,33.7,10.856370373808183,10.856370373808183,163,14,True,0.024300350122995695,-10.366248621163098,0.36186603237277337,curve
t2_20261002_082349,19,16.29,0.7300000000000004,163,14.5,33.7,11.416399994522259,11.416399994522259,163,14,True,0.013913091608404926,10.273356789445327,0.3557291495015278,curve
t2_20261002_082349,19,16.332,0.6879999999999988,163,14.5,33.7,13.048867682744287,13.048867682744287,163,14,True,0.012830695586863783,39.447759280216104,0.35327785072551654,curve
t2_20261002_082349,19,16.364,0.6559999999999988,163,14.5,33.7,14.52631964197299,14.52631964197299,163,14,True,0.027709032177911652,43.96321579005352,0.3512022762475455,curve
t2_20261002_082349,19,16.397,0.6230000000000011,163,14.5,33.7,14.601561131780535,14.601561131780535,163,14,True,0.006070601411126475,2.8635325716982183,0.3523667603729237,curve
t2_20261002_082349,19,16.428,0.5919999999999987,163,14.5,33.7,14.717443949998952,14.717443949998952,163,14,True,0.015189233953940118,5.560884913472176,0.35775869400892635,curve
t2_20261002_082349,19,16.459,0.5609999999999999,163,14.5,33.8,14.334444315423099,14.334444315423099,163,14,True,0.01628901717422515,-15.199397249745896,0.3676734585159731,curve
t2_20261002_082349,19,16.492,0.5279999999999987,163,14.5,33.8,15.15622768769343,15.15622768769343,163,14,True,0.05734206064428449,25.476537725320156,0.3676734585159731,curve
t2_20261002_082349,19,16.528,0.4920000000000009,163,14.5,33.8,15.86554560413137,15.86554560413137,163,14,True,0.022538509302862053,20.202297481209644,0.38369121317039445,curve
t2_20261002_082349,19,16.557,0.46300000000000097,163,14.5,33.8,17.150987083771653,17.150987083771653,163,14,True,0.035459112021674954,43.11186735248372,0.47453652371336075,curve
t2_20261002_082349,19,16.605,0.41499999999999915,163,14.5,33.9,17.31110702677423,17.31110702677423,163,14,True,0.05499452613165445,2.614079917303277,0.5096073397666174,curve
t2_20261002_082349,19,16.621,0.3990000000000009,163,14.5,33.9,17.678120966521057,17.678120966521057,163,14,True,0.014115203217233585,21.759309157193716,0.5628101367584146,curve
t2_20261002_082349,19,16.674,0.3460000000000001,163,14.5,33.9,19.662218091625952,19.662218091625952,163,14,True,0.018404619507283115,37.57257594860974,0.6293282014579904,curve
t2_20261002_082349,19,16.7,0.3200000000000003,163,14.5,33.9,20.55318041171966,20.55318041171966,163,14,False,0.01750978243140011,33.22228790075151,0.8368698484956587,curve
t2_20261002_082349,19,16.758,0.26200000000000045,163,14.5,33.9,21.161377514572926,21.161377514572926,163,14,False,0.01750978243140011,33.22228790075151,0.8368698484956587,curve
t2_20261002_082349,19,16.796,0.2240000000000002,163,14.5,33.9,22.065876140821665,22.065876140821665,163,14,False,0.01750978243140011,33.22228790075151,0.8368698484956587,curve
t2_20261002_082349,19,16.835,0.18499999999999872,163,14.5,33.9,21.20337553357313,21.20337553357313,163,13.277777777777779,False,0.01750978243140011,33.22228790075151,0.8368698484956587,curve
t2_20261002_082349,19,16.86,0.16000000000000014,163,14.5,33.9,18.96887127934199,18.96887127934199,163,12.38888888888889,False,0.01750978243140011,33.22228790075151,0.8368698484956587,curve
t2_20261002_082349,19,16.892,0.1280000000000001,163,14.5,33.9,16.109139093414733,16.109139093414733,163,11.555555555555555,False,0.01750978243140011,33.22228790075151,0.8368698484956587,curve
t2_20261002_082349,19,16.926,0.0940000000000012,163,14.5,33.9,11.256388962246014,11.256388962246014,163,11.555555555555555,False,0.01750978243140011,33.22228790075151,0.8368698484956587,curve
t2_20261002_082349,19,16.958,0.062000000000001165,163,14.5,33.9,5.280147563139259,5.280147563139259,163,10.666666666666666,False,0.01750978243140011,33.22228790075151,0.8368698484956587,curve
t2_20261002_082349,19,16.995,0.02499999999999858,163,14.5,33.9,-1.4357959159027587,-1.4357959159027587,163,9.777777777777779,False,0.01750978243140011,33.22228790075151,0.8368698484956587,curve
t2_20261002_082349,19,17.02,0.0,163,14.5,33.9,-8.533856954823698,-8.533856954823698,163,9.777777777777779,False,0.01750978243140011,33.22228790075151,0.8368698484956587,curve
t2_20261002_082349,20,9.661,1.9850000000000012,76,14.5,46.2,6.972454186300169,6.972454186300169,76,5.777777777777778,False,0.015658639329251933,-9.529603107789905,1.0821025501175812,curve
t2_20261002_082349,20,9.693,1.9530000000000012,76,14.5,46.2,6.887707376363593,6.887707376363593,76,5.777777777777778,False,0.015658639329251933,-2.809358041504585,1.0821025501175812,curve
t2_20261002_082349,20,9.727,1.9190000000000005,76,14.5,46.2,5.603204465277102,5.603204465277102,76,5.777777777777778,False,0.08291832216315509,-36.318172429334716,1.0467738346669049,curve
t2_20261002_082349,20,9.759,1.8870000000000005,76,14.5,46.2,6.4566706647296,6.4566706647296,76,5.777777777777778,False,0.17181155561868744,26.419022425843977,1.0467738346669049,curve
t2_20261002_082349,20,9.8,1.846,76,14.5,46.2,7.007809418158146,7.007809418158146,76,5.777777777777778,False,0.06328870833752154,13.045764714022857,0.9986489671865297,curve
t2_20261002_082349,20,9.838,1.8080000000000016,76,14.5,46.2,6.676272985039972,6.676272985039972,76,5.777777777777778,False,0.03874501573135136,-9.504177168911514,0.9986489671865297,curve
t2_20261002_082349,20,9.877,1.7690000000000001,76,14.5,46.2,5.404619114199392,5.404619114199392,76,5.777777777777778,False,0.012377827946718156,-32.401696293765525,0.9358559843427643,curve
t2_20261002_082349,20,9.901,1.745000000000001,76,14.5,46.2,5.671365677003507,5.671365677003507,76,5.777777777777778,False,0.08600890576522913,11.68142946057533,0.9358559843427643,curve
t2_20261002_082349,20,9.933,1.713000000000001,76,14.5,46.2,5.911151109917228,5.911151109917228,76,5.777777777777778,False,0.012630439619255807,7.650110340744885,0.85245798867013,curve
t2_20261002_082349,20,9.965,1.681000000000001,76,14.5,46.2,6.115673136766517,6.115673136766517,76,5.777777777777778,False,0.03645694559308499,6.316991712206589,0.85245798867013,curve
t2_20261002_082349,20,10,1.6460000000000008,76,14.5,46.2,5.388464861609506,5.388464861609506,76,5.777777777777778,False,0.04793607947862277,-22.39425795305046,0.7609113391094247,curve
t2_20261002_082349,20,10.062,1.5840000000000014,76,14.5,46.2,4.5118157340039176,4.5118157340039176,76,5.777777777777778,False,0.04793607947862277,-13.314019760901532,0.7609113391094247,curve
t2_20261002_082349,20,10.093,1.5530000000000008,76,14.5,46.2,3.937335153072482,3.937335153072482,76,5.777777777777778,False,0.06816549560926255,-19.36513327199366,0.666600203056626,curve
t2_20261002_082349,20,10.131,1.5150000000000006,76,14.5,46.2,4.476543154442325,4.476543154442325,76,5.777777777777778,False,0.09270918821543273,13.952022514234995,0.666600203056626,curve
t2_20261002_082349,20,10.16,1.4860000000000007,76,14.5,46.2,4.94674761647039,4.94674761647039,76,5.777777777777778,False,0.09270918821543273,16.422966814850017,0.666600203056626,curve
t2_20261002_082349,20,10.2,1.4460000000000015,76,14.5,46.2,4.461214307861397,4.461214307861397,76,5.777777777777778,False,0.09812382147966314,-12.234877240498674,0.5879919933455477,curve
t2_20261002_082349,20,10.222,1.4240000000000013,76,14.5,46.2,5.007833849090403,5.007833849090403,76,5.777777777777778,True,0.09812382147966314,25.165746835839027,0.5879919933455477,curve
t2_20261002_082349,20,10.254,1.3920000000000012,76,14.5,46.2,5.350744376727846,5.350744376727846,76,5.777777777777778,True,0.01674806930209094,10.700727224274754,0.5208295651930221,curve
t2_20261002_082349,20,10.286,1.3600000000000012,76,14.5,46.2,3.4545559147455265,3.4545559147455265,76,5.777777777777778,True,0.04018430650625948,-58.06374202547668,0.5244345896147391,curve
t2_20261002_082349,20,10.333,1.3130000000000006,76,14.5,46.2,4.239091363947054,4.239091363947054,76,5.888888888888889,True,0.08927169171859983,16.545993494973583,0.5244345896147391,curve
t2_20261002_082349,20,10.366,1.2800000000000011,76,14.5,46.2,4.6227625809465565,4.6227625809465565,76,6.555555555555555,True,0.045718770725217794,10.994191889478891,0.4715317986307319,curve
t2_20261002_082349,20,10.4,1.2460000000000004,76,14.5,46.2,4.583669330881136,4.583669330881136,76,7.166666666666667,True,0.041715639817369254,-0.983714614753974,0.46816069454476494,curve
t2_20261002_082349,20,10.439,1.2070000000000007,76,14.5,46.2,5.197063796032168,5.197063796032168,76,7.833333333333333,True,0.10978219050018545,15.598675594731814,0.42744544317722166,curve
t2_20261002_082349,20,10.462,1.184000000000001,76,14.5,46.2,6.524641816810288,6.524641816810288,76,7.833333333333333,True,0.10978219050018545,56.60463103338919,0.42744544317722166,curve
t2_20261002_082349,20,10.493,1.1530000000000005,76,14.5,46.2,6.6277372566127895,6.6277372566127895,76,8.5,True,0.011803876810552172,3.4325872450230466,0.3872285582315511,curve
t2_20261002_082349,20,10.525,1.1210000000000004,76,14.5,46.2,6.739500316326186,6.739500316326186,76,9.166666666666666,True,0.011803876810552172,3.391906733981572,0.3872285582315511,curve
t2_20261002_082349,20,10.559,1.0870000000000015,76,14.5,46.2,6.742341746794693,6.742341746794693,76,9.833333333333334,True,0.01248033700176876,-0.0066972532642198546,0.36938299554389653,curve
t2_20261002_082349,20,10.606,1.040000000000001,76,14.5,46.2,4.89577132960936,4.89577132960936,76,10.5,True,0.04125642107778971,-39.51102423813936,0.3458651019876493,curve
t2_20261002_082349,20,10.622,1.024000000000001,76,14.5,46.2,4.700238435299326,4.700238435299326,76,10.5,True,0.04125642107778971,-13.354172533379767,0.3458651019876493,curve
t2_20261002_082349,20,10.652,0.9940000000000015,76,14.5,46.2,4.272719831695085,4.272719831695085,76,11.166666666666666,True,0.04125642107778971,-14.598968692995095,0.3458651019876493,curve
t2_20261002_082349,20,10.686,0.9600000000000009,76,14.5,46.2,4.449708710956543,4.449708710956543,76,11.833333333333334,True,0.04001698135910958,6.722519029395304,0.3216725879258928,curve
t2_20261002_082349,20,10.717,0.9290000000000003,76,14.5,46.2,2.7055275583509015,2.7055275583509015,76,11.833333333333334,True,0.04001698135910958,-56.20215220763623,0.3216725879258928,curve
t2_20261002_082349,20,10.759,0.8870000000000005,76,14.5,46.2,2.636425706086044,2.636425706086044,76,12.444444444444445,True,0.059791931020532374,-1.9080473093121015,0.29551133253444517,curve
t2_20261002_082349,20,10.782,0.8640000000000008,76,14.5,46.2,2.143262463776253,2.143262463776253,76,13.11111111111111,True,0.020867758985682272,-21.66383207080561,0.28889432290033,curve
t2_20261002_082349,20,10.814,0.8320000000000007,76,14.5,46.2,-1.4759675951714115,-1.4759675951714115,76,13.777777777777779,True,0.06995514419802262,-116.97698057197245,0.28889432290033,curve
t2_20261002_082349,20,10.861,0.7850000000000001,76,14.5,46.2,-1.4067963769503464,-1.4067963769503464,76,14,True,0.01260507383847198,2.209853097749896,0.2638745088871599,curve
t2_20261002_082349,20,10.893,0.7530000000000001,76,14.5,46.2,-0.9901597214260249,-0.9901597214260249,76,14,True,0.030794877225028827,12.696409756747489,0.2691074821401127,curve
t2_20261002_082349,20,10.926,0.7200000000000006,76,14.5,46.2,-1.0600118373014311,-1.0600118373014311,76,14,True,0.006251184618858652,-2.294874439128722,0.2691074821401127,curve
t2_20261002_082349,20,10.96,0.6859999999999999,76,14.5,46.2,-0.30439224786940855,-0.30439224786940855,76,14,True,0.0074213636269773176,22.46907538565246,0.26077238252904467,curve
t2_20261002_082349,20,10.989,0.657,76,14.5,46.2,-0.07380062644990204,-0.07380062644990204,76,14,True,0.0413760360658717,8.749207046906182,0.2826350241402791,curve
t2_20261002_082349,20,11.024,0.6220000000000017,76,14.5,46.2,1.0528038630427758,1.0528038630427758,76,14,True,0.09037619124406504,33.608951774937815,0.3137734951746345,curve
t2_20261002_082349,20,11.054,0.5920000000000005,76,14.5,46.2,2.3926656047736543,2.3926656047736543,76,14,True,0.07614606121366041,40.12849043819935,0.2876883544333322,curve
t2_20261002_082349,20,11.092,0.5540000000000003,76,14.5,46.2,4.155629702108726,4.155629702108726,76,14,True,0.11426198609972538,47.42197330682856,0.32900105723690976,curve
t2_20261002_082349,20,11.118,0.5280000000000005,76,14.5,46.2,2.845993459392055,2.845993459392055,76,14,True,0.11426198609972538,-49.59768474530805,0.32900105723690976,curve
t2_20261002_082349,20,11.16,0.48600000000000065,76,14.5,46.4,4.608033721719188,4.608033721719188,76,14,True,0.1532434481438032,43.45486866817285,0.3580831425675761,curve
t2_20261002_082349,20,11.182,0.4640000000000004,76,14.5,46.4,7.115012803263845,7.115012803263845,76,14,True,0.1887607905908708,114.02447280205777,0.42714706188268137,curve
t2_20261002_082349,20,11.214,0.4320000000000004,76,14.5,46.4,10.854133122115421,10.854133122115421,76,14,True,0.1579169803943956,118.2227760759858,0.5141293280820594,curve
t2_20261002_082349,20,11.245,0.4010000000000016,76,14.5,46.4,12.377854792330389,12.377854792330389,76,14,True,0.1369101784709672,47.029495538026225,0.5835974620733415,curve
t2_20261002_082349,20,11.278,0.3680000000000003,76,14.5,46.4,14.569352488334538,14.569352488334538,76,14,True,0.0990478833394679,68.39627722287011,0.7034786679210812,curve
t2_20261002_082349,20,11.316,0.33000000000000007,76,14.5,46.4,14.893218270914666,14.893218270914666,76,14,False,0.12359157594563808,8.043051179451163,0.7034786679210812,curve
t2_20261002_082349,20,11.341,0.3050000000000015,76,14.5,46.4,14.871021283672057,14.871021283672057,76,14,False,0.05641285634809545,0.23087634091571427,0.796520697795247,curve
t2_20261002_082349,20,11.374,0.27200000000000024,76,14.5,46.4,15.868473460929089,15.868473460929089,76,14,False,0.037455262501109754,30.05051602339326,0.9321206588763209,curve
t2_20261002_082349,20,11.421,0.22500000000000142,76,14.5,46.4,12.23618537722043,12.23618537722043,76,13.277777777777779,False,0.19362632083416953,-75.72070570263469,1.1528981573992794,curve
t2_20261002_082349,20,11.453,0.1930000000000014,76,14.5,46.4,6.916532246352723,6.916532246352723,76,12.38888888888889,False,0.3829294974126487,-166.96781016028953,1.2668019015285283,curve
t2_20261002_082349,20,11.487,0.1590000000000007,76,14.5,46.4,2.059259144214643,2.059259144214643,76,11.5,False,0.47494649858780713,-145.09016936475575,1.3081612937782596,curve
t2_20261002_082349,20,11.52,0.12600000000000122,76,14.5,46.4,1.5617316736583504,1.5617316736583504,76,10.61111111111111,False,0.317385008558535,-15.163047406086292,1.2914902713165288,curve
t2_20261002_082349,20,11.56,0.0860000000000003,76,14.5,46.4,-3.0230577478879965,-3.0230577478879965,76,10.61111111111111,False,0.45861390326213947,-115.27184974732684,1.318945713015645,curve
t2_20261002_082349,20,11.605,0.04100000000000037,76,14.5,46.4,-7.480453892589871,-7.480453892589871,76,9.666666666666666,False,0.45861390326213947,-115.27184974732684,1.318945713015645,curve
t2_20261002_082349,20,11.646,0.0,76,14.5,46.4,-12.979942210389439,-12.979942210389439,76,8.777777777777779,False,0.45861390326213947,-115.27184974732684,1.318945713015645,curve
t2_20261002_083430,1,4.894,1.9820000000000002,338,14.5,27.2,31.92575303053529,31.92575303053529,338,5.79,False,0.13236454082489324,141.49385137493553,3.3082610474802303,head_interference
t2_20261002_083430,1,4.924,1.952,338,14.5,27.2,31.803396417030754,31.803396417030754,338,5.79,False,0.22167073338188992,-4.082735177085582,3.3082610474802303,head_interference
t2_20261002_083430,1,4.971,1.9050000000000002,338,14.5,27.2,30.938250509021643,30.938250509021643,338,5.79,False,0.4213202742804256,-18.3106171073214,3.3082610474802303,curve
t2_20261002_083430,1,5.004,1.8720000000000008,338,14.5,27.2,30.35666277337205,30.35666277337205,338,5.79,False,0.4514325447051064,-18.03320288674731,3.3082610474802303,curve
t2_20261002_083430,1,5.035,1.8410000000000002,338,14.5,27.2,30.181003327028108,30.181003327028108,338,5.79,False,0.030448050872500687,-5.503060419740958,3.7307680831603163,curve
t2_20261002_083430,1,5.069,1.8070000000000004,338,14.5,27.2,29.998811191082268,29.998811191082268,338,5.79,False,0.030448050872500687,-5.233733523879652,3.7307680831603163,curve
t2_20261002_083430,1,5.099,1.7770000000000001,338,14.5,27.2,33.727920021717594,33.727920021717594,338,5.79,False,0.13461852392369167,123.14928592410486,3.8339841736524236,curve
t2_20261002_083430,1,5.131,1.745,338,14.5,27.2,32.09737784585971,32.09737784585971,338,5.79,False,0.291574716382339,-51.527937514207444,3.8339841736524236,curve
t2_20261002_083430,1,5.164,1.7120000000000006,338,14.5,27.2,31.384972743115412,31.384972743115412,338,5.79,False,0.4291428351977338,-21.495490023070015,3.8339841736524236,curve
t2_20261002_083430,1,5.197,1.6790000000000003,338,14.5,27.2,30.95703772581497,30.95703772581497,338,5.79,False,0.4291428351977338,-12.869458129999677,3.8339841736524236,curve
t2_20261002_083430,1,5.228,1.6480000000000006,338,14.5,27.2,30.895951322824644,30.895951322824644,338,5.79,False,0.0031231005700647074,-1.5944829679011705,3.7133215717128287,curve
t2_20261002_083430,1,5.267,1.609,338,14.5,27.2,30.901216539354422,30.901216539354422,338,5.79,False,0.0031231005700647074,0.4648514880955867,3.7133215717128287,curve
t2_20261002_083430,1,5.315,1.561,338,14.5,27.2,31.001049181320795,31.001049181320795,338,5.79,False,0.0031231005700647074,2.3665071341261634,3.7133215717128287,curve
t2_20261002_083430,1,5.329,1.5470000000000006,338,14.5,27.2,35.09499407049432,35.09499407049432,338,5.79,False,0.18974617840555652,297.36950151495313,3.831699673994986,curve
t2_20261002_083430,1,5.366,1.5100000000000007,338,14.5,27.2,35.959375252623104,35.959375252623104,338,5.79,False,0.340308678405556,22.775802760340458,3.831699673994986,curve
t2_20261002_083430,1,5.391,1.4850000000000003,338,14.5,27.2,35.73252951429312,35.73252951429312,338,5.79,False,0.45023941171356796,-9.090812235508773,3.831699673994986,curve
t2_20261002_083430,1,5.428,1.4480000000000004,338,14.5,27.2,35.46285333202411,35.46285333202411,338,5.79,False,0.015157092384766813,-8.135233799635047,3.831699673994986,curve
t2_20261002_083430,1,5.469,1.407,338,14.5,27.2,35.44798786336203,35.44798786336203,338,5.79,False,0.007526014566256123,-1.5963916779020393,3.831699673994986,curve
t2_20261002_083430,1,5.499,1.3770000000000007,338,14.5,27.2,35.18313109040284,35.18313109040284,338,5.79,False,0.1230258996310738,-9.26129057286459,3.831699673994986,curve
t2_20261002_083430,1,5.533,1.343,338,14.5,27.2,34.25816559853972,34.25816559853972,338,5.79,False,0.2985442480217877,-27.869868010061612,3.831699673994986,curve
t2_20261002_083430,1,5.565,1.311,338,14.5,27.2,37.374160322235824,37.374160322235824,338,5.79,False,0.5325521555685846,98.71450479481393,3.939307259871157,curve
t2_20261002_083430,1,5.596,1.2800000000000002,338,14.5,27.2,35.70430155981941,35.70430155981941,338,5.79,False,0.11263310124324022,-53.050078463891126,3.803756783820979,curve
t2_20261002_083430,1,5.629,1.2470000000000008,338,14.5,27.2,35.0344757246053,35.0344757246053,338,5.79,False,0.11263310124324022,-20.39774368293067,3.803756783820979,curve
t2_20261002_083430,1,5.667,1.2090000000000005,338,14.5,27.2,34.961011004919214,34.961011004919214,338,5.79,False,0.014458330818559517,-2.1023577667155444,3.803756783820979,curve
t2_20261002_083430,1,5.692,1.1840000000000002,338,14.5,27.2,33.902559132598384,33.902559132598384,338,5.79,False,0.22421440863707076,-43.01320130612707,3.803756783820979,curve
t2_20261002_083430,1,5.724,1.1520000000000001,338,14.5,27.2,32.54729877775556,32.54729877775556,338,5.79,False,0.35291440883376524,-42.51230347590614,3.803756783820979,curve
t2_20261002_083430,1,5.757,1.1190000000000007,338,14.5,27.2,30.987734076823216,30.987734076823216,338,5.79,False,0.4317011051234534,-46.4364132758919,3.803756783820979,curve
t2_20261002_083430,1,5.797,1.0790000000000006,338,14.5,27.2,34.11322014888171,34.11322014888171,338,5.79,False,0.12527182600820197,79.11639429262561,3.8792946477398784,curve
t2_20261002_083430,1,5.822,1.0540000000000003,338,14.5,27.2,34.485364089614734,34.485364089614734,338,5.79,False,0.1007281334020309,14.976840938815556,3.8792946477398784,curve
t2_20261002_083430,1,5.851,1.0250000000000004,338,14.5,27.2,33.929382568083184,33.929382568083184,338,5.79,False,0.1007281334020309,-19.001965529574324,3.8792946477398784,curve
t2_20261002_083430,1,5.884,0.992,338,14.5,27.2,32.68846474510295,32.68846474510295,338,5.79,False,0.25933432600820083,-38.18128372741061,3.8792946477398784,curve
t2_20261002_083430,1,5.916,0.96,338,14.5,27.2,31.101262348348357,31.101262348348357,338,5.79,False,0.39215932595902814,-48.814715584246734,3.8792946477398784,curve
t2_20261002_083430,1,5.949,0.9270000000000005,338,14.5,27.2,29.501644344768252,29.501644344768252,338,5.79,False,0.44433982988841336,-48.447196441365875,3.8792946477398784,curve
t2_20261002_083430,1,5.981,0.8950000000000005,338,14.5,27.2,32.57221842932897,32.57221842932897,338,5.79,False,0.11181108060625178,95.68993440594666,3.7882419295454883,curve
t2_20261002_083430,1,6.029,0.8470000000000004,338,14.5,27.2,31.64756772015744,31.64756772015744,338,5.79,False,0.11181108060625178,-20.231736643360968,3.7882419295454883,curve
t2_20261002_083430,1,6.066,0.8100000000000005,338,14.5,27.2,30.067929836292222,30.067929836292222,338,5.79,False,0.26629227321242155,-42.802292508054734,3.7882419295454883,curve
t2_20261002_083430,1,6.087,0.7890000000000006,338,14.5,27.2,28.489280883897862,28.489280883897862,338,5.79,False,0.3801422733107689,-74.8385516024474,3.7882419295454883,curve
t2_20261002_083430,1,6.124,0.7520000000000007,338,14.5,27.2,26.578024063004847,26.578024063004847,338,5.79,False,0.43087908448646495,-51.80417669850137,3.7882419295454883,curve
t2_20261002_083430,1,6.162,0.7140000000000004,338,14.5,27.2,25.475077284589716,25.475077284589716,338,5.79,False,0.3817916992741246,-29.02391698361857,3.7882419295454883,curve
t2_20261002_083430,1,6.188,0.6880000000000006,338,14.5,27.2,25.24627219292904,25.24627219292904,338,5.79,False,0.01061298151342882,-8.555465783087241,3.6376639657660435,curve
t2_20261002_083430,1,6.228,0.6480000000000006,338,14.5,27.2,28.025751129537795,28.025751129537795,338,5.79,False,0.0882600755019034,71.20944566178242,3.6726664737560384,curve
t2_20261002_083430,1,6.25,0.6260000000000003,338,14.5,27.2,27.625601472623146,27.625601472623146,338,5.79,False,0.11280376810807269,-18.494673937772276,3.6726664737560384,curve
t2_20261002_083430,1,6.283,0.593,338,14.5,27.2,26.26183475007602,26.26183475007602,338,5.79,False,0.27656603868027574,-41.27561963943811,3.6726664737560384,curve
t2_20261002_083430,1,6.315,0.5609999999999999,338,14.5,27.2,25.116311324698913,25.116311324698913,338,5.79,False,0.4318717719882863,-35.223434865224725,3.6726664737560384,curve
t2_20261002_083430,1,6.377,0.49900000000000055,338,14.5,27.2,23.395594182199147,23.395594182199147,338,5.79,False,0.1627059834837028,-27.97472175185485,3.4771843476535103,curve
t2_20261002_083430,1,6.412,0.4640000000000004,338,14.5,27.2,22.81391634703469,22.81391634703469,338,5.79,False,0.08907490566519183,-16.323026427132007,3.4771843476535103,curve
t2_20261002_083430,1,6.445,0.43100000000000005,338,14.5,27.2,24.49497040120407,24.49497040120407,338,5.79,False,0.18387909774284283,51.1910558504346,3.731425144889213,curve
t2_20261002_083430,1,6.492,0.38400000000000034,338,14.5,27.2,23.752977682765987,23.752977682765987,338,5.79,False,0.1486091720139946,-15.939100580487597,3.545015925971537,curve
t2_20261002_083430,1,6.523,0.35300000000000065,338,14.5,27.2,23.499741665463006,23.499741665463006,338,5.79,False,0.2113087127158355,-7.734807276596917,3.545015925971537,curve
t2_20261002_083430,1,6.559,0.31700000000000017,338,14.5,27.2,22.21530446749223,22.21530446749223,338,5.79,False,0.2113087127158355,-35.426797166033055,3.545015925971537,curve
t2_20261002_083430,1,6.59,0.2860000000000005,338,14.5,27.2,20.552724396815734,20.552724396815734,338,5.79,False,0.33402717574668683,-54.669951036802715,3.545015925971537,curve
t2_20261002_083430,1,6.627,0.24900000000000055,338,14.5,27.2,19.135799930931185,19.135799930931185,338,5.79,False,0.3831145609590272,-37.81960591692334,3.545015925971537,curve
t2_20261002_083430,1,6.651,0.22500000000000053,338,14.5,27.2,19.71154931736436,19.71154931736436,338,5.79,False,0.2717172872713438,24.37749740472532,3.374130641393966,curve
t2_20261002_083430,1,6.683,0.1930000000000005,338,14.5,27.2,18.56419348417927,18.56419348417927,338,5.79,False,0.19808620945283284,-35.27554750920212,3.374130641393966,curve
t2_20261002_083430,1,6.72,0.15600000000000058,338,14.5,27.2,17.150118481177724,17.150118481177724,338,5.79,False,0.29234240196065553,-38.59192013245296,3.374130641393966,curve
t2_20261002_083430,1,6.765,0.11100000000000065,338,14.5,27.2,15.355440868453716,15.355440868453716,338,5.79,False,0.29234240196065553,-38.59192013245296,3.374130641393966,curve
t2_20261002_083430,1,6.779,0.09700000000000042,338,14.5,27.2,15.060330197733084,15.060330197733084,338,5.79,False,0.29234240196065553,-38.59192013245296,3.374130641393966,curve
t2_20261002_083430,1,6.812,0.06400000000000006,338,14.5,27.2,12.50595446935689,12.50595446935689,338,5.79,False,0.29234240196065553,-38.59192013245296,3.374130641393966,curve
t2_20261002_083430,1,6.846,0.03000000000000025,338,14.5,27.2,6.947950513343681,6.947950513343681,338,5.79,False,0.29234240196065553,-38.59192013245296,3.374130641393966,curve
t2_20261002_083430,1,6.876,0.0,338,14.5,27.2,0.2553005608006167,0.2553005608006167,338,5.79,False,0.29234240196065553,-38.59192013245296,3.374130641393966,curve
t2_20261002_083430,2,12.512,1.9859999999999989,479,14.5,29,-1.949115684028179,-1.949115684028179,479,13.833333333333334,True,0.025628171570343916,5.663356620200856,0.14559922185719554,curve
t2_20261002_083430,2,12.57,1.927999999999999,479,14.5,29,-0.6963233862936349,-0.6963233862936349,479,12.944444444444445,True,0.041647664750919855,22.515916258901683,0.12922836235394408,curve
t2_20261002_083430,2,12.618,1.879999999999999,479,14.5,29,0.1082262533232381,0.1082262533232381,479,12.11111111111111,True,0.048811738568887986,15.50348945885473,0.11523809041399868,curve
t2_20261002_083430,2,12.639,1.859,479,14.5,29,-0.9941176392839921,-0.9941176392839921,479,11.222222222222221,True,0.024268045962717366,-49.65740140262692,0.11523809041399868,curve
t2_20261002_083430,2,12.672,1.8259999999999987,479,14.5,29,-0.7705692891861915,-0.7705692891861915,479,10.333333333333334,True,0.024268045962717366,7.884608440237757,0.11523809041399868,curve
t2_20261002_083430,2,12.703,1.795,479,14.5,29,-0.4791068009838,-0.4791068009838,479,9.5,True,0.03373372649786832,9.096550978002101,0.10313102625721982,clean
t2_20261002_083430,2,12.735,1.763,479,14.5,29,-0.03595745119635296,-0.03595745119635296,479,8.61111111111111,True,0.05827741910403894,12.690474358752196,0.10313102625721982,clean
t2_20261002_083430,2,12.785,1.7129999999999992,479,14.5,29,0.6404236087026973,0.6404236087026973,479,7.722222222222222,True,0.03592375496938072,13.962251232297868,0.09687936568766942,clean
t2_20261002_083430,2,12.817,1.6809999999999992,479,14.5,29,-0.00010025463146945413,-0.00010025463146945413,479,7.722222222222222,True,0.03592375496938072,-20.32663245476902,0.09687936568766942,clean
t2_20261002_083430,2,12.854,1.6440000000000001,479,14.5,29,0.24502598124809083,0.24502598124809083,479,6.833333333333333,True,0.03592375496938072,6.418649690172137,0.09687936568766942,clean
t2_20261002_083430,2,12.88,1.6179999999999986,479,14.5,29,0.4716301680188124,0.4716301680188124,479,6,True,0.038826602125271226,8.855943878244805,0.09591342675629821,clean
t2_20261002_083430,2,12.91,1.5879999999999992,479,14.5,29,0.8451243939596722,0.8451243939596722,479,5.777777777777778,True,0.08791398733761202,11.859487908828495,0.09591342675629821,clean
t2_20261002_083430,2,12.944,1.5539999999999985,479,14.5,29,1.3642432614261466,1.3642432614261466,479,5.777777777777778,True,0.08791398733761202,15.06027354020103,0.09591342675629821,clean
t2_20261002_083430,2,12.976,1.5219999999999985,479,14.5,29,1.5955443519568178,1.5955443519568178,479,5.777777777777778,True,0.038826602125271226,6.986763849109027,0.09591342675629821,clean
t2_20261002_083430,2,13.018,1.4799999999999986,479,14.5,29,1.7410866898583848,1.7410866898583848,479,5.777777777777778,True,0.03596302748986657,3.6265139669671607,0.1018179236229293,clean
t2_20261002_083430,2,13.052,1.4459999999999997,479,14.5,29,1.116321096851884,1.116321096851884,479,5.777777777777778,True,0.03596302748986657,-18.716989148280213,0.1018179236229293,clean
t2_20261002_083430,2,13.072,1.4260000000000002,479,14.5,29,1.356059305793174,1.356059305793174,479,5.777777777777778,True,0.06050672009603719,11.90573183342444,0.1018179236229293,clean
t2_20261002_083430,2,13.104,1.3940000000000001,479,14.5,29,1.6305969272131478,1.6305969272131478,479,5.777777777777778,True,0.03596302748986657,8.37387045207449,0.1018179236229293,clean
t2_20261002_083430,2,13.137,1.3609999999999989,479,14.5,29,1.8241682722948411,1.8241682722948411,479,5.777777777777778,True,0.03215132365393725,6.007391468054083,0.11801407963167954,curve
t2_20261002_083430,2,13.176,1.3219999999999992,479,14.5,29,2.0023899678279875,2.0023899678279875,479,5.777777777777778,True,0.03215132365393725,4.765002826789329,0.11801407963167954,curve
t2_20261002_083430,2,13.2,1.298,479,14.5,29,2.3167399749553894,2.3167399749553894,479,5.777777777777778,True,0.05669501626010742,13.598320176095795,0.11801407963167954,curve
t2_20261002_083430,2,13.231,1.2669999999999995,479,14.5,29.1,2.3233323890801714,2.3233323890801714,479,5.777777777777778,True,0.048073965768280935,0.057595415907423134,0.14065033578761676,curve
t2_20261002_083430,2,13.264,1.234,479,14.5,29.1,2.8688077489070807,2.8688077489070807,479,5.777777777777778,True,0.048073965768280935,15.409191940074779,0.14065033578761676,curve
t2_20261002_083430,2,13.312,1.186,479,14.5,29.1,3.443340473669231,3.443340473669231,479,5.777777777777778,True,0.07261765837445111,11.613450788178218,0.14065033578761676,curve
t2_20261002_083430,2,13.348,1.1499999999999986,479,14.5,29.1,3.7016978913926692,3.7016978913926692,479,5.777777777777778,True,0.011989208882471125,6.959322485055041,0.17832899074332653,curve
t2_20261002_083430,2,13.376,1.1219999999999999,479,14.5,29.1,3.7601421569744957,3.7601421569744957,479,5.777777777777778,True,0.011989208882471125,2.2906106356629645,0.17832899074332653,curve
t2_20261002_083430,2,13.44,1.0579999999999998,479,14.5,29.1,4.372920706951668,4.372920706951668,479,5.777777777777778,True,0.06107659409481192,9.666822686619202,0.17832899074332653,curve
t2_20261002_083430,2,13.472,1.0259999999999998,479,14.5,29.1,4.351426926986363,4.351426926986363,479,5.777777777777778,True,0.04532951467937307,0.11166052739798682,0.21744409096851847,curve
t2_20261002_083430,2,13.504,0.9939999999999998,479,14.5,29.1,3.772547202916847,3.772547202916847,479,5.777777777777778,True,0.04532951467937307,-18.276016481589295,0.21744409096851847,curve
t2_20261002_083430,2,13.555,0.9429999999999996,479,14.5,29.1,4.339297229091812,4.339297229091812,479,5.777777777777778,True,0.04862975459578722,10.816563123045041,0.2789363078094582,curve
t2_20261002_083430,2,13.567,0.9309999999999992,479,14.5,29.1,4.449529022790735,4.449529022790735,479,5.777777777777778,True,0.04862975459578722,9.71729542606018,0.2789363078094582,curve
t2_20261002_083430,2,13.598,0.8999999999999986,479,14.5,29.1,4.727775405907934,4.727775405907934,479,5.777777777777778,True,0.04862975459578722,8.721185629216148,0.2789363078094582,curve
t2_20261002_083430,2,13.632,0.8659999999999997,479,14.5,29.1,5.163099539916068,5.163099539916068,479,5.777777777777778,True,0.0731734472019574,12.77049683066657,0.2789363078094582,curve
t2_20261002_083430,2,13.664,0.8339999999999996,479,14.5,29.1,5.444012821379069,5.444012821379069,479,5.777777777777778,True,0.04862975459578722,8.586700338645302,0.2789363078094582,curve
t2_20261002_083430,2,13.696,0.8019999999999996,479,14.5,29.1,5.090877657020783,5.090877657020783,479,5.777777777777778,True,0.04865578887400002,-9.841477193936704,0.33178148865657775,curve
t2_20261002_083430,2,13.736,0.7619999999999987,479,14.5,29.1,5.034009234379134,5.034009234379134,479,5.777777777777778,True,0.04865578887400002,-1.1073816593996944,0.33178148865657775,curve
t2_20261002_083430,2,13.76,0.7379999999999995,479,14.5,29.1,5.382502865247069,5.382502865247069,479,5.777777777777778,True,0.0397918175167451,14.64506276163602,0.40678809883261513,curve
t2_20261002_083430,2,13.817,0.6809999999999992,479,14.5,29.1,6.00721131330004,6.00721131330004,479,5.777777777777778,True,0.08887920272908545,10.767271220953651,0.40678809883261513,curve
t2_20261002_083430,2,13.843,0.6549999999999994,479,14.5,29.1,6.463735376256011,6.463735376256011,479,5.777777777777778,True,0.06433551012291527,17.070507524329336,0.40678809883261513,curve
t2_20261002_083430,2,13.871,0.6269999999999989,479,14.5,29.1,6.757783697416677,6.757783697416677,479,5.777777777777778,True,0.022915260340614196,10.062212165478137,0.48775185733766113,curve
t2_20261002_083430,2,13.905,0.593,479,14.5,29.1,6.319517473901946,6.319517473901946,479,5.777777777777778,True,0.05425733661117782,-12.717683500780351,0.4635000614260534,curve
t2_20261002_083430,2,13.936,0.5619999999999994,479,14.5,29.1,6.673560308778512,6.673560308778512,479,5.777777777777778,True,0.07880102921734844,11.850178489785227,0.4635000614260534,curve
t2_20261002_083430,2,13.978,0.5199999999999996,479,14.5,29.1,6.5532057432127715,6.5532057432127715,479,5.777777777777778,True,0.031038959542364353,-2.868940926863126,0.6532691813170848,curve
t2_20261002_083430,2,13.998,0.5,479,14.5,29.1,7.005412779235449,7.005412779235449,479,5.777777777777778,False,0.0801263447547047,22.178476017716772,0.6532691813170848,curve
t2_20261002_083430,2,14.035,0.4629999999999992,479,14.5,29.1,7.514510378376485,7.514510378376485,479,5.777777777777778,False,0.0801263447547047,22.178476017716772,0.6532691813170848,curve
t2_20261002_083430,2,14.064,0.4339999999999993,479,14.5,29.1,7.821692255127715,7.821692255127715,479,5.777777777777778,False,0.0801263447547047,22.178476017716772,0.6532691813170848,curve
t2_20261002_083430,2,14.097,0.4009999999999998,479,14.5,29.1,8.113767181429758,8.113767181429758,479,5.777777777777778,False,0.0801263447547047,22.178476017716772,0.6532691813170848,curve
t2_20261002_083430,2,14.139,0.359,479,14.5,29.1,7.701252490046215,7.701252490046215,479,5.777777777777778,False,0.0801263447547047,22.178476017716772,0.6532691813170848,curve
t2_20261002_083430,2,14.159,0.33899999999999864,479,14.5,29.1,8.113270360847345,8.113270360847345,479,5.777777777777778,False,0.0801263447547047,22.178476017716772,0.6532691813170848,curve
t2_20261002_083430,2,14.191,0.3069999999999986,479,14.5,29.1,8.39188054984023,8.39188054984023,479,5.777777777777778,False,0.0801263447547047,22.178476017716772,0.6532691813170848,curve
t2_20261002_083430,2,14.224,0.27399999999999913,479,14.5,29.1,9.091488774193806,9.091488774193806,479,5.777777777777778,False,0.0801263447547047,22.178476017716772,0.6532691813170848,curve
t2_20261002_083430,2,14.255,0.24299999999999855,479,14.5,29.1,9.50663277164172,9.50663277164172,479,5.777777777777778,False,0.0801263447547047,22.178476017716772,0.6532691813170848,curve
t2_20261002_083430,2,14.298,0.1999999999999993,479,14.5,29.1,10.119986875791007,10.119986875791007,479,5.777777777777778,False,0.0801263447547047,22.178476017716772,0.6532691813170848,curve
t2_20261002_083430,2,14.319,0.1789999999999985,479,14.5,29.1,9.663918945414295,9.663918945414295,479,5.777777777777778,False,0.0801263447547047,22.178476017716772,0.6532691813170848,curve
t2_20261002_083430,2,14.379,0.11899999999999977,479,14.5,29.1,10.496768106864941,10.496768106864941,479,5.777777777777778,False,0.0801263447547047,22.178476017716772,0.6532691813170848,curve
t2_20261002_083430,2,14.399,0.0990000000000002,479,14.5,29.1,10.153223928429789,10.153223928429789,479,5.777777777777778,False,0.0801263447547047,22.178476017716772,0.6532691813170848,curve
t2_20261002_083430,2,14.432,0.06599999999999895,479,14.5,29.1,4.415821192258406,4.415821192258406,479,5.777777777777778,False,0.0801263447547047,22.178476017716772,0.6532691813170848,curve
t2_20261002_083430,2,14.473,0.02499999999999858,479,14.5,29.1,-0.7009303459253218,-0.7009303459253218,479,5.777777777777778,False,0.0801263447547047,22.178476017716772,0.6532691813170848,curve
t2_20261002_083430,2,14.498,0.0,479,14.5,29.1,-3.711153195852937,-3.711153195852937,479,5.777777777777778,False,0.0801263447547047,22.178476017716772,0.6532691813170848,curve
t2_20261002_083430,3,12.64,1.987,315,14.5,18.2,-0.3858958185987085,-0.3858958185987085,315,5.777777777777778,False,0.09449594758601876,29.134678509443408,1.4751751682872705,head_interference
t2_20261002_083430,3,12.671,1.9560000000000013,315,14.5,18.2,-0.6487975246193649,-0.6487975246193649,315,5.777777777777778,False,0.0031272550290228907,-8.819088677298929,1.4751751682872705,head_interference
t2_20261002_083430,3,12.719,1.9080000000000013,315,14.5,18.2,-0.26308804786908624,-0.26308804786908624,315,5.777777777777778,False,0.01255477882160605,7.332443120185988,1.2929037642363963,head_interference
t2_20261002_083430,3,12.751,1.8760000000000012,315,14.5,18.2,0.01475262265965327,0.01475262265965327,315,5.777777777777778,False,0.04472954924628603,7.9987214468608,1.2929037642363963,head_interference
t2_20261002_083430,3,12.785,1.8420000000000005,315,14.5,18.2,-0.38461111937917636,-0.38461111937917636,315,5.777777777777778,False,0.008079611087115524,-12.78484703137679,1.288813669586499,head_interference
t2_20261002_083430,3,12.82,1.8070000000000004,315,14.5,18.2,-0.28806000825960965,-0.28806000825960965,315,5.777777777777778,False,0.03262330369328659,3.2728502754683384,1.288813669586499,head_interference
t2_20261002_083430,3,12.847,1.7800000000000011,315,14.5,18.2,-0.1153707081887454,-0.1153707081887454,315,5.777777777777778,False,0.03262330369328659,7.041050779767931,1.288813669586499,head_interference
t2_20261002_083430,3,12.879,1.748000000000001,315,14.5,18.2,0.5556067558846145,0.5556067558846145,315,5.777777777777778,False,0.05716699629945765,21.06195706051429,1.288813669586499,head_interference
t2_20261002_083430,3,12.911,1.716000000000001,315,14.5,18.2,0.760423056075016,0.760423056075016,315,5.777777777777778,False,0.01033010409766888,6.790631047765971,1.0804001884268448,head_interference
t2_20261002_083430,3,12.944,1.6829999999999998,315,14.5,18.2,0.8232472963553228,0.8232472963553228,315,5.777777777777778,False,0.01033010409766888,1.8255612658650948,1.0804001884268448,head_interference
t2_20261002_083430,3,12.981,1.6460000000000008,315,14.5,18.2,0.7429297004979496,0.7429297004979496,315,5.777777777777778,False,0.03875728111467325,-2.2696303424585516,1.0804001884268448,head_interference
t2_20261002_083430,3,13.007,1.620000000000001,315,14.5,18.2,0.4361822868503289,0.4361822868503289,315,5.777777777777778,False,0.04295986886502767,-11.65894212512444,1.242926690071839,head_interference
t2_20261002_083430,3,13.039,1.588000000000001,315,14.5,18.2,0.47647247210641197,0.47647247210641197,315,5.777777777777778,False,0.006127516347312678,1.1274235329108635,1.242926690071839,head_interference
t2_20261002_083430,3,13.072,1.5550000000000015,315,14.5,18.2,0.7156931607009618,0.7156931607009618,315,5.777777777777778,False,0.07975859416582409,7.105491668706829,1.242926690071839,head_interference
t2_20261002_083430,3,13.102,1.5250000000000004,315,14.5,18.2,1.1157050818984082,1.1157050818984082,315,5.777777777777778,False,0.07975859416582409,13.010128033523186,1.242926690071839,head_interference
t2_20261002_083430,3,13.134,1.4930000000000003,315,14.5,18.2,1.575330232204383,1.575330232204383,315,5.777777777777778,False,0.07414946681062773,14.235962688536455,1.0452665212862247,head_interference
t2_20261002_083430,3,13.167,1.4600000000000009,315,14.5,18.2,1.86630388026121,1.86630388026121,315,5.777777777777778,False,0.049605774204456665,8.952925272962764,1.0452665212862247,head_interference
t2_20261002_083430,3,13.199,1.4280000000000008,315,14.5,18.2,2.5858771174135136,2.5858771174135136,315,5.777777777777778,False,0.1232368520229663,22.194818604499062,1.0452665212862247,head_interference
t2_20261002_083430,3,13.233,1.3940000000000001,315,14.5,18.2,1.9508844470830446,1.9508844470830446,315,5.777777777777778,False,0.039507351049596906,-19.117498074147797,1.2364781364843505,head_interference
t2_20261002_083430,3,13.28,1.3470000000000013,315,14.5,18.2,2.2834731800935693,2.2834731800935693,315,5.777777777777778,False,0.039507351049596906,7.071235499622494,1.2364781364843505,head_interference
t2_20261002_083430,3,13.312,1.3150000000000013,315,14.5,18.2,3.103198355521929,3.103198355521929,315,5.777777777777778,False,0.16222581408044867,25.19745201418703,1.2364781364843505,head_interference
t2_20261002_083430,3,13.344,1.2830000000000013,315,14.5,18.2,4.4853137375374565,4.4853137375374565,315,5.777777777777778,False,0.10655078513094907,43.47907605972053,1.0968807556393334,head_interference
t2_20261002_083430,3,13.38,1.2469999999999999,315,14.5,18.2,5.088787551322657,5.088787551322657,315,5.777777777777778,False,0.10655078513094907,16.77474115210801,1.0968807556393334,head_interference
t2_20261002_083430,3,13.407,1.2200000000000006,315,14.5,18.2,6.133876520065964,6.133876520065964,315,5.777777777777778,False,0.18018186294946048,38.46898410196403,1.0968807556393334,head_interference
t2_20261002_083430,3,13.439,1.1880000000000006,315,14.5,18.2,7.085333398476667,7.085333398476667,315,5.777777777777778,False,0.02077903263637637,30.12097655448228,1.109495859163251,head_interference
t2_20261002_083430,3,13.472,1.1550000000000011,315,14.5,18.2,4.680072366264678,4.680072366264678,315,5.777777777777778,False,0.040253113576476096,-70.3608951193184,1.1629347634058984,head_interference
t2_20261002_083430,3,13.504,1.123000000000001,315,14.5,18.2,5.055443022480912,5.055443022480912,315,5.777777777777778,False,0.06479680618264716,11.801532843360452,1.1629347634058984,head_interference
t2_20261002_083430,3,13.542,1.0850000000000009,315,14.5,18.2,4.938320952806546,4.938320952806546,315,5.777777777777778,False,0.02724156751786877,-3.3286819907850824,1.0848708961099152,head_interference
t2_20261002_083430,3,13.565,1.0620000000000012,315,14.5,18.2,5.811357489141908,5.811357489141908,315,5.777777777777778,False,0.05611633789337578,37.11923856776589,1.0848708961099152,head_interference
t2_20261002_083430,3,13.599,1.0280000000000005,315,14.5,18.2,6.367061343828272,6.367061343828272,315,5.777777777777778,False,0.002625801256323612,16.769484060550635,1.1652440488941815,head_interference
t2_20261002_083430,3,13.632,0.995000000000001,315,14.5,18.2,6.326912161349629,6.326912161349629,315,5.777777777777778,False,0.002625801256323612,-0.46973955345926804,1.1652440488941815,head_interference
t2_20261002_083430,3,13.664,0.963000000000001,315,14.5,18.2,6.703843511048991,6.703843511048991,315,5.777777777777778,False,0.07100527656218736,12.56869359187748,1.1652440488941815,head_interference
t2_20261002_083430,3,13.695,0.9320000000000004,315,14.5,18.2,6.305940560294243,6.305940560294243,315,5.777777777777778,False,0.1634414025502351,-12.862968932843396,1.3671026947529632,head_interference
t2_20261002_083430,3,13.727,0.9000000000000004,315,14.5,18.3,3.5215807325622883,3.5215807325622883,315,5.777777777777778,False,0.012550180118853227,-87.89133470828114,1.1413289366585673,head_interference
t2_20261002_083430,3,13.759,0.8680000000000003,315,14.5,18.3,3.7480001401246916,3.7480001401246916,315,5.777777777777778,False,0.06347556513555652,6.922448836914183,1.2956848810453825,head_interference
t2_20261002_083430,3,13.808,0.8190000000000008,315,14.5,18.3,4.2046000191513535,4.2046000191513535,315,5.777777777777778,False,0.09513062747061429,9.02874668589507,1.2956848810453825,head_interference
t2_20261002_083430,3,13.838,0.7890000000000015,315,14.5,18.3,5.0197035478138154,5.0197035478138154,315,5.777777777777778,False,0.18196136092614612,26.791819852245712,1.2956848810453825,head_interference
t2_20261002_083430,3,13.872,0.7550000000000008,315,14.5,18.3,5.754351108882229,5.754351108882229,315,5.777777777777778,False,0.05556182493217099,21.391551307127692,1.4724248649327536,head_interference
t2_20261002_083430,3,13.904,0.7230000000000008,315,14.5,18.3,5.936370430635105,5.936370430635105,315,5.777777777777778,False,0.031018132326000813,5.564925652859761,1.4724248649327536,head_interference
t2_20261002_083430,3,13.944,0.6829999999999998,315,14.5,18.3,4.806255615966638,4.806255615966638,315,5.777777777777778,False,0.05073960426847268,-27.733699459485816,1.2370996955452016,head_interference
t2_20261002_083430,3,13.999,0.6280000000000001,315,14.5,18.3,4.449057372844084,4.449057372844084,315,5.777777777777778,False,0.057317257794260446,-6.449696916995435,1.3623338852494933,head_interference
t2_20261002_083430,3,14.036,0.5910000000000011,315,14.5,18.3,4.710037814889606,4.710037814889606,315,5.777777777777778,False,0.0408575126304207,7.315039259151592,1.3623338852494933,head_interference
t2_20261002_083430,3,14.064,0.5630000000000006,315,14.5,18.3,5.729603593727159,5.729603593727159,315,5.777777777777778,False,0.06540120523659088,36.61299989291788,1.3623338852494933,head_interference
t2_20261002_083430,3,14.102,0.5250000000000004,315,14.5,18.3,6.276835988412426,6.276835988412426,315,5.777777777777778,False,0.054079322375763184,14.267774110442735,1.8372197037404456,head_interference
t2_20261002_083430,3,14.127,0.5,315,14.5,18.3,6.736685837536189,6.736685837536189,315,5.777777777777778,False,0.0786230149819338,17.670226934110904,1.8372197037404456,head_interference
t2_20261002_083430,3,14.158,0.4690000000000012,315,14.5,18.3,5.552712187178319,5.552712187178319,315,5.777777777777778,False,0.009577282250832653,-35.96026482178562,1.7198650787998324,head_interference
t2_20261002_083430,3,14.193,0.43400000000000105,315,14.5,18.3,5.522433878151968,5.522433878151968,315,5.777777777777778,False,0.009577282250832653,-1.6503809206260387,1.7198650787998324,head_interference
t2_20261002_083430,3,14.225,0.402000000000001,315,14.5,18.3,6.075825340782462,6.075825340782462,315,5.777777777777778,False,0.11314118078001867,16.597845214758607,1.7198650787998324,head_interference
t2_20261002_083430,3,14.264,0.3630000000000013,315,14.5,18.3,6.825226568778344,6.825226568778344,315,5.777777777777778,False,0.08761237914083742,18.77257638638174,2.5137323290724454,head_interference
t2_20261002_083430,3,14.304,0.3230000000000004,315,14.5,18.3,7.673204622016353,7.673204622016353,315,5.777777777777778,False,0.06863726435317785,21.25974053562597,2.5137323290724454,head_interference
t2_20261002_083430,3,14.343,0.2840000000000007,315,14.5,18.3,8.01409094896852,8.01409094896852,315,5.777777777777778,False,0.11033947544507416,9.317501201118036,2.372367548190874,head_interference
t2_20261002_083430,3,14.367,0.2599999999999998,315,14.5,18.3,8.053557501849912,8.053557501849912,315,5.777777777777778,False,0.012378987585776713,1.671875168475396,2.372367548190874,head_interference
t2_20261002_083430,3,14.4,0.2270000000000003,315,14.5,18.3,5.955195654760825,5.955195654760825,315,5.777777777777778,False,0.06605565295011484,-62.748561703245294,2.4143736414128076,head_interference
t2_20261002_083430,3,14.432,0.19500000000000028,315,14.5,18.3,5.755699927817776,5.755699927817776,315,5.777777777777778,False,0.010303787492808247,-6.494689911701102,2.9829614709807886,head_interference
t2_20261002_083430,3,14.464,0.16300000000000026,315,14.5,18.3,6.244141559788307,6.244141559788307,315,5.777777777777778,False,0.09156594312982991,14.840672224268944,2.9829614709807886,head_interference
t2_20261002_083430,3,14.497,0.13000000000000078,315,14.5,18.3,6.191122214185828,6.191122214185828,315,5.777777777777778,False,0.14335516671048598,-1.8945664851244606,2.867557068378815,head_interference
t2_20261002_083430,3,14.53,0.09700000000000131,315,14.5,18.3,5.341213684420911,5.341213684420911,315,5.777777777777778,False,0.14335516671048598,-1.8945664851244606,2.867557068378815,head_interference
t2_20261002_083430,3,14.559,0.06800000000000139,315,14.5,18.3,4.688942594293206,4.688942594293206,315,5.777777777777778,False,0.14335516671048598,-1.8945664851244606,2.867557068378815,head_interference
t2_20261002_083430,3,14.593,0.034000000000000696,315,14.5,18.3,1.5806693400126939,1.5806693400126939,315,5.777777777777778,False,0.14335516671048598,-1.8945664851244606,2.867557068378815,head_interference
t2_20261002_083430,3,14.627,0.0,315,14.5,18.3,-4.00141731037737,-4.00141731037737,315,5.777777777777778,False,0.14335516671048598,-1.8945664851244606,2.867557068378815,head_interference
t2_20261002_083430,4,8.32,1.9849999999999994,324,14.5,21.9,31.964582774334083,31.964582774334083,324,14,True,0.03843519099987347,-21.451162984490775,0.14310599987316497,curve
t2_20261002_083430,4,8.352,1.9529999999999994,324,14.5,22,29.802416383842015,29.802416383842015,324,14,True,0.06994355872056524,-68.27136191202139,0.12922632498148756,curve
t2_20261002_083430,4,8.384,1.9209999999999994,324,14.5,22,28.868227491331183,28.868227491331183,324,14,True,0.05462719041990738,-28.365514491275327,0.11091731295972496,curve
t2_20261002_083430,4,8.417,1.888,324,14.5,22,28.00768791015541,28.00768791015541,324,14,True,0.0626578402607727,-24.52072092200938,0.09424117228072904,align
t2_20261002_083430,4,8.448,1.8569999999999993,324,14.5,22,27.41613887940109,27.41613887940109,324,14,True,0.03811414765459986,-19.663121118115402,0.09424117228072904,align
t2_20261002_083430,4,8.485,1.8200000000000003,324,14.5,22,26.749705401355854,26.749705401355854,324,14,True,0.04562320467520209,-17.89505601065597,0.07982545517010742,align
t2_20261002_083430,4,8.513,1.7919999999999998,324,14.5,22.2,25.883608407877404,25.883608407877404,324,14,True,0.05077347477526217,-29.72056178321785,0.07142232095614931,clean
t2_20261002_083430,4,8.544,1.7609999999999992,324,14.5,22.2,24.766186694129317,24.766186694129317,324,14,True,0.05077347477526217,-34.81074837093774,0.07142232095614931,clean
t2_20261002_083430,4,8.577,1.7279999999999998,324,14.5,22.2,24.155145194181756,24.155145194181756,324,14,True,0.03305673659446917,-18.366535562608938,0.06030078833817187,clean
t2_20261002_083430,4,8.615,1.6899999999999995,324,14.5,22.2,23.695088344189614,23.695088344189614,324,14,False,0.03305673659446917,-12.094967281464251,0.06030078833817187,clean
t2_20261002_083430,4,8.64,1.6649999999999991,324,14.636792452830191,22.2,22.068310395804602,22.068310395804602,324,14,False,0.03929499172336648,-63.14908199408788,0.05071421705429513,clean
t2_20261002_083430,4,8.672,1.6329999999999991,324,14.636792452830191,22.2,21.518834361325716,21.518834361325716,324,13.833333333333334,False,0.0446147426000536,-17.53142572363398,0.04259736881488996,clean
t2_20261002_083430,4,8.706,1.5990000000000002,324,14.636792452830191,22.2,20.774557369242856,20.774557369242856,324,12.88888888888889,False,0.06915843520622289,-22.59650327608161,0.04259736881488996,clean
t2_20261002_083430,4,8.752,1.552999999999999,324,14.636792452830191,22.3,21.013228466518925,21.013228466518925,324,12.055555555555555,False,0.0020325596869792406,3.6775512650936784,0.038889176902569655,clean
t2_20261002_083430,4,8.786,1.5190000000000001,324,14.636792452830191,22.3,20.73329155888149,20.73329155888149,324,11.166666666666666,False,0.05028921240450579,-8.144273484632198,0.03397442679473439,clean
t2_20261002_083430,4,8.818,1.487,324,14.636792452830191,22.3,20.165660779887446,20.165660779887446,324,11.166666666666666,False,0.05028921240450579,-17.04809073567236,0.03397442679473439,clean
t2_20261002_083430,4,8.85,1.455,324,14.636792452830191,22.3,18.70626203482678,18.70626203482678,324,10.277777777777779,False,0.05028921240450579,-46.395279641344,0.03397442679473439,clean
t2_20261002_083430,4,8.881,1.4239999999999995,324,14.636792452830191,22.3,18.232632048353267,18.232632048353267,324,9.444444444444445,False,0.05237167745863758,-15.366248211953438,0.03085283751673451,clean
t2_20261002_083430,4,8.913,1.3919999999999995,324,14.636792452830191,22.3,17.763135850525188,17.763135850525188,324,8.555555555555555,False,0.05237167745863758,-14.920884117767617,0.03085283751673451,clean
t2_20261002_083430,4,8.945,1.3599999999999994,324,14.636792452830191,22.3,17.39705087848158,17.39705087848158,324,7.722222222222222,False,0.02903617069236475,-11.663258589367581,0.02884250425104229,clean
t2_20261002_083430,4,8.978,1.327,324,14.636792452830191,22.4,17.003671587440877,17.003671587440877,324,7.722222222222222,False,0.028788039618234507,-11.66307626929604,0.02951768501400487,clean
t2_20261002_083430,4,9.015,1.2899999999999991,324,14.636792452830191,22.4,17.05314727477107,17.05314727477107,324,6.833333333333333,False,0.05333173222440557,1.5600423108320116,0.02951768501400487,clean
t2_20261002_083430,4,9.041,1.2639999999999993,324,14.636792452830191,22.4,16.7152449537873,16.7152449537873,324,6,False,0.05460435137202424,-13.00574297969426,0.027747714240359045,clean
t2_20261002_083430,4,9.072,1.2330000000000005,324,14.636792452830191,22.4,16.32769925255866,16.32769925255866,324,5.777777777777778,False,0.07914804397819353,-12.2353376483401,0.027747714240359045,clean
t2_20261002_083430,4,9.105,1.1999999999999993,324,14.636792452830191,22.4,15.866908121437968,15.866908121437968,324,5.777777777777778,False,0.07914804397819353,-14.101076978764903,0.027747714240359045,clean
t2_20261002_083430,4,9.137,1.1679999999999993,324,14.636792452830191,22.4,15.473765925371113,15.473765925371113,324,5.777777777777778,False,0.05460435137202424,-12.411877843906046,0.027747714240359045,clean
t2_20261002_083430,4,9.176,1.1289999999999996,324,14.636792452830191,22.4,15.168587035919254,15.168587035919254,324,5.777777777777778,False,0.05596239541057635,-7.810527726950177,0.026296528195091984,clean
t2_20261002_083430,4,9.2,1.1050000000000004,324,14.636792452830191,22.6,14.818503886332055,14.818503886332055,324,5.777777777777778,False,0.03148047991729186,-14.971858483565752,0.0279575184846399,clean
t2_20261002_083430,4,9.233,1.0719999999999992,324,14.636792452830191,22.6,14.236096604595739,14.236096604595739,324,5.777777777777778,False,0.056024172523461147,-17.965769670509214,0.0279575184846399,clean
t2_20261002_083430,4,9.28,1.0250000000000004,324,14.636792452830191,22.6,13.887465576098771,13.887465576098771,324,5.777777777777778,False,0.03336256886248279,-7.513586159878345,0.028237039750935722,clean
t2_20261002_083430,4,9.321,0.984,324,14.636792452830191,22.6,13.645170197433574,13.645170197433574,324,5.777777777777778,False,0.03336256886248279,-5.86148879684572,0.028237039750935722,head_interference
t2_20261002_083430,4,9.345,0.9599999999999991,324,14.636792452830191,22.6,13.499792970234454,13.499792970234454,324,5.777777777777778,False,0.03336256886248279,-6.022679742401738,0.028237039750935722,head_interference
t2_20261002_083430,4,9.396,0.9089999999999989,324,14.636792452830191,22.6,13.18876172680868,13.18876172680868,324,5.777777777777778,False,0.03593930797190481,-6.109816277894929,0.030813506614770336,head_interference
t2_20261002_083430,4,9.442,0.8629999999999995,324,14.636792452830191,22.7,12.679879121491217,12.679879121491217,324,5.777777777777778,False,0.035702432859777034,-10.599984267534529,0.0338742922053048,head_interference
t2_20261002_083430,4,9.472,0.8330000000000002,324,14.636792452830191,22.7,13.327998536219466,13.327998536219466,324,5.777777777777778,False,0.035702432859777034,21.358063670076593,0.0338742922053048,head_interference
t2_20261002_083430,4,9.506,0.7989999999999995,324,14.636792452830191,22.7,13.11328665192262,13.11328665192262,324,5.777777777777778,False,0.03880426095441614,-6.332439337981631,0.04137543023896795,head_interference
t2_20261002_083430,4,9.537,0.7679999999999989,324,14.636792452830191,22.7,12.892604707980679,12.892604707980679,324,5.777777777777778,False,0.03880426095441614,-7.09583142823019,0.04137543023896795,head_interference
t2_20261002_083430,4,9.573,0.7319999999999993,324,14.636792452830191,22.7,12.669793999645867,12.669793999645867,324,5.777777777777778,False,0.03880426095441614,-6.126556952202615,0.04137543023896795,head_interference
t2_20261002_083430,4,9.6,0.7050000000000001,324,14.636792452830191,22.7,12.442725761679936,12.442725761679936,324,5.777777777777778,False,0.03880426095441614,-8.301708689962735,0.04137543023896795,head_interference
t2_20261002_083430,4,9.632,0.673,324,14.636792452830191,22.7,12.354145950952597,12.354145950952597,324,5.777777777777778,False,0.018058718736735813,-2.7176605197942343,0.05546318321610322,head_interference
t2_20261002_083430,4,9.666,0.6389999999999993,324,14.636792452830191,22.8,11.918140430910212,11.918140430910212,324,5.777777777777778,False,0.04233695125772563,-14.096902108273095,0.060426186034646,head_interference
t2_20261002_083430,4,9.698,0.6069999999999993,324,14.636792452830191,22.8,10.085595369521128,10.085595369521128,324,5.777777777777778,False,0.017793258651554567,-55.96916441094704,0.060426186034646,head_interference
t2_20261002_083430,4,9.731,0.5739999999999998,324,14.636792452830191,22.8,9.967122557754271,9.967122557754271,324,5.777777777777778,False,0.022478780134646215,-3.4641157023053823,0.08607925186371368,head_interference
t2_20261002_083430,4,9.761,0.5440000000000005,324,14.636792452830191,22.8,9.699603319541039,9.699603319541039,324,5.777777777777778,False,0.04702247274081728,-9.369920263623504,0.08607925186371368,head_interference
t2_20261002_083430,4,9.793,0.5120000000000005,324,14.636792452830191,22.8,9.439402236594097,9.439402236594097,324,5.777777777777778,False,0.04702247274081728,-8.382261979721456,0.08607925186371368,head_interference
t2_20261002_083430,4,9.84,0.46499999999999986,324,14.636792452830191,22.8,9.336592442765399,9.336592442765399,324,5.777777777777778,False,0.002064912471524849,-2.569339444116301,0.08607925186371368,head_interference
t2_20261002_083430,4,9.886,0.4190000000000005,324,14.636792452830191,22.8,9.323801216257221,9.323801216257221,324,5.777777777777778,False,0.002064912471524849,-2.569339444116301,0.08607925186371368,head_interference
t2_20261002_083430,4,9.905,0.40000000000000036,324,14.636792452830191,23,8.920215344541612,8.920215344541612,324,5.777777777777778,False,0.002064912471524849,-2.569339444116301,0.08607925186371368,head_interference
t2_20261002_083430,4,9.939,0.36599999999999966,324,14.636792452830191,23,9.38807409150487,9.38807409150487,324,5.777777777777778,False,0.002064912471524849,-2.569339444116301,0.08607925186371368,head_interference
t2_20261002_083430,4,9.975,0.33000000000000007,324,14.636792452830191,23,9.173478255709052,9.173478255709052,324,5.777777777777778,False,0.002064912471524849,-2.569339444116301,0.08607925186371368,head_interference
t2_20261002_083430,4,10,0.3049999999999997,324,14.636792452830191,23,9.2446396839582,9.2446396839582,324,5.777777777777778,False,0.002064912471524849,-2.569339444116301,0.08607925186371368,head_interference
t2_20261002_083430,4,10.033,0.27200000000000024,324,14.636792452830191,23,9.24339136108703,9.24339136108703,324,5.777777777777778,False,0.002064912471524849,-2.569339444116301,0.08607925186371368,head_interference
t2_20261002_083430,4,10.064,0.24099999999999966,324,14.636792452830191,23,9.17257813588529,9.17257813588529,324,5.777777777777778,False,0.002064912471524849,-2.569339444116301,0.08607925186371368,head_interference
t2_20261002_083430,4,10.096,0.20899999999999963,324,14.636792452830191,23,9.025384317918972,9.025384317918972,324,5.777777777777778,False,0.002064912471524849,-2.569339444116301,0.08607925186371368,head_interference
t2_20261002_083430,4,10.139,0.16600000000000037,324,14.636792452830191,23.1,8.528354670274398,8.528354670274398,324,5.777777777777778,False,0.002064912471524849,-2.569339444116301,0.08607925186371368,head_interference
t2_20261002_083430,4,10.16,0.14499999999999957,324,14.636792452830191,23.1,7.9621438873247445,7.9621438873247445,324,5.777777777777778,False,0.002064912471524849,-2.569339444116301,0.08607925186371368,head_interference
t2_20261002_083430,4,10.192,0.11299999999999955,324,14.636792452830191,23.1,7.86722899104033,7.86722899104033,324,5.777777777777778,False,0.002064912471524849,-2.569339444116301,0.08607925186371368,head_interference
t2_20261002_083430,4,10.224,0.08099999999999952,324,14.636792452830191,23.1,8.176143744972011,8.176143744972011,324,5.777777777777778,False,0.002064912471524849,-2.569339444116301,0.08607925186371368,head_interference
t2_20261002_083430,4,10.258,0.0470000000000006,324,14.636792452830191,23.1,8.429583517286298,8.429583517286298,324,5.777777777777778,True,0.002064912471524849,-2.569339444116301,0.08607925186371368,head_interference
t2_20261002_083430,4,10.305,0.0,324,14.636792452830191,23.3,3.5924445151320565,3.5924445151320565,324,6,True,0.002064912471524849,-2.569339444116301,0.08607925186371368,head_interference
t2_20261002_083430,5,9.312,1.9730000000000008,439,14.5,25.3,61.81091646568696,61.81091646568696,439,14,True,0.1583513006420496,-72.58357024957739,0.27207127413226395,curve
t2_20261002_083430,5,9.346,1.939,439,14.5,25.3,60.2823459641089,60.2823459641089,439,14,True,0.20743868585438996,-45.33267629663135,0.27207127413226395,curve
t2_20261002_083430,5,9.374,1.9109999999999996,439,14.5,25.3,57.53074938520891,57.53074938520891,439,14,True,0.1894984309529626,-97.18097307754586,0.2713641624594496,curve
t2_20261002_083430,5,9.408,1.8770000000000007,439,14.5,25.3,54.48277185067002,54.48277185067002,439,14,True,0.1887290900075218,-88.79132824874144,0.27197878669114495,curve
t2_20261002_083430,5,9.453,1.8320000000000007,439,14.5,25.3,51.354459047452195,51.354459047452195,439,14,True,0.21327278261369287,-68.81527388960687,0.27197878669114495,curve
t2_20261002_083430,5,9.472,1.8130000000000006,439,14.5,25.3,49.910433401543244,49.910433401543244,439,14,True,0.18199314455510418,-76.89131836803926,0.2560722951672143,curve
t2_20261002_083430,5,9.52,1.7650000000000006,439,14.5,25.3,47.81561834146599,47.81561834146599,439,14,True,0.18002463067539765,-43.48826394427114,0.25110382719719215,curve
t2_20261002_083430,5,9.555,1.7300000000000004,439,14.5,25.3,44.67503762734813,44.67503762734813,439,14,True,0.18002463067539765,-89.72049341269607,0.25110382719719215,curve
t2_20261002_083430,5,9.568,1.7170000000000005,439,14.5,25.3,44.06969403330295,44.06969403330295,439,14,True,0.18002463067539765,-46.37514403449318,0.25110382719719215,curve
t2_20261002_083430,5,9.615,1.67,439,14.5,25.3,40.684360543593755,40.684360543593755,439,14,True,0.16967450391328498,-73.57167000658181,0.2591916762428865,curve
t2_20261002_083430,5,9.646,1.6389999999999993,439,14.636792452830191,25.3,38.23467604054886,38.23467604054886,439,14,True,0.13534834972573329,-79.45319569202385,0.2521570764223715,curve
t2_20261002_083430,5,9.678,1.6069999999999993,439,14.636792452830191,25.3,37.074917646738825,37.074917646738825,439,14,True,0.07970078415618609,-35.52779932817729,0.2462806180124133,curve
t2_20261002_083430,5,9.712,1.5730000000000004,439,14.5,25.3,36.16486960367705,36.16486960367705,439,14,True,0.05422934444439598,-26.578995890101737,0.2414307608364865,curve
t2_20261002_083430,5,9.748,1.5370000000000008,439,14.5,25.3,35.19329577985981,35.19329577985981,439,14,True,0.0456523445224537,-28.383772017126322,0.1987818479172816,curve
t2_20261002_083430,5,9.775,1.5099999999999998,439,14.5,25.3,34.366266919256304,34.366266919256304,439,14,True,0.07019603712862299,-29.90527584838904,0.1987818479172816,curve
t2_20261002_083430,5,9.807,1.4779999999999998,439,14.5,25.3,33.49209973051347,33.49209973051347,439,14,True,0.059064812343414985,-27.69178043575875,0.19312468877420086,curve
t2_20261002_083430,5,9.839,1.4459999999999997,439,14.5,25.3,33.09834513137848,33.09834513137848,439,14,True,0.007668950785356898,-12.837765553613611,0.19095232235388115,curve
t2_20261002_083430,5,9.872,1.4130000000000003,439,14.5,25.3,32.78294653255185,32.78294653255185,439,14,True,0.03221264339152796,-8.79919937505326,0.19095232235388115,curve
t2_20261002_083430,5,9.899,1.386000000000001,439,14.5,25.3,32.34423612080451,32.34423612080451,439,14,True,0.038755423001068934,-15.788367241829066,0.19279671349661465,curve
t2_20261002_083430,5,9.934,1.3510000000000009,439,14.5,25.3,33.189695697621886,33.189695697621886,439,14,True,0.004455368589354691,24.638653214924215,0.1991049619347609,curve
t2_20261002_083430,5,9.967,1.3179999999999996,439,14.5,25.3,32.796601583055576,32.796601583055576,439,14,True,0.004493178430632128,-11.539303379270406,0.18967777749872106,curve
t2_20261002_083430,5,10,1.2850000000000001,439,14.5,25.3,32.49559214738399,32.49559214738399,439,14,True,0.023725123288556915,-9.961019275373255,0.19943450273515229,curve
t2_20261002_083430,5,10.031,1.2539999999999996,439,14.5,25.3,32.96811171165315,32.96811171165315,439,14,True,0.0003662828085211345,14.171538629771929,0.21373893291485624,curve
t2_20261002_083430,5,10.067,1.218,439,14.5,25.3,33.10014313962513,33.10014313962513,439,14,True,0.00412842689248194,3.494453013145858,0.23233969086545203,curve
t2_20261002_083430,5,10.095,1.1899999999999995,439,14.5,25.3,33.01877267286176,33.01877267286176,439,14,True,0.00412842689248194,-2.0875795029775155,0.23233969086545203,curve
t2_20261002_083430,5,10.145,1.1400000000000006,439,14.5,25.3,32.97511725406025,32.97511725406025,439,14,True,0.013761155647284085,-1.7748109256930602,0.24676943462883028,curve
t2_20261002_083430,5,10.175,1.1099999999999994,439,14.5,25.3,32.23327858258297,32.23327858258297,439,14,True,0.0336440298345444,-23.77911130308324,0.2406145963813615,curve
t2_20261002_083430,5,10.206,1.0790000000000006,439,14.5,25.3,31.54595415477634,31.54595415477634,439,14,True,0.06328302555021637,-22.07506199992688,0.23272145335693661,curve
t2_20261002_083430,5,10.24,1.045,439,14.5,25.3,30.957172527035638,30.957172527035638,439,14,True,0.06601048960909317,-17.65386623846636,0.21321970534385448,curve
t2_20261002_083430,5,10.271,1.0139999999999993,439,14.5,25.3,30.179251058868914,30.179251058868914,439,14,True,0.04146679700292211,-23.528212893939628,0.21321970534385448,curve
t2_20261002_083430,5,10.306,0.979000000000001,439,14.5,25.3,29.62553367456178,29.62553367456178,439,14,True,0.06517252611016566,-15.211875404199482,0.18881162882608482,curve
t2_20261002_083430,5,10.344,0.9410000000000007,439,14.5,25.3,28.40863936315391,28.40863936315391,439,14,True,0.08442612088285983,-32.44430030505242,0.16762221444343828,curve
t2_20261002_083430,5,10.368,0.9169999999999998,439,14.5,25.3,27.538844616087786,27.538844616087786,439,14,True,0.08442612088285983,-37.84258752396131,0.16762221444343828,curve
t2_20261002_083430,5,10.399,0.886000000000001,439,14.5,25.3,26.911416334277604,26.911416334277604,439,14,True,0.07408220012108657,-20.096166665821567,0.15156850799359356,curve
t2_20261002_083430,5,10.432,0.8529999999999998,439,14.5,25.3,25.811149920155316,25.811149920155316,439,14,True,0.07746783388316736,-33.83083354670823,0.1410972079434023,curve
t2_20261002_083430,5,10.467,0.8179999999999996,439,14.5,25.3,24.691569728254407,24.691569728254407,439,14,True,0.07746783388316736,-30.510717360513578,0.1410972079434023,curve
t2_20261002_083430,5,10.495,0.7900000000000009,439,14.5,25.3,23.79433267924061,23.79433267924061,439,14,True,0.10646530120242659,-32.33072185771368,0.13895161163578074,curve
t2_20261002_083430,5,10.527,0.7580000000000009,439,14.5,25.3,22.36670072405532,22.36670072405532,439,14,True,0.10646530120242659,-46.63636412158904,0.13895161163578074,curve
t2_20261002_083430,5,10.559,0.7260000000000009,439,14.5,25.3,21.07362985590818,21.07362985590818,439,14,True,0.0806878100690831,-40.07194897291927,0.14609296519081827,curve
t2_20261002_083430,5,10.591,0.6940000000000008,439,14.5,25.3,20.04593261091219,20.04593261091219,439,14,True,0.0806878100690831,-32.72651385562591,0.14609296519081827,curve
t2_20261002_083430,5,10.639,0.6460000000000008,439,14.5,25.4,18.067579538265925,18.067579538265925,439,14,True,0.09664929303944447,-41.21815540281965,0.15575051203692114,curve
t2_20261002_083430,5,10.671,0.6140000000000008,439,14.5,25.4,16.457201890790557,16.457201890790557,439,14,True,0.10976019610934706,-48.805639467931655,0.18082622153439587,curve
t2_20261002_083430,5,10.702,0.5830000000000002,439,14.5,25.4,14.540306361389923,14.540306361389923,439,14,True,0.09239245007692709,-61.882984254726466,0.2161390693468821,curve
t2_20261002_083430,5,10.735,0.5500000000000007,439,14.5,25.4,12.911005517601119,12.911005517601119,439,14,True,0.14147983528926744,-49.57762883320984,0.2161390693468821,curve
t2_20261002_083430,5,10.767,0.5180000000000007,439,14.5,25.4,11.011393813826231,11.011393813826231,439,14,True,0.11809142943322293,-59.76459417416638,0.26115258299785316,curve
t2_20261002_083430,5,10.797,0.48799999999999955,439,14.5,25.4,10.977898554155608,10.977898554155608,439,14,True,0.11809142943322293,-0.9377944788236073,0.26115258299785316,curve
t2_20261002_083430,5,10.832,0.4529999999999994,439,14.5,25.4,9.062598937194437,9.062598937194437,439,14,True,0.11318453192092548,-55.76151595640554,0.3148361496855041,curve
t2_20261002_083430,5,10.869,0.41600000000000037,439,14.5,25.4,7.693709190661011,7.693709190661011,439,14,True,0.1086443799009782,-38.00367131937403,0.3483739097013192,curve
t2_20261002_083430,5,10.895,0.39000000000000057,439,14.5,25.4,5.332453497120966,5.332453497120966,439,14,True,0.13318807250714926,-92.02761351269487,0.3483739097013192,curve
t2_20261002_083430,5,10.927,0.35800000000000054,439,14.5,25.4,3.3193124517230572,3.3193124517230572,439,14,True,0.14295551944964302,-61.85033676802458,0.39310845069545275,curve
t2_20261002_083430,5,10.959,0.3260000000000005,439,14.5,25.4,1.3405445093419743,1.3405445093419743,439,14,True,0.14295551944964302,-60.03586842946479,0.39310845069545275,curve
t2_20261002_083430,5,10.991,0.2940000000000005,439,14.5,25.4,-0.48417325436006564,-0.48417325436006564,439,14,True,0.12294916403892486,-57.96797231430261,0.4308219466064398,curve
t2_20261002_083430,5,11.026,0.25900000000000034,439,14.5,25.4,-2.2426232250819567,-2.2426232250819567,439,14,True,0.12294916403892486,-49.42291042391672,0.4308219466064398,curve
t2_20261002_083430,5,11.054,0.23099999999999987,439,14.5,25.4,-3.8296651687008847,-3.8296651687008847,439,14,True,0.12302990356622168,-56.37692646664887,0.4601168612371258,curve
t2_20261002_083430,5,11.088,0.19700000000000095,439,14.5,25.4,-4.21487982697743,-4.21487982697743,439,14,True,0.08338918899443293,-11.909160833184476,0.4704139781926808,curve
t2_20261002_083430,5,11.119,0.16600000000000037,439,14.5,25.4,-5.851051281807841,-5.851051281807841,439,14,True,0.15702026681294257,-51.93130519540579,0.4704139781926808,curve
t2_20261002_083430,5,11.151,0.13400000000000034,439,14.5,25.4,-7.63937053735436,-7.63937053735436,439,14,True,0.10385883470096147,-55.819411903335876,0.4831936276031539,curve
t2_20261002_083430,5,11.199,0.0860000000000003,439,14.5,25.4,-10.912848086360448,-10.912848086360448,439,14,True,0.09894783434734933,-67.95910554205031,0.48637609534194937,curve
t2_20261002_083430,5,11.232,0.053000000000000824,439,14.5,25.4,-12.660614865866467,-12.660614865866467,439,14,True,0.12349152695351862,-52.90752404646586,0.48637609534194937,curve
t2_20261002_083430,5,11.285,0.0,439,14.5,25.4,-13.60104809873836,-13.60104809873836,439,14,True,0.12349152695351862,-52.90752404646586,0.48637609534194937,curve
t2_20261002_083430,6,25.169,1.9839999999999982,215,14.5,47.2,4.3898140697387475,4.3898140697387475,215,5.777777777777778,True,0.004314436611407402,-0.6681886855983323,0.12501336550908704,curve
t2_20261002_083430,6,25.201,1.9519999999999982,215,14.5,47.2,4.355271084443345,4.355271084443345,215,5.777777777777778,True,0.004314436611407402,-0.7939737178016117,0.12501336550908704,curve
t2_20261002_083430,6,25.237,1.9160000000000004,215,14.5,47.2,4.457958607610053,4.457958607610053,215,5.777777777777778,True,0.04477294860093295,3.1332792574555652,0.12501336550908704,curve
t2_20261002_083430,6,25.264,1.8889999999999993,215,14.5,47.2,4.66242388868443,4.66242388868443,215,5.777777777777778,True,0.031212644317324845,7.831930057084647,0.14464188688673563,curve
t2_20261002_083430,6,25.299,1.8539999999999992,215,14.5,47.2,4.462573323382202,4.462573323382202,215,5.777777777777778,True,0.008143878908478897,-5.552806139579623,0.13680138443283107,curve
t2_20261002_083430,6,25.33,1.8230000000000004,215,14.5,47.2,5.199773406071344,5.199773406071344,215,5.777777777777778,True,0.007795488373897541,23.378627120255185,0.16043717393118628,curve
t2_20261002_083430,6,25.362,1.7910000000000004,215,14.5,47.2,5.166863497643192,5.166863497643192,215,5.777777777777778,True,0.007795488373897541,-1.3810310416075762,0.16043717393118628,curve
t2_20261002_083430,6,25.397,1.7560000000000002,215,14.5,47.2,5.061313202740223,5.061313202740223,215,5.777777777777778,True,0.03233918098006683,-3.3004233464020563,0.16043717393118628,curve
t2_20261002_083430,6,25.441,1.7119999999999997,215,14.5,47.2,4.967197299622285,4.967197299622285,215,5.777777777777778,True,0.022213831328546263,-2.31027961044771,0.18851100921066966,curve
t2_20261002_083430,6,25.459,1.693999999999999,215,14.5,47.2,5.029439323206006,5.029439323206006,215,5.777777777777778,True,0.022213831328546263,3.9021088905820984,0.18851100921066966,curve
t2_20261002_083430,6,25.505,1.6479999999999997,215,14.5,47.2,4.750894067081319,4.750894067081319,215,5.777777777777778,True,0.0009037984998307991,-5.1838827397484355,0.17971680794312483,curve
t2_20261002_083430,6,25.536,1.6169999999999973,215,14.5,47.2,4.735845138483313,4.735845138483313,215,5.777777777777778,True,0.004545294249320264,-0.8385437465211214,0.20520893185293376,curve
t2_20261002_083430,6,25.569,1.5839999999999996,215,14.5,47.2,6.603076476252852,6.603076476252852,215,5.777777777777778,True,0.004545294249320264,55.97784044949482,0.20520893185293376,curve
t2_20261002_083430,6,25.602,1.5509999999999984,215,14.5,47.2,6.781381258022634,6.781381258022634,215,5.777777777777778,True,0.053632679461660615,5.217248074964337,0.20520893185293376,curve
t2_20261002_083430,6,25.636,1.5169999999999995,215,14.5,47.2,7.044907361455202,7.044907361455202,215,5.777777777777778,True,0.030321820698233637,7.515000849606062,0.227332157208338,curve
t2_20261002_083430,6,25.664,1.4889999999999972,215,14.5,47.2,6.786849314438911,6.786849314438911,215,5.777777777777778,True,0.043309257120276,-8.953837928001601,0.227332157208338,curve
t2_20261002_083430,6,25.697,1.4559999999999995,215,14.5,47.2,6.285190233779616,6.285190233779616,215,5.777777777777778,True,0.01408838040098992,-15.152482360830003,0.22006625163246119,curve
t2_20261002_083430,6,25.74,1.4130000000000003,215,14.5,47.2,6.2656179509704515,6.2656179509704515,215,5.777777777777778,True,0.010406646114498486,-0.918182844624954,0.23980379762398218,curve
t2_20261002_083430,6,25.761,1.3919999999999995,215,14.5,47.2,6.312117936444167,6.312117936444167,215,5.777777777777778,True,0.010406646114498486,1.870080911084429,0.23980379762398218,curve
t2_20261002_083430,6,25.797,1.355999999999998,215,14.5,47.2,6.065873796575772,6.065873796575772,215,5.777777777777778,True,0.03495033872066955,-7.110007117996582,0.23980379762398218,curve
t2_20261002_083430,6,25.826,1.3269999999999982,215,14.5,47.2,6.126790772366178,6.126790772366178,215,5.777777777777778,True,0.008658576261137085,2.8032426109918553,0.25645112098600054,curve
t2_20261002_083430,6,25.856,1.296999999999997,215,14.5,47.2,6.152756907150575,6.152756907150575,215,5.777777777777778,True,0.008658576261137085,1.6149297113573406,0.25645112098600054,curve
t2_20261002_083430,6,25.889,1.2639999999999993,215,14.5,47.2,6.1793037542053355,6.1793037542053355,215,5.777777777777778,True,0.008658576261137085,1.5536243611827147,0.25645112098600054,curve
t2_20261002_083430,6,25.923,1.2300000000000004,215,14.5,47.2,5.739114337467967,5.739114337467967,215,5.777777777777778,True,0.012705393538013254,-13.268930120682908,0.2656145717750751,curve
t2_20261002_083430,6,25.954,1.198999999999998,215,14.5,47.2,5.808650414985905,5.808650414985905,215,5.777777777777778,True,0.011838299068156033,2.241179027796748,0.2656145717750751,curve
t2_20261002_083430,6,26.001,1.1519999999999975,215,14.5,47.2,6.8591892013041615,6.8591892013041615,215,5.777777777777778,True,0.0409473037998751,22.184381042189774,0.2780348322925512,curve
t2_20261002_083430,6,26.037,1.1159999999999997,215,14.5,47.2,6.899024422475776,6.899024422475776,215,5.777777777777778,True,0.00814008141246525,1.291572731321417,0.2780348322925512,curve
t2_20261002_083430,6,26.065,1.0879999999999974,215,14.5,47.2,6.7894878732876975,6.7894878732876975,215,5.777777777777778,True,0.0409473037998751,-3.7381207511417847,0.2780348322925512,curve
t2_20261002_083430,6,26.097,1.0559999999999974,215,14.5,47.2,6.050321460105522,6.050321460105522,215,5.777777777777778,True,0.06323203953934353,-24.13137013314873,0.28522717475727477,curve
t2_20261002_083430,6,26.13,1.0229999999999997,215,14.5,47.2,6.119009577480583,6.119009577480583,215,5.777777777777778,True,0.010399038279167883,1.80556907517698,0.28522717475727477,curve
t2_20261002_083430,6,26.163,0.9899999999999984,215,14.5,47.2,6.180425379642301,6.180425379642301,215,5.777777777777778,True,0.019127551020655886,1.6524244676783333,0.29522474664115395,curve
t2_20261002_083430,6,26.201,0.9519999999999982,215,14.5,47.2,6.484653698319505,6.484653698319505,215,5.777777777777778,True,0.05450352679785553,8.240301981859055,0.29522474664115395,curve
t2_20261002_083430,6,26.226,0.9269999999999996,215,14.5,47.2,6.662488033394595,6.662488033394595,215,5.777777777777778,True,0.029959834191684465,7.239865354959694,0.29522474664115395,curve
t2_20261002_083430,6,26.257,0.8959999999999972,215,14.5,47.2,8.561929840729746,8.561929840729746,215,5.777777777777778,True,0.029959834191684465,61.511478411398734,0.29522474664115395,curve
t2_20261002_083430,6,26.29,0.8629999999999995,215,14.5,47.2,8.314691631367438,8.314691631367438,215,5.777777777777778,True,0.031496708768793624,-7.2193823449035,0.30199032713155205,curve
t2_20261002_083430,6,26.321,0.8319999999999972,215,14.5,47.2,8.4855827881847,8.4855827881847,215,5.777777777777778,True,0.031496708768793624,5.889035711550117,0.30199032713155205,curve
t2_20261002_083430,6,26.356,0.796999999999997,215,14.5,47.2,8.22613874150754,8.22613874150754,215,5.777777777777778,True,0.04213436904971779,-7.125923703723756,0.30199032713155205,curve
t2_20261002_083430,6,26.384,0.7689999999999984,215,14.5,47.2,8.087872417038568,8.087872417038568,215,5.777777777777778,True,0.0009104554450853897,-4.88985226437754,0.31164299651319904,curve
t2_20261002_083430,6,26.416,0.7369999999999983,215,14.5,47.2,8.104660057539178,8.104660057539178,215,5.777777777777778,True,0.0009104554450853897,0.16438776585863213,0.31164299651319904,curve
t2_20261002_083430,6,26.449,0.7039999999999971,215,14.5,47.2,8.192055568975562,8.192055568975562,215,5.777777777777778,True,0.025454148051256453,2.2963370984175997,0.31164299651319904,curve
t2_20261002_083430,6,26.496,0.657,215,14.5,47.2,6.853922288362412,6.853922288362412,215,5.777777777777778,True,0.026134812308551858,-28.881888103514036,0.31950585376821694,curve
t2_20261002_083430,6,26.53,0.6229999999999976,215,14.5,47.2,6.956337940161987,6.956337940161987,215,5.777777777777778,True,0.005729357901564924,3.428066902958245,0.3308590913638554,curve
t2_20261002_083430,6,26.562,0.5909999999999975,215,14.5,47.2,6.763889496582308,6.763889496582308,215,5.777777777777778,True,0.030273050507735988,-5.499612932866655,0.3308590913638554,curve
t2_20261002_083430,6,26.596,0.5569999999999986,215,14.5,47.2,6.792549794153288,6.792549794153288,215,5.777777777777778,True,0.04335802731077543,1.344235639649325,0.3308590913638554,curve
t2_20261002_083430,6,26.624,0.5289999999999999,215,14.5,47.2,7.021920098553778,7.021920098553778,215,5.777777777777778,True,0.04335802731077543,8.863947373895536,0.3308590913638554,curve
t2_20261002_083430,6,26.656,0.4969999999999999,215,14.5,47.2,7.098552997742175,7.098552997742175,215,5.777777777777778,True,0.010568121280627452,2.0227418076443153,0.3438733569648833,curve
t2_20261002_083430,6,26.697,0.4559999999999995,215,14.5,47.2,7.3673189079351715,7.3673189079351715,215,5.777777777777778,True,0.035111813886798515,6.059208432241481,0.3438733569648833,curve
t2_20261002_083430,6,26.723,0.4299999999999997,215,14.5,47.2,7.632964087691505,7.632964087691505,215,5.777777777777778,True,0.040075376328466916,8.74157139049056,0.4033388858753182,curve
t2_20261002_083430,6,26.758,0.3949999999999996,215,14.5,47.2,7.6332215459267445,7.6332215459267445,215,5.777777777777778,True,0.03355570149004272,-0.203013676381006,0.4033388858753182,curve
t2_20261002_083430,6,26.784,0.3689999999999998,215,14.5,47.2,7.76731683339429,7.76731683339429,215,5.777777777777778,True,0.009012008883871658,4.876113139531023,0.4033388858753182,curve
t2_20261002_083430,6,26.817,0.3359999999999985,215,14.5,47.2,7.819471674308687,7.819471674308687,215,5.777777777777778,True,0.026128185574972207,1.3936407597956215,0.424078879972269,curve
t2_20261002_083430,6,26.85,0.30299999999999727,215,14.5,47.2,7.9445500662839095,7.9445500662839095,215,5.777777777777778,True,0.022959199637368144,4.157840221285425,0.424078879972269,curve
t2_20261002_083430,6,26.899,0.2539999999999978,215,14.5,47.2,8.136593505179164,8.136593505179164,215,5.777777777777778,True,0.022959199637368144,4.161727136727199,0.424078879972269,curve
t2_20261002_083430,6,26.914,0.23899999999999721,215,14.5,47.2,7.646219168912339,7.646219168912339,215,5.777777777777778,True,0.005481525810715482,-34.90104195592461,0.44231492273144024,curve
t2_20261002_083430,6,26.946,0.2069999999999972,215,14.5,47.2,7.442682775988004,7.442682775988004,215,5.777777777777778,True,0.019062166795455582,-6.844503760162833,0.44231492273144024,curve
t2_20261002_083430,6,26.977,0.17599999999999838,215,14.5,47.2,7.516813251971612,7.516813251971612,215,5.777777777777778,True,0.01944495714081107,2.234630898219987,0.46814636499534146,curve
t2_20261002_083430,6,27.024,0.12899999999999778,215,14.5,47.2,8.151612415870034,8.151612415870034,215,5.777777777777778,True,0.07872981328386963,13.857197643026598,0.46814636499534146,curve
t2_20261002_083430,6,27.057,0.09600000000000009,215,14.5,47.2,8.455370546091004,8.455370546091004,215,5.777777777777778,True,0.054186120677700345,9.778818159741357,0.46814636499534146,curve
t2_20261002_083430,6,27.089,0.06400000000000006,215,14.5,47.2,8.5244592839842,8.5244592839842,215,5.777777777777778,True,0.011219109182947662,2.285988694127737,0.49676316784832064,curve
t2_20261002_083430,6,27.121,0.03200000000000003,215,14.5,47.2,4.837226158747754,4.837226158747754,215,5.777777777777778,True,2.230811799354826,-114.87696946258684,2.5664191829895198,curve
t2_20261002_083430,6,27.153,0.0,215,14.5,47.2,0.07039041633851184,0.07039041633851184,215,5.777777777777778,False,2.206268106748655,-150.82571510406234,2.5664191829895198,curve
t2_20261002_083430,7,32.318,1.9849999999999994,108,15.047169811320755,41.7,29.441026796543554,29.441026796543554,108,10.333333333333334,False,0.008002311920932925,9.3158474176072,0.3747715054033969,curve
t2_20261002_083430,7,32.35,1.9529999999999959,108,15.047169811320755,41.7,29.49640708235772,29.49640708235772,108,9.444444444444445,False,0.008002311920932925,2.2963654264555453,0.3747715054033969,curve
t2_20261002_083430,7,32.383,1.9199999999999946,108,15.047169811320755,41.7,29.425596640232243,29.425596640232243,108,9.444444444444445,False,0.032120618787413235,-1.7105438387137122,0.36288758020106915,curve
t2_20261002_083430,7,32.421,1.881999999999998,108,15.047169811320755,41.7,29.1354844710295,29.1354844710295,108,8.555555555555555,False,0.007576926181242172,-7.640573491410214,0.36288758020106915,curve
t2_20261002_083430,7,32.463,1.8399999999999963,108,15.047169811320755,41.7,28.117916618262242,28.117916618262242,108,7.666666666666667,False,0.0628057623731273,-24.934799198726896,0.33973150342770486,curve
t2_20261002_083430,7,32.504,1.7989999999999995,108,15.047169811320755,41.7,28.03276453247659,28.03276453247659,108,6.833333333333333,False,0.013718377160786943,-2.308418014742052,0.33973150342770486,curve
t2_20261002_083430,7,32.526,1.776999999999994,108,15.047169811320755,41.7,27.956110567100666,27.956110567100666,108,5.944444444444445,False,0.013718377160786943,-3.7035281109246108,0.33973150342770486,curve
t2_20261002_083430,7,32.558,1.7449999999999974,108,15.047169811320755,41.7,27.62978170588957,27.62978170588957,108,5.777777777777778,True,0.10345353407325675,-10.16766216190671,0.30899599038751946,curve
t2_20261002_083430,7,32.581,1.7219999999999942,108,15.047169811320755,41.7,24.88066098319412,24.88066098319412,108,5.777777777777778,True,0.10345353407325675,-122.01597392899964,0.30899599038751946,curve
t2_20261002_083430,7,32.624,1.678999999999995,108,15.047169811320755,41.7,24.09702972091023,24.09702972091023,108,5.888888888888889,True,0.10345353407325675,-18.30491174830251,0.30899599038751946,curve
t2_20261002_083430,7,32.654,1.6489999999999938,108,15.047169811320755,41.7,23.12402983241894,23.12402983241894,108,6.5,True,0.16676472341504578,-31.962667606182894,0.2757038732686796,curve
t2_20261002_083430,7,32.687,1.6159999999999997,108,15.047169811320755,41.7,22.187751752688044,22.187751752688044,108,7.166666666666667,True,0.016128960809940196,-29.169837806049227,0.27815692354797505,curve
t2_20261002_083430,7,32.719,1.583999999999996,108,15.047169811320755,41.7,22.438622973278896,22.438622973278896,108,7.166666666666667,False,0.009265286999863065,7.842079877329563,0.2454011177844344,curve
t2_20261002_083430,7,32.751,1.5519999999999996,108,15.047169811320755,41.7,21.547295139621355,21.547295139621355,108,7.833333333333333,False,0.11345317603098692,-28.156967291054176,0.2454011177844344,curve
t2_20261002_083430,7,32.783,1.519999999999996,108,15.183962264150946,41.7,19.931228913909127,19.931228913909127,108,7.944444444444445,False,0.03982209821247551,-50.461090167898384,0.2454011177844344,curve
t2_20261002_083430,7,32.819,1.4839999999999947,108,15.183962264150946,41.7,19.419936176426464,19.419936176426464,108,7.111111111111111,False,0.09121643856716055,-13.807396025272707,0.21336426758589067,curve
t2_20261002_083430,7,32.846,1.4570000000000007,108,15.183962264150946,41.7,18.781891378404897,18.781891378404897,108,7.111111111111111,False,0.09121643856716055,-24.853384222583454,0.21336426758589067,curve
t2_20261002_083430,7,32.877,1.4259999999999948,108,15.183962264150946,41.7,18.533650654062246,18.533650654062246,108,6.222222222222222,False,0.02663034100878292,-8.952479752764486,0.18112519147963457,curve
t2_20261002_083430,7,32.945,1.357999999999997,108,15.183962264150946,41.7,17.971710525766046,17.971710525766046,108,5.777777777777778,False,0.05117403361495221,-7.766713222125093,0.18112519147963457,curve
t2_20261002_083430,7,32.991,1.3119999999999976,108,15.183962264150946,41.7,17.412870516448297,17.412870516448297,108,5.777777777777778,True,0.05117403361495221,-11.77102194873987,0.18112519147963457,curve
t2_20261002_083430,7,33.022,1.2809999999999988,108,15.183962264150946,41.7,17.020863385097574,17.020863385097574,108,5.888888888888889,True,0.08768560784606194,-11.82699767906115,0.14358839305927296,curve
t2_20261002_083430,7,33.054,1.2489999999999952,108,15.183962264150946,41.7,16.50372398476654,16.50372398476654,108,5.888888888888889,True,0.08768560784606194,-16.577838273844527,0.14358839305927296,curve
t2_20261002_083430,7,33.087,1.215999999999994,108,15.183962264150946,41.9,15.885352311295886,15.885352311295886,108,6.555555555555555,True,0.05694718555621492,-18.639401251878486,0.14976747747973063,curve
t2_20261002_083430,7,33.118,1.1849999999999952,108,15.183962264150946,41.9,15.470290085448593,15.470290085448593,108,7.166666666666667,True,0.06459080564860287,-13.376946446010045,0.12502495650857837,curve
t2_20261002_083430,7,33.151,1.151999999999994,108,15.183962264150946,41.9,15.08123877940427,15.08123877940427,108,7.833333333333333,False,0.04004711304243358,-11.526868375334306,0.12502495650857837,curve
t2_20261002_083430,7,33.182,1.1209999999999951,108,15.320754716981131,41.9,12.537961173762586,12.537961173762586,108,7.833333333333333,False,0.04004711304243358,-79.3431188446473,0.12502495650857837,curve
t2_20261002_083430,7,33.227,1.0760000000000005,108,15.320754716981131,41.9,12.39197005678874,12.39197005678874,108,8.222222222222221,False,0.017423603887733563,-2.9864256215995266,0.11738697474543613,head_interference
t2_20261002_083430,7,33.247,1.0559999999999974,108,15.320754716981131,41.9,12.243034768155287,12.243034768155287,108,7.388888888888889,False,0.017423603887733563,-6.847173997620946,0.11738697474543613,head_interference
t2_20261002_083430,7,33.278,1.0249999999999986,108,15.320754716981131,41.9,12.311107012403586,12.311107012403586,108,6.555555555555555,False,0.030538284776845614,0.6455462699227731,0.14766639379096258,head_interference
t2_20261002_083430,7,33.311,0.9919999999999973,108,15.320754716981131,41.9,12.513597993260436,12.513597993260436,108,6.555555555555555,False,0.030538284776845614,6.179084338062092,0.14766639379096258,head_interference
t2_20261002_083430,7,33.342,0.9609999999999985,108,15.320754716981131,41.9,12.547007572926308,12.547007572926308,108,5.777777777777778,False,0.005994592170676327,1.1033669494314602,0.14766639379096258,head_interference
t2_20261002_083430,7,33.384,0.9189999999999969,108,15.320754716981131,41.9,13.138606103587808,13.138606103587808,108,5.777777777777778,True,0.018549100435494736,13.838858649653071,0.14766639379096258,head_interference
t2_20261002_083430,7,33.408,0.894999999999996,108,15.320754716981131,41.9,13.02247149078983,13.02247149078983,108,5.777777777777778,True,0.020043129382564473,-4.74428222422103,0.1941755919203878,head_interference
t2_20261002_083430,7,33.44,0.8629999999999995,108,15.320754716981131,41.9,12.892692628767993,12.892692628767993,108,5.888888888888889,True,0.020043129382564473,-3.573346986971925,0.1941755919203878,head_interference
t2_20261002_083430,7,33.486,0.8170000000000002,108,15.320754716981131,41.9,12.727137736689318,12.727137736689318,108,6.5,True,0.0009804619073090493,-4.4826773538854745,0.202508299819661,head_interference
t2_20261002_083430,7,33.519,0.7839999999999989,108,15.320754716981131,41.9,12.501702143664719,12.501702143664719,108,7.166666666666667,True,0.030232681848557874,-6.6442971546075755,0.27792928670615824,head_interference
t2_20261002_083430,7,33.551,0.7519999999999953,108,15.320754716981131,41.9,12.269710182386508,12.269710182386508,108,7.777777777777778,False,0.030232681848557874,-6.80606149512398,0.27792928670615824,head_interference
t2_20261002_083430,7,33.584,0.7189999999999941,108,15.320754716981131,41.9,11.216712970527471,11.216712970527471,108,8.444444444444445,False,0.018854703363782477,-31.61143129124977,0.27792928670615824,head_interference
t2_20261002_083430,7,33.621,0.681999999999995,108,15.320754716981131,41.9,11.284819040313398,11.284819040313398,108,8.444444444444445,False,0.005266770729665637,1.915960785766397,0.39324886451540886,head_interference
t2_20261002_083430,7,33.646,0.6569999999999965,108,15.320754716981131,41.9,11.503508767272312,11.503508767272312,108,7.555555555555555,False,0.0298104633358367,8.796923969053125,0.39324886451540886,head_interference
t2_20261002_083430,7,33.678,0.625,108,15.320754716981131,41.9,11.961509435035229,11.961509435035229,108,6.722222222222222,False,0.10344154115434812,14.252034851588355,0.39324886451540886,head_interference
t2_20261002_083430,7,33.71,0.5929999999999964,108,15.320754716981131,41.9,11.678918012531671,11.678918012531671,108,5.833333333333333,True,0.04890977191945112,-8.775216593865506,0.5267007685278724,head_interference
t2_20261002_083430,7,33.743,0.5599999999999952,108,15.320754716981131,41.9,11.986334496838555,11.986334496838555,108,5.833333333333333,True,0.04890977191945112,8.9935566336181,0.5267007685278724,head_interference
t2_20261002_083430,7,33.779,0.5239999999999938,108,15.320754716981131,41.9,10.655039829400085,10.655039829400085,108,6,True,0.008456432318151741,-37.237038876905594,0.7118628433100151,head_interference
t2_20261002_083430,7,33.806,0.4969999999999999,108,15.320754716981131,41.9,10.692248488419825,10.692248488419825,108,6.666666666666667,False,0.008456432318151741,2.023686703600297,0.7118628433100151,head_interference
t2_20261002_083430,7,33.839,0.46399999999999864,108,15.320754716981131,41.9,10.927600048889435,10.927600048889435,108,7.277777777777778,False,0.05754381753049387,7.711266332403401,0.7118628433100151,head_interference
t2_20261002_083430,7,33.871,0.43199999999999505,108,15.320754716981131,41.9,9.885172567616085,9.885172567616085,108,7.277777777777778,False,0.002171714486165044,-33.71077907462622,0.8815841027335756,head_interference
t2_20261002_083430,7,33.903,0.3999999999999986,108,15.320754716981131,41.9,10.332887058217185,10.332887058217185,108,6.444444444444445,False,0.002171714486165044,-33.71077907462622,0.8815841027335756,head_interference
t2_20261002_083430,7,33.939,0.3639999999999972,108,15.320754716981131,41.9,10.623625797925971,10.623625797925971,108,5.777777777777778,False,0.002171714486165044,-33.71077907462622,0.8815841027335756,head_interference
t2_20261002_083430,7,33.983,0.3200000000000003,108,15.320754716981131,41.9,12.619049195048706,12.619049195048706,108,5.777777777777778,False,0.002171714486165044,-33.71077907462622,0.8815841027335756,head_interference
t2_20261002_083430,7,34.013,0.28999999999999915,108,15.320754716981131,41.9,13.376196760316862,13.376196760316862,108,5.777777777777778,False,0.002171714486165044,-33.71077907462622,0.8815841027335756,head_interference
t2_20261002_083430,7,34.047,0.2560000000000002,108,15.320754716981131,41.9,13.74640887219103,13.74640887219103,108,5.777777777777778,False,0.002171714486165044,-33.71077907462622,0.8815841027335756,head_interference
t2_20261002_083430,7,34.078,0.22499999999999432,108,15.320754716981131,41.9,14.302349345153363,14.302349345153363,108,5.777777777777778,False,0.002171714486165044,-33.71077907462622,0.8815841027335756,head_interference
t2_20261002_083430,7,34.11,0.19299999999999784,108,15.320754716981131,41.9,11.882977954330588,11.882977954330588,108,5.777777777777778,False,0.002171714486165044,-33.71077907462622,0.8815841027335756,head_interference
t2_20261002_083430,7,34.144,0.15899999999999892,108,15.320754716981131,41.9,11.446744417501936,11.446744417501936,108,5.777777777777778,False,0.002171714486165044,-33.71077907462622,0.8815841027335756,head_interference
t2_20261002_083430,7,34.181,0.12199999999999989,108,15.320754716981131,41.9,10.414389658482566,10.414389658482566,108,5.777777777777778,False,0.002171714486165044,-33.71077907462622,0.8815841027335756,head_interference
t2_20261002_083430,7,34.206,0.0969999999999942,108,15.320754716981131,41.9,6.95173685570315,6.95173685570315,108,5.777777777777778,False,0.002171714486165044,-33.71077907462622,0.8815841027335756,head_interference
t2_20261002_083430,7,34.238,0.06499999999999773,108,15.320754716981131,41.9,3.883563122038776,3.883563122038776,108,5.777777777777778,False,0.002171714486165044,-33.71077907462622,0.8815841027335756,head_interference
t2_20261002_083430,7,34.27,0.032999999999994145,108,15.320754716981131,41.9,0.023824157590649264,0.023824157590649264,108,5.777777777777778,False,0.002171714486165044,-33.71077907462622,0.8815841027335756,head_interference
t2_20261002_083430,7,34.303,0.0,108,15.320754716981131,41.9,-7.7465920313952275,-7.7465920313952275,108,5.777777777777778,False,0.002171714486165044,-33.71077907462622,0.8815841027335756,head_interference
t2_20261002_083430,8,10.43,1.9830000000000005,397,14.636792452830191,33.7,3.765040945732183,3.765040945732183,397,5.777777777777778,False,0.15696968797018407,31.102083140149215,1.514717752510243,curve
t2_20261002_083430,8,10.461,1.952,397,14.636792452830191,33.7,1.745453432867409,1.745453432867409,397,5.777777777777778,False,0.03163780930379545,-64.57807391678033,1.5169701253850474,curve
t2_20261002_083430,8,10.534,1.8789999999999996,397,14.636792452830191,33.7,1.4586025356325099,1.4586025356325099,397,5.777777777777778,False,0.061527540497744226,-4.083805587207809,1.5188951765468675,curve
t2_20261002_083430,8,10.57,1.843,397,14.636792452830191,33.7,1.0524426914404916,1.0524426914404916,397,5.777777777777778,False,0.061527540497744226,-11.316813481172835,1.5188951765468675,curve
t2_20261002_083430,8,10.6,1.8130000000000006,397,14.636792452830191,33.7,1.180571754211508,1.180571754211508,397,5.777777777777778,False,0.047347483751693176,4.2772177305442325,1.5188951765468675,curve
t2_20261002_083430,8,10.621,1.7919999999999998,397,14.636792452830191,33.7,1.5822426223693231,1.5822426223693231,397,5.777777777777778,False,0.046597180396194204,19.13179232312739,1.520041294616473,curve
t2_20261002_083430,8,10.657,1.7560000000000002,397,14.636792452830191,33.7,0.29528227171787513,0.29528227171787513,397,5.777777777777778,False,0.14292630554935926,-37.315361696728175,1.5202397271484105,curve
t2_20261002_083430,8,10.687,1.7260000000000009,397,14.636792452830191,33.7,0.41636267144535033,0.41636267144535033,397,5.777777777777778,False,0.009129174817475771,3.7170822610248746,1.5217637134286037,curve
t2_20261002_083430,8,10.722,1.6910000000000007,397,14.636792452830191,33.7,0.42060403635484,0.42060403635484,397,5.777777777777778,False,0.06257594909415154,0.2499085752039524,1.5239043066933973,curve
t2_20261002_083430,8,10.749,1.6639999999999997,397,14.636792452830191,33.7,0.3819050915121469,0.3819050915121469,397,5.777777777777778,False,0.053153756930003127,-0.8010311740253909,1.5239043066933973,curve
t2_20261002_083430,8,10.782,1.6310000000000002,397,14.636792452830191,33.7,1.1079118199923972,1.1079118199923972,397,5.777777777777778,False,0.13377359175521164,22.863002283642828,1.5239043066933973,curve
t2_20261002_083430,8,10.815,1.5980000000000008,397,14.636792452830191,33.7,1.851090571473998,1.851090571473998,397,5.777777777777778,False,0.10520085416080605,22.392835983537353,1.5260456647385068,curve
t2_20261002_083430,8,10.862,1.5510000000000002,397,14.636792452830191,33.7,0.5179099813604768,0.5179099813604768,397,5.777777777777778,False,0.009111062609333587,-28.952725053596925,1.5257635628339012,curve
t2_20261002_083430,8,10.894,1.5190000000000001,397,14.636792452830191,33.7,0.6944529669964457,0.6944529669964457,397,5.777777777777778,False,0.07467024822378399,5.220024211084847,1.5257635628339012,curve
t2_20261002_083430,8,10.926,1.487,397,14.636792452830191,33.7,1.4906214778294444,1.4906214778294444,397,5.777777777777778,False,0.01386641073571937,23.923320193340057,1.5250527214881906,head_interference
t2_20261002_083430,8,10.961,1.452,397,14.636792452830191,33.7,1.3910676342102892,1.3910676342102892,397,5.777777777777778,False,0.13339574490130346,-2.755784176913536,1.5250527214881906,head_interference
t2_20261002_083430,8,10.99,1.423,397,14.636792452830191,33.7,2.4134667105269916,2.4134667105269916,397,5.777777777777778,False,0.2241703856265307,35.4888420466566,1.5250527214881906,head_interference
t2_20261002_083430,8,11.022,1.391,397,14.636792452830191,33.7,3.334811730888932,3.334811730888932,397,5.777777777777778,False,0.07866765262101083,28.65516335832353,1.5227320831614084,head_interference
t2_20261002_083430,8,11.054,1.359,397,14.636792452830191,33.7,4.034949867362167,4.034949867362167,397,5.777777777777778,False,0.12775503783335296,22.133365000255882,1.5227320831614084,head_interference
t2_20261002_083430,8,11.086,1.327,397,14.636792452830191,33.7,2.553416746297069,2.553416746297069,397,5.777777777777778,False,0.0855692871647733,-45.5605518632297,1.5188976093493123,head_interference
t2_20261002_083430,8,11.115,1.298,397,14.636792452830191,33.7,3.0089736900020387,3.0089736900020387,397,5.777777777777778,False,0.0855692871647733,16.202720808961597,1.5188976093493123,head_interference
t2_20261002_083430,8,11.15,1.263,397,14.636792452830191,33.7,3.278553853703558,3.278553853703558,397,5.777777777777778,False,0.06816011290828072,7.619340299859032,1.5131429062337203,head_interference
t2_20261002_083430,8,11.182,1.2309999999999999,397,14.636792452830191,33.7,4.698046144093377,4.698046144093377,397,5.777777777777778,False,0.09007959327868065,43.8736869193664,1.5131429062337203,head_interference
t2_20261002_083430,8,11.214,1.1989999999999998,397,14.636792452830191,33.7,5.34247873900455,5.34247873900455,397,5.777777777777778,False,0.0791020427287421,19.803283266981136,1.5131429062337203,head_interference
t2_20261002_083430,8,11.246,1.1669999999999998,397,14.636792452830191,33.7,5.424334433064859,5.424334433064859,397,5.777777777777778,False,0.01859540733770615,2.351634746340379,1.5028791551844476,head_interference
t2_20261002_083430,8,11.282,1.1310000000000002,397,14.636792452830191,33.7,3.558305610479211,3.558305610479211,397,5.777777777777778,False,0.062317714985768546,-52.292776854631704,1.499073443823074,head_interference
t2_20261002_083430,8,11.309,1.104000000000001,397,14.636792452830191,33.7,3.210687662401975,3.210687662401975,397,5.777777777777778,False,0.06525869102870097,-12.556319689894181,1.4786528175866263,head_interference
t2_20261002_083430,8,11.36,1.0530000000000008,397,14.636792452830191,33.7,3.297721058902889,3.297721058902889,397,5.777777777777778,False,0.06393913851212218,1.6294230133696306,1.4449413341804918,head_interference
t2_20261002_083430,8,11.389,1.024000000000001,397,14.636792452830191,33.7,3.5654386341494604,3.5654386341494604,397,5.777777777777778,False,0.09236863587899435,9.254343742822458,1.4449413341804918,head_interference
t2_20261002_083430,8,11.421,0.9920000000000009,397,14.636792452830191,33.7,3.012225489657718,3.012225489657718,397,5.777777777777778,False,0.15255850183802355,-17.010519272597527,1.4449413341804918,head_interference
t2_20261002_083430,8,11.454,0.9589999999999996,397,14.636792452830191,33.7,3.60332493905476,3.60332493905476,397,5.777777777777778,False,0.0782327105095093,17.92864797412174,1.3953138963326683,head_interference
t2_20261002_083430,8,11.487,0.9260000000000002,397,14.636792452830191,33.7,4.206002321280012,4.206002321280012,397,5.777777777777778,False,0.12732009572184966,17.594783489700916,1.3953138963326683,head_interference
t2_20261002_083430,8,11.521,0.8919999999999995,397,14.636792452830191,33.7,2.4636389457566086,2.4636389457566086,397,5.777777777777778,False,0.021059812860109606,-51.165737688692424,1.3663706523977033,head_interference
t2_20261002_083430,8,11.559,0.854000000000001,397,14.636792452830191,33.7,2.9398870398072408,2.9398870398072408,397,5.777777777777778,False,0.09469089067862013,12.56416913205838,1.3663706523977033,head_interference
t2_20261002_083430,8,11.582,0.8309999999999995,397,14.636792452830191,33.7,3.338581819905807,3.338581819905807,397,5.777777777777778,False,0.04906908782515318,16.595217560451566,1.331036657273526,head_interference
t2_20261002_083430,8,11.614,0.7989999999999995,397,14.636792452830191,33.7,4.095720388264903,4.095720388264903,397,5.777777777777778,False,0.15135300885921588,24.037709664998978,1.331036657273526,head_interference
t2_20261002_083430,8,11.646,0.7669999999999995,397,14.636792452830191,33.7,5.189060278228228,5.189060278228228,397,5.777777777777778,False,0.10226562364687553,34.21174968521211,1.331036657273526,head_interference
t2_20261002_083430,8,11.683,0.7300000000000004,397,14.636792452830191,33.7,5.669824169435303,5.669824169435303,397,5.777777777777778,False,0.06396519778654852,13.40954156064057,1.3294950402321724,head_interference
t2_20261002_083430,8,11.709,0.7040000000000006,397,14.636792452830191,33.7,4.399515556668222,4.399515556668222,397,5.777777777777778,False,0.12848393964355243,-46.404307585897335,1.351315793190902,head_interference
t2_20261002_083430,8,11.741,0.6720000000000006,397,14.636792452830191,33.7,4.700736641860717,4.700736641860717,397,5.777777777777778,False,0.023078534983872245,9.331131478530963,1.3876534879369316,head_interference
t2_20261002_083430,8,11.774,0.6390000000000011,397,14.636792452830191,33.7,4.8475083988342735,4.8475083988342735,397,5.777777777777778,False,0.068518850636472,4.098225745202983,1.3876534879369316,head_interference
t2_20261002_083430,8,11.806,0.6070000000000011,397,14.636792452830191,33.7,5.737647586991153,5.737647586991153,397,5.777777777777778,False,0.1732710058654896,27.888055765967408,1.3876534879369316,head_interference
t2_20261002_083430,8,11.854,0.559000000000001,397,14.636792452830191,33.7,6.2598402339863615,6.2598402339863615,397,5.777777777777778,False,0.028515192610144346,10.493448109122726,1.4749786658822304,head_interference
t2_20261002_083430,8,11.871,0.5419999999999998,397,14.636792452830191,33.7,7.393929616810597,7.393929616810597,397,5.777777777777778,False,0.0776025778224847,67.20670868349359,1.4749786658822304,head_interference
t2_20261002_083430,8,11.918,0.495000000000001,397,14.636792452830191,33.7,5.85640392824523,5.85640392824523,397,5.777777777777778,False,0.05750503868322632,-32.697803283655205,1.5824813503797999,head_interference
t2_20261002_083430,8,11.95,0.46300000000000097,397,14.636792452830191,33.7,6.187692256162714,6.187692256162714,397,5.777777777777778,False,0.05750503868322632,10.475649851902714,1.5824813503797999,head_interference
t2_20261002_083430,8,11.983,0.4299999999999997,397,14.636792452830191,33.7,6.146031043253219,6.146031043253219,397,5.777777777777778,False,0.045796749187693386,-0.8947714119298773,1.7307362733827767,head_interference
t2_20261002_083430,8,12.025,0.3879999999999999,397,14.636792452830191,33.7,6.383823619187448,6.383823619187448,397,5.777777777777778,False,0.045796749187693386,-0.8947714119298773,1.7307362733827767,head_interference
t2_20261002_083430,8,12.045,0.3680000000000003,397,14.636792452830191,33.7,6.582980092331917,6.582980092331917,397,5.777777777777778,False,0.045796749187693386,-0.8947714119298773,1.7307362733827767,head_interference
t2_20261002_083430,8,12.09,0.3230000000000004,397,14.636792452830191,33.7,6.426187171872984,6.426187171872984,397,5.777777777777778,False,0.045796749187693386,-0.8947714119298773,1.7307362733827767,head_interference
t2_20261002_083430,8,12.11,0.3030000000000008,397,14.636792452830191,33.7,6.899945746794694,6.899945746794694,397,5.777777777777778,False,0.045796749187693386,-0.8947714119298773,1.7307362733827767,head_interference
t2_20261002_083430,8,12.141,0.27200000000000024,397,14.636792452830191,33.7,4.418409517869465,4.418409517869465,397,5.777777777777778,False,0.045796749187693386,-0.8947714119298773,1.7307362733827767,head_interference
t2_20261002_083430,8,12.174,0.23900000000000077,397,14.636792452830191,33.7,4.064350321442648,4.064350321442648,397,5.777777777777778,False,0.045796749187693386,-0.8947714119298773,1.7307362733827767,head_interference
t2_20261002_083430,8,12.206,0.20700000000000074,397,14.636792452830191,33.7,2.208030999284029,2.208030999284029,397,5.777777777777778,False,0.045796749187693386,-0.8947714119298773,1.7307362733827767,head_interference
t2_20261002_083430,8,12.245,0.16800000000000104,397,14.636792452830191,33.7,-1.1315254803567054,-1.1315254803567054,397,5.777777777777778,False,0.045796749187693386,-0.8947714119298773,1.7307362733827767,head_interference
t2_20261002_083430,8,12.27,0.14300000000000068,397,14.636792452830191,33.7,-3.770212741161542,-3.770212741161542,397,5.777777777777778,False,0.045796749187693386,-0.8947714119298773,1.7307362733827767,head_interference
t2_20261002_083430,8,12.302,0.11100000000000065,397,14.636792452830191,33.7,-5.97882650131538,-5.97882650131538,397,5.777777777777778,False,0.045796749187693386,-0.8947714119298773,1.7307362733827767,head_interference
t2_20261002_083430,8,12.335,0.0779999999999994,397,14.636792452830191,33.7,-7.788483583133425,-7.788483583133425,397,5.777777777777778,False,0.045796749187693386,-0.8947714119298773,1.7307362733827767,head_interference
t2_20261002_083430,8,12.382,0.031000000000000583,397,14.636792452830191,33.7,-10.67743140067307,-10.67743140067307,397,5.777777777777778,False,0.045796749187693386,-0.8947714119298773,1.7307362733827767,head_interference
t2_20261002_083430,8,12.413,0.0,397,14.636792452830191,33.7,-11.055855945936548,-11.055855945936548,397,5.777777777777778,False,0.045796749187693386,-0.8947714119298773,1.7307362733827767,head_interference
t2_20261002_083430,9,4.416,1.984,22,14.5,18.2,687.9807127970809,687.9807127970809,22,5.777777777777778,False,0.7490449695401216,-178.86799410298022,0.5117755052318018,curve
t2_20261002_083430,9,4.458,1.9420000000000002,22,14.5,18.2,682.2725587619185,682.2725587619185,22,5.777777777777778,False,0.7490449695401216,-134.9447630273154,0.5117755052318018,curve
t2_20261002_083430,9,4.497,1.9030000000000005,22,14.5,18.2,673.4704018852324,673.4704018852324,22,5.777777777777778,False,0.7490449695401216,-226.27690628001184,0.5117755052318018,curve
t2_20261002_083430,9,4.53,1.87,22,14.5,18.2,667.9620971648384,667.9620971648384,22,5.777777777777778,False,0.7735886621462917,-167.9363534237831,0.5117755052318018,curve
t2_20261002_083430,9,4.559,1.8410000000000002,22,14.5,18.2,687.2780559858193,687.2780559858193,22,5.777777777777778,False,0.5345872483181067,668.6396391571672,0.4091758119176343,curve
t2_20261002_083430,9,4.606,1.7940000000000005,22,14.5,18.2,678.8925709148489,678.8925709148489,22,5.777777777777778,True,0.5345872483181067,-179.56036579134468,0.4091758119176343,curve
t2_20261002_083430,9,4.624,1.7760000000000007,22,14.5,18.2,675.6114433577003,675.6114433577003,22,5.888888888888889,True,0.5100435557119365,-179.29616252551978,0.4091758119176343,curve
t2_20261002_083430,9,4.658,1.742,22,14.5,18.2,669.5725951444176,669.5725951444176,22,5.888888888888889,True,0.5100435557119365,-178.13668164396606,0.4091758119176343,curve
t2_20261002_083430,9,4.7,1.7000000000000002,22,14.5,18.2,694.3409968875501,694.3409968875501,22,6.5,True,0.3413035906489963,586.1478134099907,0.3464212041982422,curve
t2_20261002_083430,9,4.719,1.681,22,14.5,18.2,687.8824917570922,687.8824917570922,22,7.166666666666667,True,0.36584728325516647,-341.7216871808848,0.3464212041982422,curve
t2_20261002_083430,9,4.752,1.6480000000000006,22,14.5,18.2,680.0279735527163,680.0279735527163,22,7.833333333333333,True,0.3413035906489963,-234.46453827898495,0.3464212041982422,curve
t2_20261002_083430,9,4.784,1.6160000000000005,22,14.5,18.2,671.9916189878196,671.9916189878196,22,7.833333333333333,True,0.3413035906489963,-251.9258684174126,0.3464212041982422,curve
t2_20261002_083430,9,4.817,1.5830000000000002,22,14.5,18.2,699.1491081282439,699.1491081282439,22,8.444444444444445,True,0.17991543333127158,828.4066323153302,0.3259222011810077,curve
t2_20261002_083430,9,4.856,1.5440000000000005,22,14.5,18.1,711.6862954784606,711.6862954784606,22,9.11111111111111,True,0.13483159477029627,321.7603187329938,0.3282655121218574,curve
t2_20261002_083430,9,4.879,1.5210000000000008,22,14.5,18.1,702.5423003012771,702.5423003012771,22,9.777777777777779,True,0.1102879021641261,-395.84609663968735,0.3282655121218574,curve
t2_20261002_083430,9,4.912,1.4880000000000004,22,14.5,18.1,729.8929243104621,729.8929243104621,22,9.777777777777779,True,0.0021606514417475964,834.9037506789118,0.3502079682919468,curve
t2_20261002_083430,9,4.944,1.4560000000000004,22,14.5,18.1,719.4396703098159,719.4396703098159,22,10.444444444444445,True,0.0021606514417475964,-325.64754354074637,0.3502079682919468,curve
t2_20261002_083430,9,4.976,1.4240000000000004,22,14.5,18.1,708.4543334249578,708.4543334249578,22,11.055555555555555,True,0.022383041164423023,-344.3687601779922,0.3502079682919468,curve
t2_20261002_083430,9,5.01,1.3900000000000006,22,14.5,18.2,714.4561577123573,714.4561577123573,22,11.722222222222221,True,0.02685693631576269,174.6006352032121,0.35180569916034665,curve
t2_20261002_083430,9,5.05,1.3500000000000005,22,14.5,18.2,700.525183236395,700.525183236395,22,11.722222222222221,True,0.02685693631576269,-352.68369295832775,0.35180569916034665,curve
t2_20261002_083430,9,5.098,1.3020000000000005,22,14.5,18.2,685.915558695775,685.915558695775,22,12.38888888888889,True,0.0023132437095925162,-300.6102528267911,0.35180569916034665,curve
t2_20261002_083430,9,5.11,1.29,22,14.5,18.3,694.339728102922,694.339728102922,22,13.055555555555555,True,0.052780294148486284,733.6161920066271,0.34377695213632276,curve
t2_20261002_083430,9,5.152,1.2480000000000002,22,14.5,18.3,671.3397182734511,671.3397182734511,22,13.722222222222221,True,0.07732398675465646,-547.6162709997791,0.34377695213632276,curve
t2_20261002_083430,9,5.183,1.2170000000000005,22,14.5,18.3,657.7386460370113,657.7386460370113,22,14,True,0.052780294148486284,-433.153516836014,0.34377695213632276,curve
t2_20261002_083430,9,5.216,1.1840000000000002,22,14.5,18.5,660.6738995448594,640.5707084932759,310,14,True,0.07931980260791782,90.11708963972819,0.32544794893480944,curve
t2_20261002_083430,9,5.251,1.149,22,14.5,18.5,645.8854492785572,621.479591410373,310,14,True,0.07931980260791782,-421.32373825459615,0.32544794893480944,curve
t2_20261002_083430,9,5.28,1.12,22,14.5,18.5,671.5073073998137,603.4332493221677,310,14,True,0.19742077200210417,913.5897521345626,0.2606011610094101,curve
t2_20261002_083430,9,5.312,1.088,22,14.5,18.5,657.4911952952434,584.2440355381647,310,14,True,0.025614923758912944,-435.28578503719365,0.2606011610094101,curve
t2_20261002_083430,9,5.344,1.056,22,14.5,18.5,643.9893253350343,567.6366849087527,310,14,True,0.025614923758912944,-419.31436269752015,0.2606011610094101,curve
t2_20261002_083430,9,5.378,1.0220000000000002,22,14.5,18.5,662.1218802096976,551.007906870142,310,14,True,2.969786805346418,536.4404256479755,0.5789818736273427,body_endpoint
t2_20261002_083430,9,5.425,0.9750000000000005,22,14.5,18.5,636.7200868721723,535.0409329370664,310,14,False,3.0020277952450085,-534.0775243858488,0.6112228635259331,body_endpoint
t2_20261002_083430,9,5.439,0.9610000000000003,22,14.5,18.5,609.7140778112773,517.438299985965,310,14,False,2.9969195855338695,-1979.2630919608753,0.6306583464209643,body_endpoint
t2_20261002_083430,9,5.471,0.9290000000000003,22,14.5,18.5,583.4400681821259,500.21614272504826,310,13.222222222222221,False,3.024430512637558,-814.2612383806625,0.6581692735246523,body_endpoint
t2_20261002_083430,9,5.511,0.8890000000000002,22,14.5,18.5,557.1625948814725,479.79026569357194,310,13.222222222222221,False,3.092505268377269,-664.0134865657369,0.6997828606736904,body_endpoint
t2_20261002_083430,9,5.557,0.843,22,14.5,18.5,523.4003539695527,460.26748430218976,310,12.055555555555555,False,2.9998143704100384,-726.3373328465109,0.7543541183431137,body_endpoint
t2_20261002_083430,9,5.585,0.8150000000000004,22,14.5,18.5,497.03074417545804,445.4687035722394,310,11.166666666666666,False,3.128771948096217,-956.2763813748994,0.5840895685925087,body_endpoint
t2_20261002_083430,9,5.616,0.7840000000000007,22,14.5,18.5,473.46691270795407,429.47041939753944,310,10.277777777777779,False,3.109319963880858,-753.0233149005878,0.6046392711888489,body_endpoint
t2_20261002_083430,9,5.651,0.7490000000000006,22,14.5,18.5,447.1363553345492,402.4371335930282,310,9.38888888888889,False,3.0375354784645676,-759.5920331368807,0.6273363713927984,body_endpoint
t2_20261002_083430,9,5.679,0.7210000000000001,22,14.5,18.5,428.1581327103636,385.3839620725345,310,9.38888888888889,False,2.969786805346386,-676.4252189578962,0.39586291707388366,body_endpoint
t2_20261002_083430,9,5.711,0.6890000000000001,22,14.5,18.5,405.5427123410703,368.883128809485,310,8.555555555555555,False,2.928778199704708,-694.1298886531721,0.4123278301093909,body_endpoint
t2_20261002_083430,9,5.743,0.657,22,14.5,18.5,383.7133468701729,352.62822347578754,310,7.666666666666667,False,2.896401475492535,-686.8535683716862,0.42016086171539424,body_endpoint
t2_20261002_083430,9,5.776,0.6240000000000006,22,14.5,18.6,362.70534927418316,334.7184167789329,310,6.833333333333333,False,3.0574429977564446,-650.9323735788356,0.25310683000145895,body_endpoint
t2_20261002_083430,9,5.81,0.5900000000000007,22,14.5,18.6,342.07089951891726,316.2948373970173,310,6.833333333333333,False,3.0786884447778364,-597.9262604456867,0.26939819445006874,body_endpoint
t2_20261002_083430,9,5.858,0.5420000000000007,22,14.5,18.6,327.21774072503786,303.86318382067077,310,5.944444444444445,False,3.012045829375782,-309.5091847458149,0.28447888379042086,body_endpoint
t2_20261002_083430,9,5.871,0.5289999999999999,22,14.5,18.6,313.84575019865633,294.7460706285441,310,5.777777777777778,False,2.945243112740398,-1031.3917578758326,0.20210196880396492,body_endpoint
t2_20261002_083430,9,5.904,0.49600000000000044,22,14.5,18.6,294.1593772833653,272.6323892762259,310,5.777777777777778,False,2.945243112740476,-604.4877610776919,0.20210196880388587,body_endpoint
t2_20261002_083430,9,5.936,0.4640000000000004,22,14.5,18.6,274.5815739512582,253.76879292376566,310,5.777777777777778,False,2.9674785942487727,-612.3997946426323,0.19365783455447128,body_endpoint
t2_20261002_083430,9,5.97,0.4300000000000006,22,14.5,18.6,255.14750998424466,235.51738665961855,310,5.777777777777778,False,3.09471964056008,-564.5876605204927,0.2900089679095412,body_endpoint
t2_20261002_083430,9,6.016,0.38400000000000034,22,14.5,18.6,227.88922541875544,207.9727267194712,310,5.777777777777778,False,3.09471964056008,-564.5876605204927,0.2900089679095412,body_endpoint
t2_20261002_083430,9,6.032,0.3680000000000003,22,14.5,18.6,219.31414269471225,199.10273291528824,310,5.777777777777778,False,3.09471964056008,-564.5876605204927,0.2900089679095412,body_endpoint
t2_20261002_083430,9,6.066,0.3340000000000005,22,14.5,18.6,195.56565962159058,173.12231644594206,310,5.777777777777778,False,3.09471964056008,-564.5876605204927,0.2900089679095412,body_endpoint
t2_20261002_083430,9,6.112,0.28800000000000026,22,14.5,18.6,175.20364853295308,143.8974697433959,310,5.777777777777778,False,3.09471964056008,-564.5876605204927,0.2900089679095412,body_endpoint
t2_20261002_083430,9,6.143,0.25700000000000056,22,14.5,18.6,165.23941501471552,125.20768015946274,310,5.777777777777778,False,3.09471964056008,-564.5876605204927,0.2900089679095412,body_endpoint
t2_20261002_083430,9,6.176,0.2240000000000002,22,14.5,18.6,157.4223231683044,106.02126151583317,310,5.777777777777778,False,3.09471964056008,-564.5876605204927,0.2900089679095412,body_endpoint
t2_20261002_083430,9,6.212,0.1880000000000006,22,14.5,18.6,152.4107040967582,86.7775594754113,310,5.777777777777778,False,3.09471964056008,-564.5876605204927,0.2900089679095412,body_endpoint
t2_20261002_083430,9,6.239,0.16100000000000048,22,14.5,18.6,147.7418319802073,68.14205793389351,310,5.777777777777778,False,3.09471964056008,-564.5876605204927,0.2900089679095412,body_endpoint
t2_20261002_083430,9,6.272,0.1280000000000001,22,14.5,18.6,140.53377194594626,50.66318516824987,310,5.777777777777778,False,3.09471964056008,-564.5876605204927,0.2900089679095412,body_endpoint
t2_20261002_083430,9,6.306,0.0940000000000003,22,14.5,18.6,135.7110881641022,35.701975983398654,310,5.777777777777778,False,3.09471964056008,-564.5876605204927,0.2900089679095412,body_endpoint
t2_20261002_083430,9,6.336,0.06400000000000006,22,14.5,18.6,130.02369194859844,21.674283155872402,310,5.777777777777778,False,3.09471964056008,-564.5876605204927,0.2900089679095412,body_endpoint
t2_20261002_083430,9,6.374,0.02600000000000069,22,14.5,18.6,124.18852900220168,8.64627401790947,310,5.777777777777778,False,3.09471964056008,-564.5876605204927,0.2900089679095412,body_endpoint
t2_20261002_083430,9,6.4,0.0,22,14.5,18.6,119.08368966026555,1.1482017998323855,310,5.777777777777778,False,3.09471964056008,-564.5876605204927,0.2900089679095412,body_endpoint
t2_20261002_083430,10,5.968,1.984,124,14.636792452830191,45.1,215.6339198009017,209.49512664140605,289,5.79,False,1.1180471955649933,-157.38498492907613,3.6101758572037186,curve
t2_20261002_083430,10,6.004,1.9480000000000004,124,14.636792452830191,45.1,210.56051795833963,210.56051795833963,124,5.79,False,1.068959810352653,-142.51354052005684,3.6101758572037186,curve
t2_20261002_083430,10,6.032,1.92,124,14.636792452830191,45.1,206.71440520424494,206.71440520424494,124,5.79,False,1.1073682019310631,-138.08339161090873,3.6127788998374957,curve
t2_20261002_083430,10,6.063,1.8890000000000002,124,14.636792452830191,45.1,201.92390387855198,201.92390387855198,124,5.79,False,1.1319118945372333,-155.52621677102343,3.6127788998374957,curve
t2_20261002_083430,10,6.111,1.8410000000000002,124,14.636792452830191,45.1,194.3530575936078,194.3530575936078,124,5.79,False,1.1319118945372333,-157.71586606117728,3.6127788998374957,curve
t2_20261002_083430,10,6.156,1.7960000000000003,124,14.636792452830191,45.1,187.31303070717794,187.31303070717794,124,5.79,False,1.1564555871434035,-156.08787614650893,3.6127788998374957,head_interference
t2_20261002_083430,10,6.176,1.7759999999999998,124,14.636792452830191,45.1,184.40045469196505,184.40045469196505,124,5.79,False,1.1319118945372333,-152.4797101826004,3.6127788998374957,head_interference
t2_20261002_083430,10,6.209,1.7430000000000003,124,14.636792452830191,45.1,179.4035476848474,179.4035476848474,124,5.79,False,1.1319118945372333,-148.26466262149776,3.6127788998374957,head_interference
t2_20261002_083430,10,6.245,1.7069999999999999,124,14.636792452830191,45.1,175.47358943730862,175.47358943730862,124,5.79,False,0.9949154250958347,-110.32095158728382,3.6126435148961766,head_interference
t2_20261002_083430,10,6.271,1.681,124,14.636792452830191,45.1,172.28735840280393,172.28735840280393,124,5.79,False,0.9949154250958347,-120.40442949449795,3.6126435148961766,head_interference
t2_20261002_083430,10,6.304,1.6479999999999997,124,14.636792452830191,45.1,167.27113955699127,167.27113955699127,124,5.79,False,0.9949154250958347,-152.04617157833397,3.6126435148961766,head_interference
t2_20261002_083430,10,6.336,1.6159999999999997,124,14.636792452830191,45.1,162.61630763048382,162.61630763048382,124,5.79,False,0.9949154250958347,-147.33296660891975,3.6126435148961766,head_interference
t2_20261002_083430,10,6.368,1.5839999999999996,124,14.636792452830191,45.1,157.94639645592753,157.94639645592753,124,5.79,False,0.9703717324896637,-144.60910879929585,3.6126435148961766,head_interference
t2_20261002_083430,10,6.404,1.548,124,14.636792452830191,45.1,153.25718939450746,153.25718939450746,124,5.79,False,0.9703717324896637,-128.5000360417317,3.6126435148961766,head_interference
t2_20261002_083430,10,6.431,1.521,124,14.636792452830191,45.1,149.52180092493742,149.52180092493742,124,5.79,False,1.0289305452808293,-144.52757444291254,3.6165824390509513,head_interference
t2_20261002_083430,10,6.464,1.4879999999999995,124,14.636792452830191,45.1,144.95614941574175,144.95614941574175,124,5.79,False,1.004386852674659,-135.48488202825607,3.6165824390509513,head_interference
t2_20261002_083430,10,6.501,1.4509999999999996,124,14.636792452830191,45.1,137.70967503251694,137.70967503251694,124,5.79,False,1.004386852674659,-195.69978668267126,3.6165824390509513,head_interference
t2_20261002_083430,10,6.527,1.4249999999999998,124,14.636792452830191,45.1,133.93185754584104,133.93185754584104,124,5.79,False,0.8755218603848149,-143.7319738008799,3.5543490909821513,head_interference
t2_20261002_083430,10,6.565,1.3869999999999996,124,14.636792452830191,45.1,129.43096374403484,129.43096374403484,124,5.79,False,0.8755218603848149,-118.98406031776044,3.5543490909821513,head_interference
t2_20261002_083430,10,6.591,1.3609999999999998,124,14.636792452830191,45.1,124.97504899003137,124.97504899003137,124,5.79,False,0.8755218603848149,-168.76219001668977,3.5543490909821513,head_interference
t2_20261002_083430,10,6.639,1.3129999999999997,124,14.636792452830191,45.1,119.34703633622219,119.34703633622219,124,5.79,False,0.8798120066294661,-119.38144459327536,3.5597265241876226,curve
t2_20261002_083430,10,6.672,1.2800000000000002,124,14.636792452830191,45.1,115.19184540653684,115.19184540653684,124,5.79,False,0.8798120066294661,-126.6772396018484,3.5597265241876226,curve
t2_20261002_083430,10,6.703,1.2489999999999997,124,14.636792452830191,45.1,111.18833295585027,111.18833295585027,124,5.79,False,0.7461720833114263,-125.10633689341685,3.6124128114134537,curve
t2_20261002_083430,10,6.736,1.2160000000000002,124,14.636792452830191,45.1,106.56431906813968,106.56431906813968,124,5.79,False,0.7707157759175964,-140.8734131164791,3.6124128114134537,curve
t2_20261002_083430,10,6.769,1.1829999999999998,124,14.636792452830191,45.1,102.45695461851254,102.45695461851254,124,5.79,False,0.7707157759175964,-127.52987342125077,3.6124128114134537,curve
t2_20261002_083430,10,6.804,1.1479999999999997,124,14.636792452830191,45.1,98.73756053516892,98.73756053516892,124,5.79,False,0.7461720833114263,-105.06811773167883,3.6124128114134537,curve
t2_20261002_083430,10,6.831,1.1209999999999996,124,14.636792452830191,45.1,95.78428362700352,95.78428362700352,124,5.79,False,0.771048051391861,-110.51259102213491,3.617721530295607,curve
t2_20261002_083430,10,6.864,1.088,124,14.636792452830191,45.1,91.54315093033553,91.54315093033553,124,5.79,False,0.8144443288395267,-127.43436025087,3.6020860985436034,curve
t2_20261002_083430,10,6.896,1.056,124,14.636792452830191,45.1,87.14313213520622,87.14313213520622,124,5.79,False,0.8987619420717561,-138.91384657462433,3.6020860985436034,curve
t2_20261002_083430,10,6.928,1.024,124,14.636792452830191,45.1,82.66673013568472,82.66673013568472,124,5.79,False,0.8496745568594162,-136.56665429519506,3.6020860985436034,curve
t2_20261002_083430,10,6.966,0.9859999999999998,124,14.636792452830191,45.1,78.74340501171237,78.74340501171237,124,5.79,False,0.8496745568594162,-103.51081952149723,3.6020860985436034,curve
t2_20261002_083430,10,6.991,0.9610000000000003,124,14.636792452830191,45.1,74.75846121567064,74.75846121567064,124,5.79,False,0.8251308642532456,-158.74730070315513,3.6020860985436034,curve
t2_20261002_083430,10,7.025,0.9269999999999996,124,14.636792452830191,45.1,71.90304148388067,71.90304148388067,124,5.79,False,0.5813995206331568,-83.5101638677191,3.5398623761392587,curve
t2_20261002_083430,10,7.057,0.8949999999999996,124,14.636792452830191,45.1,69.2763522328117,69.2763522328117,124,5.79,False,0.4530513476446383,-83.2479664143153,3.5398623761392587,curve
t2_20261002_083430,10,7.088,0.8639999999999999,124,14.636792452830191,45.1,67.02754764842474,67.02754764842474,124,5.79,False,0.44758314949583156,-70.69484264934373,3.5398623761392587,curve
t2_20261002_083430,10,7.128,0.8239999999999998,124,14.636792452830191,45.1,64.72033474557522,64.72033474557522,124,5.79,False,0.44758314949583156,-58.06120680746501,3.5398623761392587,curve
t2_20261002_083430,10,7.161,0.7910000000000004,124,14.636792452830191,45.1,62.25596696913969,62.25596696913969,124,5.79,False,0.35513124746595315,-75.39740998866625,3.585211610846896,curve
t2_20261002_083430,10,7.201,0.7510000000000003,124,14.636792452830191,45.1,60.566731714970885,60.566731714970885,124,5.79,False,0.330587554859783,-43.048693565006445,3.585211610846896,curve
t2_20261002_083430,10,7.231,0.7210000000000001,124,14.636792452830191,45.1,59.42517144706029,59.42517144706029,124,5.79,False,0.28840150907014017,-37.32376078113144,3.5612130263245936,curve
t2_20261002_083430,10,7.264,0.6879999999999997,124,14.636792452830191,45.1,57.303475362124246,57.303475362124246,124,5.79,False,0.3620325868886507,-62.55332654831437,3.5612130263245936,curve
t2_20261002_083430,10,7.298,0.6539999999999999,124,14.636792452830191,45.1,55.12056109840809,55.12056109840809,124,5.79,False,0.3865762794948209,-64.54014049089625,3.5612130263245936,curve
t2_20261002_083430,10,7.328,0.6239999999999997,124,14.636792452830191,45.1,53.13203736301146,53.13203736301146,124,5.79,False,0.3865762794948209,-65.24776620276842,3.5612130263245936,curve
t2_20261002_083430,10,7.366,0.5860000000000003,124,14.636792452830191,45.1,51.23592821306998,51.23592821306998,124,5.79,False,0.3348361161560076,-50.508420374008445,3.4746160394592254,curve
t2_20261002_083430,10,7.392,0.5599999999999996,124,14.636792452830191,45.1,49.324947336566446,49.324947336566446,124,5.79,False,0.3348361161560076,-75.59086304057242,3.4746160394592254,curve
t2_20261002_083430,10,7.424,0.5279999999999996,124,14.636792452830191,45.1,46.06142802644876,46.06142802644876,124,5.79,False,0.38392350136834796,-102.02636666639513,3.4746160394592254,curve
t2_20261002_083430,10,7.486,0.4660000000000002,124,14.636792452830191,45.1,43.33698462671273,43.33698462671273,124,5.79,False,0.32853502858097583,-43.368041587345715,3.3186230103667795,curve
t2_20261002_083430,10,7.527,0.4249999999999998,124,14.636792452830191,45.1,41.25554500717195,41.25554500717195,124,5.79,False,0.353078721187146,-52.1551971718133,3.3186230103667795,curve
t2_20261002_083430,10,7.552,0.40000000000000036,124,14.636792452830191,45.1,39.67188948382837,39.67188948382837,124,5.79,False,0.26379768594966624,-62.518958127124826,3.039207579063665,curve
t2_20261002_083430,10,7.585,0.367,124,14.636792452830191,45.1,38.10164238792117,38.10164238792117,124,5.79,False,0.26379768594966624,-47.613388956240236,3.039207579063665,curve
t2_20261002_083430,10,7.617,0.33499999999999996,124,14.636792452830191,45.1,36.214169542812535,36.214169542812535,124,5.79,False,0.33742876376817676,-58.34475350592603,3.039207579063665,curve
t2_20261002_083430,10,7.65,0.3019999999999996,124,14.636792452830191,45.1,35.02433920561629,35.02433920561629,124,5.79,False,0.33742876376817676,-58.34475350592603,3.039207579063665,curve
t2_20261002_083430,10,7.696,0.2560000000000002,124,14.636792452830191,45.1,32.599236785090106,32.599236785090106,124,5.79,False,0.33742876376817676,-58.34475350592603,3.039207579063665,curve
t2_20261002_083430,10,7.728,0.2240000000000002,124,14.636792452830191,45.1,31.027083613168067,31.027083613168067,124,5.79,False,0.33742876376817676,-58.34475350592603,3.039207579063665,curve
t2_20261002_083430,10,7.765,0.18700000000000028,124,14.636792452830191,45.1,29.406801516516474,29.406801516516474,124,5.79,False,0.33742876376817676,-58.34475350592603,3.039207579063665,curve
t2_20261002_083430,10,7.792,0.16000000000000014,124,14.636792452830191,45.1,27.490784366665146,27.490784366665146,124,5.79,False,0.33742876376817676,-58.34475350592603,3.039207579063665,curve
t2_20261002_083430,10,7.823,0.12899999999999956,124,14.636792452830191,45.1,22.68670444638186,22.68670444638186,124,5.79,False,0.33742876376817676,-58.34475350592603,3.039207579063665,curve
t2_20261002_083430,10,7.856,0.09600000000000009,124,14.636792452830191,45.1,17.348099808758285,17.348099808758285,124,5.79,False,0.33742876376817676,-58.34475350592603,3.039207579063665,curve
t2_20261002_083430,10,7.889,0.06299999999999972,124,14.636792452830191,45.1,10.343651810320333,10.343651810320333,124,5.79,False,0.33742876376817676,-58.34475350592603,3.039207579063665,curve
t2_20261002_083430,10,7.927,0.025000000000000355,124,14.636792452830191,45.1,4.725411149358786,4.725411149358786,124,5.79,False,0.33742876376817676,-58.34475350592603,3.039207579063665,curve
t2_20261002_083430,10,7.952,0.0,124,14.636792452830191,45.1,-0.9757989228788428,-0.9757989228788428,124,5.79,False,0.33742876376817676,-58.34475350592603,3.039207579063665,curve
t2_20261002_083430,11,56.554,1.9849999999999994,436,14.773584905660377,20.1,-12.854503871905601,-12.854503871905601,436,5.777777777777778,False,0.036583036837649185,6.562523581910202,0.0035344782968174115,clean
t2_20261002_083430,11,56.587,1.9519999999999982,436,14.773584905660377,20.1,-12.78599816902007,-12.78599816902007,436,5.777777777777778,False,0.012039344231478566,2.187177530812732,0.0035344782968174115,clean
t2_20261002_083430,11,56.621,1.9179999999999993,436,14.773584905660377,20.1,-12.863087337564414,-12.863087337564414,436,5.777777777777778,False,0.012605681042950678,-2.24021711142976,0.0027415240697803434,clean
t2_20261002_083430,11,56.652,1.8870000000000005,436,14.773584905660377,20.1,-12.998800623488863,-12.998800623488863,436,5.777777777777778,False,0.011938011563219497,-4.5734592337001105,0.0027415240697803434,clean
t2_20261002_083430,11,56.686,1.8530000000000015,436,14.773584905660377,20.1,-12.927039866939145,-12.927039866939145,436,5.777777777777778,False,0.011938011563219497,1.9549186372763319,0.0027415240697803434,clean
t2_20261002_083430,11,56.715,1.823999999999998,436,14.773584905660377,20.1,-12.852749083663676,-12.852749083663676,436,5.777777777777778,False,0.011938011563219497,2.4257897761376777,0.0027415240697803434,clean
t2_20261002_083430,11,56.746,1.7929999999999993,436,14.773584905660377,20.1,-12.848791065442219,-12.848791065442219,436,5.777777777777778,False,0.012740007594560065,0.0057584738668797555,0.0028902203374459035,clean
t2_20261002_083430,11,56.78,1.7590000000000003,436,14.773584905660377,20.1,-12.925002529805317,-12.925002529805317,436,5.777777777777778,False,0.012740007594560065,-2.279369035757106,0.0028902203374459035,clean
t2_20261002_083430,11,56.827,1.7120000000000033,436,14.773584905660377,20.1,-12.82655098094848,-12.82655098094848,436,5.777777777777778,False,0.011751257701474227,2.0325602312081053,0.0023972328490122763,clean
t2_20261002_083430,11,56.859,1.6799999999999997,436,14.773584905660377,20.1,-12.75846685159433,-12.75846685159433,436,5.777777777777778,False,0.011503693475062526,2.078613663499649,0.002569588850929172,clean
t2_20261002_083430,11,56.892,1.6469999999999985,436,14.773584905660377,20.1,-12.659241329334483,-12.659241329334483,436,5.777777777777778,False,0.013039999131107649,3.010332797639284,0.002569588850929172,clean
t2_20261002_083430,11,56.927,1.6120000000000019,436,14.773584905660377,20.1,-12.731735161227531,-12.731735161227531,436,5.777777777777778,False,0.013039999131107649,-2.104773065087689,0.002569588850929172,clean
t2_20261002_083430,11,56.954,1.5850000000000009,436,14.773584905660377,20.1,-12.742065034929242,-12.742065034929242,436,5.777777777777778,False,0.011503693475062526,-0.41315331447336384,0.002569588850929172,clean
t2_20261002_083430,11,56.986,1.5530000000000044,436,14.773584905660377,20.1,-12.67682743507495,-12.67682743507495,436,5.777777777777778,False,0.011106012256788755,2.0832979010268002,0.002773286403038089,clean
t2_20261002_083430,11,57.019,1.5200000000000031,436,14.773584905660377,20.1,-12.627259198994542,-12.627259198994542,436,5.777777777777778,False,0.011106012256788755,1.9678468129881643,0.002773286403038089,clean
t2_20261002_083430,11,57.052,1.4870000000000019,436,14.773584905660377,20.1,-12.649628033040363,-12.649628033040363,436,5.777777777777778,False,0.01343768034938142,-0.23646477013282083,0.002773286403038089,clean
t2_20261002_083430,11,57.087,1.4519999999999982,436,14.773584905660377,20.1,-12.757353132190394,-12.757353132190394,436,5.777777777777778,False,0.013654890699817734,-2.2657051648068993,0.0019726712507130983,clean
t2_20261002_083430,11,57.115,1.4239999999999995,436,14.773584905660377,20.1,-12.32701245741894,-12.32701245741894,436,5.777777777777778,False,0.010888801906352441,15.215266528710243,0.0019726712507130983,clean
t2_20261002_083430,11,57.146,1.3930000000000007,436,14.773584905660377,20.1,-12.262090129736718,-12.262090129736718,436,5.777777777777778,False,0.010888801906352441,1.9596323824835629,0.0019726712507130983,clean
t2_20261002_083430,11,57.18,1.3590000000000018,436,14.773584905660377,20.1,-12.191687345898762,-12.191687345898762,436,5.777777777777778,False,0.010888801906352441,1.9369978531106211,0.0019726712507130983,clean
t2_20261002_083430,11,57.21,1.3290000000000006,436,14.773584905660377,20.1,-12.396687236227253,-12.396687236227253,436,5.777777777777778,False,0.038486542425322234,-6.927296329447727,0.0023272131430500664,clean
t2_20261002_083430,11,57.263,1.2760000000000034,436,14.773584905660377,20.1,-12.578028233817806,-12.578028233817806,436,5.777777777777778,False,0.013942849819152059,-3.839893508597707,0.0023272131430500664,clean
t2_20261002_083430,11,57.276,1.2629999999999981,436,14.773584905660377,20.1,-12.61426142339622,-12.61426142339622,436,5.777777777777778,False,0.013942849819152059,-3.056815449516086,0.0023272131430500664,clean
t2_20261002_083430,11,57.332,1.2070000000000007,436,14.773584905660377,20.1,-13.154486406541158,-13.154486406541158,436,5.777777777777778,False,0.013916653268559287,-9.796468268825958,0.0032539246617058204,clean
t2_20261002_083430,11,57.355,1.1840000000000046,436,14.773584905660377,20.1,-13.244829757764633,-13.244829757764633,436,5.777777777777778,False,0.013916653268559287,-3.219670114633875,0.0032539246617058204,clean
t2_20261002_083430,11,57.387,1.152000000000001,436,14.773584905660377,20.1,-13.269962168739058,-13.269962168739058,436,5.777777777777778,False,0.010627039337610888,-0.24833634790193834,0.0032539246617058204,clean
t2_20261002_083430,11,57.419,1.1200000000000045,436,14.773584905660377,20.1,-13.225138135510774,-13.225138135510774,436,5.777777777777778,False,0.010627039337610888,1.9069994952660432,0.0032539246617058204,clean
t2_20261002_083430,11,57.452,1.0870000000000033,436,14.773584905660377,20.1,-13.1592205314348,-13.1592205314348,436,5.777777777777778,False,0.010661769928657527,1.9055214977793191,0.005722068757531673,clean
t2_20261002_083430,11,57.487,1.0519999999999996,436,14.773584905660377,20.1,-13.158821993176568,-13.158821993176568,436,5.777777777777778,False,0.013881922677512648,-0.3198565330055246,0.005722068757531673,clean
t2_20261002_083430,11,57.514,1.0249999999999986,436,14.773584905660377,20.1,-13.227238780605726,-13.227238780605726,436,5.777777777777778,False,0.013881922677512648,-2.9578943449469763,0.005722068757531673,clean
t2_20261002_083430,11,57.546,0.9930000000000021,436,14.773584905660377,20.1,-13.244196767041759,-13.244196767041759,436,5.777777777777778,False,0.010603697894147057,-0.30084301714832085,0.0032320275851840385,clean
t2_20261002_083430,11,57.58,0.9590000000000032,436,14.773584905660377,20.1,-13.826439063340553,-13.826439063340553,436,5.777777777777778,False,0.010603697894147057,-17.470945620970777,0.0032320275851840385,clean
t2_20261002_083430,11,57.612,0.9269999999999996,436,14.773584905660377,20.1,-13.751458272762717,-13.751458272762717,436,5.777777777777778,False,0.010603697894147057,1.920411520471669,0.0032320275851840385,clean
t2_20261002_083430,11,57.648,0.8909999999999982,436,14.773584905660377,20.1,-13.817317423176588,-13.817317423176588,436,5.777777777777778,False,0.013939994712023118,-2.1603065257205154,0.0032320275851840385,clean
t2_20261002_083430,11,57.675,0.8640000000000043,436,14.773584905660377,20.1,-13.608381044512297,-13.608381044512297,436,5.777777777777778,False,0.035070403285827556,7.716166857417045,0.005624942208620531,clean
t2_20261002_083430,11,57.716,0.8230000000000004,436,14.773584905660377,20.1,-13.47493942179665,-13.47493942179665,436,5.777777777777778,False,0.01052671067965738,3.7548632249222744,0.005624942208620531,clean
t2_20261002_083430,11,57.74,0.7989999999999995,436,14.773584905660377,20.1,-13.444045318927452,-13.444045318927452,436,5.777777777777778,False,0.01052671067965738,1.7306467541769348,0.005624942208620531,clean
t2_20261002_083430,11,57.773,0.7659999999999982,436,14.773584905660377,20.1,-13.566318797073366,-13.566318797073366,436,5.777777777777778,False,0.014299446147545414,-2.758152819365306,0.006133967897993919,clean
t2_20261002_083430,11,57.802,0.7370000000000019,436,14.773584905660377,20.1,-13.608771730074858,-13.608771730074858,436,5.777777777777778,False,0.010244246458624762,-1.7760566163616947,0.006133967897993919,clean
t2_20261002_083430,11,57.85,0.6890000000000001,436,14.773584905660377,20.1,-13.498830570937164,-13.498830570937164,436,5.777777777777778,False,0.010244246458624762,1.8419164957446892,0.006133967897993919,clean
t2_20261002_083430,11,57.887,0.652000000000001,436,14.773584905660377,20.1,-13.424999792617504,-13.424999792617504,436,5.777777777777778,False,0.010244246458624762,1.6311238071371938,0.006133967897993919,clean
t2_20261002_083430,11,57.915,0.6240000000000023,436,14.773584905660377,20.1,-13.430630140714362,-13.430630140714362,436,5.777777777777778,False,0.014673871165209018,-0.5064205684078482,0.010273672353428243,clean
t2_20261002_083430,11,57.946,0.5930000000000035,436,14.773584905660377,20.1,-13.527077772413834,-13.527077772413834,436,5.777777777777778,False,0.014673871165209018,-2.6747470495267494,0.010273672353428243,clean
t2_20261002_083430,11,57.979,0.5600000000000023,436,14.773584905660377,20.1,-13.507843701839798,-13.507843701839798,436,5.777777777777778,False,0.010108463461369954,1.732332539067383,0.005736874567518591,clean
t2_20261002_083430,11,58.012,0.527000000000001,436,14.773584905660377,20.1,-13.537043111830412,-13.537043111830412,436,5.777777777777778,False,0.014615211004199491,-0.5436356367602044,0.006468760665202744,clean
t2_20261002_083430,11,58.046,0.4930000000000021,436,14.773584905660377,20.1,-13.453188434145938,-13.453188434145938,436,5.777777777777778,False,0.014615211004199491,1.9205843863380538,0.006468760665202744,clean
t2_20261002_083430,11,58.076,0.46300000000000097,436,14.773584905660377,20.1,-13.37544761449705,-13.37544761449705,436,5.777777777777778,False,0.009928481601971129,2.0539092017966993,0.006468760665202744,clean
t2_20261002_083430,11,58.106,0.43299999999999983,436,14.773584905660377,20.1,-13.373343984943839,-13.373343984943839,436,5.777777777777778,False,0.014615211004199491,-0.4377487000121266,0.006468760665202744,clean
t2_20261002_083430,11,58.14,0.3990000000000009,436,14.773584905660377,20.1,-13.449431332516747,-13.449431332516747,436,5.777777777777778,False,0.014537460593126106,-2.5816853813897698,0.009989412391977481,clean
t2_20261002_083430,11,58.172,0.36700000000000443,436,14.773584905660377,20.1,-13.474120609523508,-13.474120609523508,436,5.777777777777778,False,0.01000623201304407,-0.34652650127981743,0.009989412391977481,clean
t2_20261002_083430,11,58.207,0.33200000000000074,436,14.773584905660377,20.1,-13.430951617505075,-13.430951617505075,436,5.777777777777778,False,0.01000623201304407,1.6019310130763726,0.009989412391977481,clean
t2_20261002_083430,11,58.235,0.30400000000000205,436,14.773584905660377,20.1,-13.457148910365175,-13.457148910365175,436,5.777777777777778,False,0.01000623201304407,1.6019310130763726,0.009989412391977481,clean
t2_20261002_083430,11,58.266,0.27300000000000324,436,14.773584905660377,20.1,-13.093832612203398,-13.093832612203398,436,5.777777777777778,False,0.01000623201304407,1.6019310130763726,0.009989412391977481,clean
t2_20261002_083430,11,58.302,0.23700000000000188,436,14.773584905660377,20.1,-13.046250176929087,-13.046250176929087,436,5.777777777777778,False,0.01000623201304407,1.6019310130763726,0.009989412391977481,clean
t2_20261002_083430,11,58.346,0.19300000000000495,436,14.773584905660377,20.1,-13.124187141052891,-13.124187141052891,436,5.777777777777778,False,0.01000623201304407,1.6019310130763726,0.009989412391977481,clean
t2_20261002_083430,11,58.366,0.17300000000000182,436,14.773584905660377,20.1,-13.178515237383062,-13.178515237383062,436,5.777777777777778,False,0.01000623201304407,1.6019310130763726,0.009989412391977481,clean
t2_20261002_083430,11,58.412,0.12700000000000244,436,14.773584905660377,20.1,-13.289144481878802,-13.289144481878802,436,5.777777777777778,False,0.01000623201304407,1.6019310130763726,0.009989412391977481,clean
t2_20261002_083430,11,58.447,0.09199999999999875,436,14.773584905660377,20.1,-13.355216768752586,-13.355216768752586,436,5.777777777777778,False,0.01000623201304407,1.6019310130763726,0.009989412391977481,clean
t2_20261002_083430,11,58.475,0.06400000000000006,436,14.773584905660377,20.1,-13.419781024120462,-13.419781024120462,436,5.777777777777778,False,0.01000623201304407,1.6019310130763726,0.009989412391977481,clean
t2_20261002_083430,11,58.507,0.03200000000000358,436,14.773584905660377,20.1,-14.947514909914945,-14.947514909914945,436,5.777777777777778,False,0.01000623201304407,1.6019310130763726,0.009989412391977481,clean
t2_20261002_083430,11,58.539,0.0,436,14.773584905660377,20.1,-15.02326167010933,-15.02326167010933,436,5.777777777777778,False,0.01000623201304407,1.6019310130763726,0.009989412391977481,clean
t2_20261002_083430,12,8.783,1.9860000000000007,289,14.5,20.9,240.24397700799764,240.24397700799764,289,14,True,0.0012202399964253985,-521.1846109033785,0.031988870856781926,align
t2_20261002_083430,12,8.816,1.9529999999999994,289,14.5,20.9,226.96356773432788,226.96356773432788,289,14,True,0.0012202399964253985,-403.64972398571615,0.031988870856781926,align
t2_20261002_083430,12,8.848,1.9209999999999994,289,14.5,20.9,253.61091502769034,253.61091502769034,289,14,True,0.012867342967234574,829.4468170406955,0.020674614735067376,align
t2_20261002_083430,12,8.881,1.888,289,14.5,20.9,239.97124892603082,239.97124892603082,289,14,True,0.012867342967234574,-424.91910413869994,0.020674614735067376,align
t2_20261002_083430,12,8.916,1.8529999999999998,289,14.5,20.9,226.82225486745463,226.82225486745463,289,14,True,0.012867342967234574,-373.5560566828475,0.020674614735067376,align
t2_20261002_083430,12,8.943,1.8260000000000005,289,14.5,20.9,253.224116021604,253.224116021604,289,14,True,0.02283758305499628,954.1920576781722,0.0224847388892222,align
t2_20261002_083430,12,8.976,1.7929999999999993,289,14.5,20.9,239.73200670150956,239.73200670150956,289,14,True,0.0017061095511738955,-412.6171898649064,0.0224847388892222,align
t2_20261002_083430,12,9.008,1.761000000000001,289,14.5,20.9,219.27692215169628,219.27692215169628,289,14,True,0.0017061095511738955,-641.249344479081,0.0224847388892222,align
t2_20261002_083430,12,9.039,1.7300000000000004,289,14.5,20.9,245.44901316973915,245.44901316973915,289,14,True,0.026713890845477817,823.0187743620179,0.04881281111742508,align
t2_20261002_083430,12,9.081,1.6880000000000006,289,14.5,20.9,231.5938485020334,231.5938485020334,289,14,True,0.026713890845477817,-333.8533867444908,0.04881281111742508,align
t2_20261002_083430,12,9.121,1.6479999999999997,289,14.5,20.9,258.32569709428185,258.32569709428185,289,14,True,0.019890224265267875,678.7729677920341,0.09720798556404153,align
t2_20261002_083430,12,9.157,1.612,289,14.5,20.9,244.88708700953185,244.88708700953185,289,14,True,0.0046534683409023,-373.2873224374235,0.09720798556404153,align
t2_20261002_083430,12,9.203,1.5660000000000007,289,14.5,20.9,216.36891670067203,216.36891670067203,289,14,True,0.04443391687143805,-609.3532512190919,0.09720798556404153,align
t2_20261002_083430,12,9.249,1.5199999999999996,289,14.5,20.9,236.33573569066354,236.33573569066354,289,14,True,0.0015715398388049806,436.03324113314767,0.15089975263435873,curve
t2_20261002_083430,12,9.28,1.4890000000000008,289,14.5,20.9,223.60602816442375,223.60602816442375,289,14,True,0.0015715398388049806,-404.1270284114836,0.15089975263435873,curve
t2_20261002_083430,12,9.312,1.4570000000000007,289,14.5,20.9,256.29502708679945,256.29502708679945,289,14,True,0.040445629219140855,1055.212388415361,0.20630315106534347,curve
t2_20261002_083430,12,9.344,1.4250000000000007,289,14.5,20.9,242.7452875600634,242.7452875600634,289,14,True,0.01590193661297068,-422.12921860843886,0.20630315106534347,curve
t2_20261002_083430,12,9.375,1.3940000000000001,289,14.5,20.9,229.32307631161027,229.32307631161027,289,14,True,0.01590193661297068,-422.10196740694704,0.20630315106534347,curve
t2_20261002_083430,12,9.408,1.3610000000000007,289,14.5,20.9,255.66478859322365,255.66478859322365,289,14,True,0.04913453751528918,820.0739033011055,0.2600415775372156,curve
t2_20261002_083430,12,9.439,1.33,289,14.5,20.9,242.12268738280602,242.12268738280602,289,14,True,0.04913453751528918,-425.8492262564818,0.2600415775372156,curve
t2_20261002_083430,12,9.476,1.2929999999999993,289,14.5,20.9,221.29218566175942,221.29218566175942,289,14,True,0.024590844909119003,-566.0433858991738,0.2600415775372156,curve
t2_20261002_083430,12,9.504,1.2650000000000006,289,14.5,20.9,246.82702682229484,246.82702682229484,289,14,True,0.1015644541278613,922.8173474207341,0.3084444694187156,curve
t2_20261002_083430,12,9.536,1.2330000000000005,289,14.5,20.9,233.07541562636462,233.07541562636462,289,14,True,0.1015644541278613,-423.1241059803604,0.3084444694187156,curve
t2_20261002_083430,12,9.569,1.1999999999999993,289,14.5,20.9,219.19879242797833,219.19879242797833,289,14,True,0.05247706891552095,-423.0653791761486,0.3084444694187156,curve
t2_20261002_083430,12,9.602,1.1669999999999998,289,14.5,20.9,252.23313780365822,252.23313780365822,289,14,True,0.1478172056252287,1014.6658499915821,0.34679213278212817,curve
t2_20261002_083430,12,9.665,1.104000000000001,289,14.5,20.9,225.2509451320059,225.2509451320059,289,14,True,0.1478172056252287,-422.91039546197965,0.34679213278212817,curve
t2_20261002_083430,12,9.712,1.0570000000000004,289,14.5,20.9,242.86098839367736,242.86098839367736,289,14,True,0.2103252423961437,382.9554833762891,0.36917754945500914,curve
t2_20261002_083430,12,9.744,1.0250000000000004,289,14.5,20.9,228.72232757672006,228.72232757672006,289,14,True,0.18578154978997308,-436.38396401203664,0.36917754945500914,curve
t2_20261002_083430,12,9.776,0.9930000000000003,289,14.5,20.9,214.43559572949752,214.43559572949752,289,14,True,0.09235035723297669,-446.46525370203045,0.36917754945500914,curve
t2_20261002_083430,12,9.809,0.9600000000000009,289,14.5,20.9,238.74123978970917,234.88246853858482,83,14,True,0.08560890417330702,743.8964131078833,0.37000156887793434,curve
t2_20261002_083430,12,9.84,0.9290000000000003,289,14.5,20.9,225.14007020696928,225.14007020696928,289,14,True,0.04989671439621812,-438.75141951204796,0.37000156887793434,curve
t2_20261002_083430,12,9.878,0.891,289,14.5,20.9,204.42300900976232,204.42300900976232,289,14,True,0.10744017737789546,-542.3372147189093,0.37000156887793434,curve
t2_20261002_083430,12,9.903,0.8659999999999997,289,14.5,20.9,228.06034348661044,208.03000610024293,83,14,True,0.0015343865050492234,924.873734717509,0.3469460917447864,curve
t2_20261002_083430,12,9.935,0.8339999999999996,289,14.5,20.9,214.74218163384157,199.71085429445844,83,14,True,0.0015343865050492234,-416.16168862420074,0.3469460917447864,curve
t2_20261002_083430,12,9.969,0.8000000000000007,289,14.5,20.9,209.35366323994938,195.2833421817018,83,14,True,0.0015343865050492234,-160.8296967001347,0.3469460917447864,curve
t2_20261002_083430,12,10.001,0.7680000000000007,289,14.5,20.9,231.8008274231179,187.05650218493037,83,14,True,0.07829701476146544,675.7054587854359,0.30338115812239064,curve
t2_20261002_083430,12,10.035,0.734,289,14.5,20.9,218.68515759457821,178.6128602613004,83,14,True,0.07829701476146544,-393.8885646429624,0.30338115812239064,curve
t2_20261002_083430,12,10.066,0.7029999999999994,289,14.5,20.9,204.8592083321892,169.45905889096971,83,14,True,0.02920962954912465,-453.34289655220186,0.30338115812239064,curve
t2_20261002_083430,12,10.097,0.6720000000000006,289,14.5,20.9,225.93248867813097,160.72229676925542,83,14,True,0.14810111561799655,689.6427838956328,0.2480503727951917,curve
t2_20261002_083430,12,10.131,0.6379999999999999,289,14.5,20.9,212.7057531932364,151.98388612486798,83,14,True,0.14810111561799655,-376.8576245769721,0.2480503727951917,curve
t2_20261002_083430,12,10.176,0.593,289,14.5,20.9,229.6752211205446,140.77528924469974,83,14,True,0.2256509051653297,383.5655755325644,0.19211423369110525,curve
t2_20261002_083430,12,10.208,0.5609999999999999,289,14.5,20.9,216.9290080027914,133.0947991806771,83,14,True,0.2256509051653297,-388.5806400516593,0.19211423369110525,curve
t2_20261002_083430,12,10.241,0.5280000000000005,289,14.5,20.9,204.078284416058,124.38924744186042,83,14,True,0.17656351995298936,-397.8265794327413,0.19211423369110525,curve
t2_20261002_083430,12,10.28,0.48900000000000077,289,14.5,20.9,219.05112840012507,114.02959473276147,83,14,True,0.2586484804511868,380.61594006220963,0.1455212142771134,curve
t2_20261002_083430,12,10.304,0.46499999999999986,289,14.5,20.9,206.5990836849761,105.8199492899034,83,14,True,0.2586484804511868,-527.6406631764185,0.1455212142771134,curve
t2_20261002_083430,12,10.335,0.4339999999999993,289,14.5,20.9,188.16893844084092,93.1786618988668,83,14,True,0.23410478784501665,-585.1016747155176,0.1455212142771134,curve
t2_20261002_083430,12,10.369,0.40000000000000036,289,14.5,20.9,206.0621809564397,84.52342648067298,83,14,True,0.2724501596994817,531.3145290534613,0.11442063756646359,curve
t2_20261002_083430,12,10.401,0.3680000000000003,289,14.5,20.9,193.06359021939082,76.94947453189931,83,14,True,0.2724501596994817,-403.709785920019,0.11442063756646359,curve
t2_20261002_083430,12,10.436,0.3330000000000002,289,14.5,20.9,181.21652842732468,69.16604344753762,83,14,True,0.22336277448714137,-335.6384650260048,0.11442063756646359,curve
t2_20261002_083430,12,10.464,0.3049999999999997,289,14.5,20.9,205.36171546093257,64.98231915190124,83,14,True,0.27106843803119895,866.6222698754344,0.10013343780092221,align
t2_20261002_083430,12,10.496,0.2729999999999997,289,14.5,20.9,192.6781103073367,56.87024602929402,83,14,True,0.27106843803119895,-401.4174545725653,0.10013343780092221,align
t2_20261002_083430,12,10.529,0.2400000000000002,289,14.5,20.9,180.185682505419,48.92863357959499,83,14,True,0.2219810528188586,-374.0666591880709,0.10013343780092221,align
t2_20261002_083430,12,10.565,0.20400000000000063,289,14.5,20.9,198.74505622054318,40.48504532078212,83,14,True,0.2602105935186998,525.9783078387637,0.09956082152912593,align
t2_20261002_083430,12,10.598,0.17099999999999937,289,14.5,20.9,187.4037655390986,34.45172061842561,83,14,True,0.2602105935186998,525.9783078387637,0.09956082152912593,align
t2_20261002_083430,12,10.631,0.1379999999999999,289,14.5,20.9,172.58446898390693,25.797264771374387,83,14,True,0.2602105935186998,525.9783078387637,0.09956082152912593,align
t2_20261002_083430,12,10.678,0.0909999999999993,289,14.5,20.9,188.76750946950867,17.6389470559878,83,14,True,0.2602105935186998,525.9783078387637,0.09956082152912593,align
t2_20261002_083430,12,10.704,0.0649999999999995,289,14.5,20.9,176.16310145425595,10.785320122044098,83,14,True,0.2602105935186998,525.9783078387637,0.09956082152912593,align
t2_20261002_083430,12,10.735,0.034000000000000696,289,14.5,20.9,163.0191414300696,2.1324587950524005,83,14,True,0.2602105935186998,525.9783078387637,0.09956082152912593,align
t2_20261002_083430,12,10.769,0.0,289,14.5,20.9,181.4214224469814,-3.9425284268503162,83,14,True,0.2602105935186998,525.9783078387637,0.09956082152912593,align
t2_20261002_083430,13,17.558,1.9669999999999987,272,14.5,41.4,-0.8141352173929874,-0.8141352173929874,272,5.777777777777778,False,0.14355741412672884,-18.75245268277957,0.9548838413801581,head_interference
t2_20261002_083430,13,17.588,1.9369999999999976,272,14.5,41.4,-1.6708489238291762,-1.6708489238291762,272,5.777777777777778,False,0.15675706976375015,-29.030404972386837,0.9548838413801581,head_interference
t2_20261002_083430,13,17.62,1.9049999999999976,272,14.5,41.4,-2.132770992015608,-2.132770992015608,272,5.777777777777778,False,0.08312599194523962,-14.715661952895148,0.9548838413801581,head_interference
t2_20261002_083430,13,17.655,1.8699999999999974,272,14.5,41.4,-0.9518705257352096,-0.9518705257352096,272,5.777777777777778,False,0.020812192405675223,34.38552951882791,1.0046997951579524,head_interference
t2_20261002_083430,13,17.684,1.8409999999999975,272,14.5,41.4,0.6984936197672127,0.6984936197672127,272,5.777777777777778,False,0.06643150039719004,58.25218494141996,1.0046997951579524,curve
t2_20261002_083430,13,17.716,1.8089999999999975,272,14.5,41.4,0.2424753219401765,0.2424753219401765,272,5.777777777777778,False,0.07736257801900592,-13.867909730261186,1.0046997951579524,curve
t2_20261002_083430,13,17.748,1.7769999999999975,272,14.5,41.4,-0.42620873437557805,-0.42620873437557805,272,5.777777777777778,False,0.15099365583751645,-20.45226517965122,1.0046997951579524,curve
t2_20261002_083430,13,17.78,1.7449999999999974,272,14.5,41.4,-1.09318487498701,-1.09318487498701,272,5.777777777777778,False,0.15099365583751645,-20.905171384714244,1.0046997951579524,curve
t2_20261002_083430,13,17.815,1.7099999999999973,272,14.5,41.4,-1.9600908826079788,-1.9600908826079788,272,5.777777777777778,False,0.16511705868779858,-25.15719118868932,1.0684378830940293,curve
t2_20261002_083430,13,17.843,1.6819999999999986,272,14.5,41.4,-1.1321584714615796,-1.1321584714615796,272,5.777777777777778,False,0.10201548406915828,28.466223242668438,1.0486151386748226,curve
t2_20261002_083430,13,17.877,1.6479999999999997,272,14.5,41.4,-1.642836442898819,-1.642836442898819,272,5.777777777777778,False,0.09108440620147373,-15.30915662421129,1.0486151386748226,curve
t2_20261002_083430,13,17.92,1.6049999999999969,272,14.5,41.4,-1.6385950654759043,-1.6385950654759043,272,5.777777777777778,False,0.02401149612799003,0.39351945789208415,1.1040850666482465,curve
t2_20261002_083430,13,17.941,1.5839999999999996,272,14.5,41.4,-1.9210947143684862,-1.9210947143684862,272,5.777777777777778,False,0.06323219667487567,-13.042624814593111,1.1040850666482465,curve
t2_20261002_083430,13,17.997,1.5279999999999987,272,14.5,41.4,-3.188865506594283,-3.188865506594283,272,5.777777777777778,False,0.12325065950903147,-21.881878247572292,1.1040850666482465,curve
t2_20261002_083430,13,18.005,1.5199999999999996,272,14.5,41.4,-3.2882360076674786,-3.2882360076674786,272,5.777777777777778,False,0.06611946700120885,-12.565782551954937,1.1040850666482465,curve
t2_20261002_083430,13,18.06,1.4649999999999999,272,14.5,41.4,-2.3635040687559936,-2.3635040687559936,272,5.777777777777778,False,0.07886449423760977,16.47167329282048,1.1329804697079515,curve
t2_20261002_083430,13,18.084,1.440999999999999,272,14.5,41.3,-2.63920123231091,-2.63920123231091,272,5.777777777777778,False,0.0543208016314396,-10.347826077830284,1.1329804697079515,curve
t2_20261002_083430,13,18.117,1.4079999999999977,272,14.5,41.3,-2.9564519197436923,-2.9564519197436923,272,5.777777777777778,False,0.0543208016314396,-9.773923892854382,1.1329804697079515,curve
t2_20261002_083430,13,18.148,1.376999999999999,272,14.5,41.3,-1.9053105529641101,-1.9053105529641101,272,5.777777777777778,False,0.14445199413926213,34.13522194989537,1.1329804697079515,curve
t2_20261002_083430,13,18.18,1.3449999999999989,272,14.5,41.3,-2.3936996634020034,-2.3936996634020034,272,5.777777777777778,False,0.07596754037646569,-14.79897894427496,1.1682643809247235,curve
t2_20261002_083430,13,18.212,1.3129999999999988,272,14.5,41.3,-0.9549256338916265,-0.9549256338916265,272,5.777777777777778,False,0.05773182050980763,45.59323459831459,1.155787152552553,curve
t2_20261002_083430,13,18.244,1.2809999999999988,272,14.5,41.3,-1.469962683719686,-1.469962683719686,272,5.777777777777778,False,0.13136289832831816,-16.488062901695795,1.155787152552553,curve
t2_20261002_083430,13,18.277,1.2479999999999976,272,14.5,41.3,-1.749037323871427,-1.749037323871427,272,5.777777777777778,False,0.0047379624663017594,-8.495151587224866,1.1833184184117247,curve
t2_20261002_083430,13,18.31,1.2149999999999999,272,14.5,41.3,-1.6274971499523119,-1.6274971499523119,272,5.777777777777778,False,0.019805730139868416,3.5115648682231164,1.1833184184117247,curve
t2_20261002_083430,13,18.341,1.1839999999999975,272,14.5,41.3,-0.7904135284363605,-0.7904135284363605,272,5.777777777777778,False,0.15909548258171125,28.395101344019107,1.1734232172238213,curve
t2_20261002_083430,13,18.379,1.1459999999999972,272,14.5,41.3,-1.4422604704360324,-1.4422604704360324,272,5.777777777777778,False,0.13455178997554107,-17.313109760209436,1.1734232172238213,curve
t2_20261002_083430,13,18.415,1.1099999999999994,272,14.5,41.3,-0.27975700811038706,-0.27975700811038706,272,5.777777777777778,False,0.00821676029431151,31.927945561516427,1.194651558489292,curve
t2_20261002_083430,13,18.486,1.038999999999998,272,14.5,41.3,-1.0410906250187537,-1.0410906250187537,272,5.777777777777778,False,0.10639153071899221,-10.817130069751322,1.194651558489292,curve
t2_20261002_083430,13,18.501,1.0239999999999974,272,14.5,41.3,-0.3905965098990478,-0.3905965098990478,272,5.777777777777778,False,0.07459613782277197,44.339810297202455,1.1869816633849588,curve
t2_20261002_083430,13,18.536,0.9889999999999972,272,14.5,41.3,-0.31358062380078167,-0.31358062380078167,272,5.777777777777778,False,0.024289306576029457,2.1071689350060896,1.3063648949829556,curve
t2_20261002_083430,13,18.582,0.9429999999999978,272,14.5,41.3,0.44112567969086314,0.44112567969086314,272,5.777777777777778,False,0.094103365236192,16.03029012725591,1.2977255589847827,curve
t2_20261002_083430,13,18.617,0.9079999999999977,272,14.5,41.3,0.2826957795843228,0.2826957795843228,272,5.777777777777778,False,0.029492418391397823,-4.635471975908887,1.3202678078177459,curve
t2_20261002_083430,13,18.644,0.8810000000000002,272,14.5,41.3,-0.22505948886742289,-0.22505948886742289,272,5.777777777777778,False,0.0932260446394535,-18.563951107225144,1.3202678078177459,curve
t2_20261002_083430,13,18.677,0.847999999999999,272,14.5,41.3,0.6924969209555201,0.6924969209555201,272,5.777777777777778,False,0.12479457045117037,26.34599670186517,1.43958856875628,curve
t2_20261002_083430,13,18.709,0.815999999999999,272,14.5,41.3,0.13437275374455027,0.13437275374455027,272,5.777777777777778,False,0.14933826305734055,-17.11746068894256,1.43958856875628,curve
t2_20261002_083430,13,18.741,0.7839999999999989,272,14.5,41.3,-0.07143849708801042,-0.07143849708801042,272,5.777777777777778,False,0.027335095786440444,-5.893865643131226,1.4676036126543628,curve
t2_20261002_083430,13,18.79,0.7349999999999994,272,14.5,41.3,0.7726905481640642,0.7726905481640642,272,5.777777777777778,False,0.13215856265707515,18.248534975494444,1.4586698450090467,curve
t2_20261002_083430,13,18.804,0.7210000000000001,272,14.5,41.3,0.16333260465003718,0.16333260465003718,272,5.777777777777778,False,0.08307117744473569,-43.149557178127715,1.4586698450090467,curve
t2_20261002_083430,13,18.836,0.6890000000000001,272,14.5,41.3,0.22100269921776317,0.22100269921776317,272,5.777777777777778,False,0.037656771776494846,1.8712672413690048,1.4880769507367098,curve
t2_20261002_083430,13,18.868,0.657,272,14.5,41.3,1.300866005275779,1.300866005275779,272,5.777777777777778,False,0.1404696090928539,32.746599312981566,1.478581342648135,curve
t2_20261002_083430,13,18.9,0.625,272,14.5,41.3,0.6437482085156674,0.6437482085156674,272,5.777777777777778,False,0.09138222388051176,-21.045457613762636,1.478581342648135,curve
t2_20261002_083430,13,18.937,0.5879999999999974,272,14.5,41.3,0.32292524574565107,0.32292524574565107,272,5.777777777777778,False,0.09138222388051176,-8.720289796351421,1.478581342648135,curve
t2_20261002_083430,13,18.964,0.5609999999999999,272,14.5,41.3,-0.2140174774931154,-0.2140174774931154,272,5.777777777777778,False,0.11863424664968925,-20.127606275467233,1.5110543449528628,curve
t2_20261002_083430,13,18.996,0.5289999999999999,272,14.5,41.3,0.45241140182614714,0.45241140182614714,272,5.777777777777778,False,0.14932278013587919,23.054573619484767,1.5004111342084996,curve
t2_20261002_083430,13,19.03,0.49499999999999744,272,14.5,41.3,-0.0936710125994864,-0.0936710125994864,272,5.777777777777778,False,0.10023539492353706,-15.711564691543689,1.5004111342084996,curve
t2_20261002_083430,13,19.062,0.4629999999999974,272,14.5,41.3,-0.11136978707806122,-0.11136978707806122,272,5.777777777777778,False,0.019768928054324064,-0.5319413798271797,1.5376845360758784,curve
t2_20261002_083430,13,19.11,0.41499999999999915,272,14.5,41.3,1.6824483621962827,1.6824483621962827,272,5.777777777777778,False,0.15823677427878025,36.39291186555581,1.5252829701868662,curve
t2_20261002_083430,13,19.142,0.3829999999999991,272,14.5,41.3,0.822494155798708,0.822494155798708,272,5.777777777777778,False,0.15823677427878025,-26.431231537531975,1.5252829701868662,curve
t2_20261002_083430,13,19.192,0.3329999999999984,272,14.5,41.3,1.5096662010385415,1.5096662010385415,272,5.777777777777778,False,0.1666999941135252,14.185538874142276,1.5543129502678847,curve
t2_20261002_083430,13,19.237,0.28800000000000026,272,14.5,41.3,-0.1308852349267795,-0.1308852349267795,272,5.777777777777778,False,0.09306891629501379,-37.39145053276746,1.5543129502678847,curve
t2_20261002_083430,13,19.271,0.2539999999999978,272,14.5,41.3,-0.27788892516467456,-0.27788892516467456,272,5.777777777777778,False,0.029343287327129985,-4.179627493138185,1.6062992643299894,curve
t2_20261002_083430,13,19.301,0.2240000000000002,272,14.5,41.3,0.7119867712719241,0.7119867712719241,272,5.777777777777778,False,0.14656487270876184,35.359155244634856,1.7718296648236511,curve
t2_20261002_083430,13,19.345,0.17999999999999972,272,14.5,41.3,0.8573007253226095,0.8573007253226095,272,5.777777777777778,False,0.14965833573961262,3.373301737056269,1.7718296648236511,curve
t2_20261002_083430,13,19.364,0.1609999999999978,272,14.5,41.3,2.4862476690048183,2.4862476690048183,272,5.777777777777778,False,0.016097878448817937,85.35853349604272,1.8231952392873123,curve
t2_20261002_083430,13,19.396,0.12899999999999778,272,14.5,41.3,1.8783484282432639,1.8783484282432639,272,5.777777777777778,False,0.13116427718820312,-18.553523847865982,1.8231952392873123,curve
t2_20261002_083430,13,19.428,0.09699999999999775,272,14.5,41.3,0.9935461882395984,0.9935461882395984,272,5.777777777777778,False,0.15570796979437418,-27.435988959857767,1.8231952392873123,curve
t2_20261002_083430,13,19.472,0.05299999999999727,272,14.5,41.3,1.2896296956067559,1.2896296956067559,272,5.777777777777778,False,0.15570796979437418,-27.435988959857767,1.8231952392873123,curve
t2_20261002_083430,13,19.495,0.029999999999997584,272,14.5,41.3,0.48634063414777273,0.48634063414777273,272,5.777777777777778,False,0.15570796979437418,-27.435988959857767,1.8231952392873123,curve
t2_20261002_083430,13,19.525,0.0,272,14.5,41.3,-1.260442808219409,-1.260442808219409,272,5.777777777777778,False,0.15570796979437418,-27.435988959857767,1.8231952392873123,curve
t2_20261002_083430,14,12.346,1.984,428,14.5,19.7,41.24478320027458,41.24478320027458,428,5.777777777777778,False,0.2370631084836865,-44.27249689374102,0.8411374398986706,curve
t2_20261002_083430,14,12.382,1.9480000000000004,428,14.5,19.7,39.962870445284864,39.962870445284864,428,5.777777777777778,False,0.21251941587751588,-36.593305353908804,0.8411374398986706,curve
t2_20261002_083430,14,12.409,1.9209999999999994,428,14.5,19.7,38.7840104055136,38.7840104055136,428,5.777777777777778,False,0.21251941587751588,-43.82388263876502,0.8411374398986706,curve
t2_20261002_083430,14,12.442,1.888,428,14.5,19.7,37.487773106650465,37.487773106650465,428,5.777777777777778,False,0.2370631084836865,-39.93451071823349,0.8411374398986706,curve
t2_20261002_083430,14,12.474,1.8559999999999999,428,14.5,19.7,36.18835174202498,36.18835174202498,428,5.777777777777778,False,0.2370631084836865,-41.17610347099024,0.8411374398986706,curve
t2_20261002_083430,14,12.505,1.8249999999999993,428,14.5,19.7,35.60127023181937,35.60127023181937,428,5.777777777777778,False,0.20986383435179867,-17.955249678109816,0.7114457287170026,curve
t2_20261002_083430,14,12.555,1.7750000000000004,428,14.5,19.7,33.75374754271783,33.75374754271783,428,5.777777777777778,False,0.20986383435179867,-37.674740943347324,0.7114457287170026,curve
t2_20261002_083430,14,12.586,1.7439999999999998,428,14.5,19.7,32.657667540553845,32.657667540553845,428,5.777777777777778,False,0.17448328957029657,-34.885073909791686,0.5790837137230733,curve
t2_20261002_083430,14,12.617,1.7129999999999992,428,14.5,19.7,31.651865211641493,31.651865211641493,428,5.777777777777778,False,0.17448328957029657,-33.31631076501636,0.5790837137230733,curve
t2_20261002_083430,14,12.649,1.681000000000001,428,14.5,19.7,30.627262836566103,30.627262836566103,428,5.777777777777778,False,0.17448328957029657,-31.344317372386723,0.5790837137230733,curve
t2_20261002_083430,14,12.682,1.6479999999999997,428,14.5,19.7,29.62772718846533,29.62772718846533,428,5.777777777777778,False,0.17448328957029657,-30.026538175859905,0.5790837137230733,curve
t2_20261002_083430,14,12.716,1.6140000000000008,428,14.5,19.7,28.56872627095825,28.56872627095825,428,5.777777777777778,False,0.17448328957029657,-31.529509100426772,0.5790837137230733,curve
t2_20261002_083430,14,12.748,1.5820000000000007,428,14.5,19.7,27.696898801899493,27.696898801899493,428,5.777777777777778,False,0.12640769766747129,-26.398569268903735,0.4784702946097341,curve
t2_20261002_083430,14,12.785,1.545,428,14.5,19.7,25.126267602145035,25.126267602145035,428,5.777777777777778,False,0.12640769766747129,-70.63566367740981,0.4784702946097341,curve
t2_20261002_083430,14,12.809,1.5210000000000008,428,14.5,19.7,24.301003039870125,24.301003039870125,428,5.777777777777778,False,0.15228812562083194,-33.78526870088238,0.3873314428252672,curve
t2_20261002_083430,14,12.842,1.4879999999999995,428,14.5,19.7,23.682733826092388,23.682733826092388,428,5.777777777777778,False,0.061331932916314,-18.96035882749581,0.3873314428252672,curve
t2_20261002_083430,14,12.874,1.4559999999999995,428,14.5,19.7,23.51553136095579,23.51553136095579,428,5.777777777777778,False,0.02956966258998106,-5.256062873846598,0.3873314428252672,curve
t2_20261002_083430,14,12.906,1.4239999999999995,428,14.5,19.7,23.0679618192258,23.0679618192258,428,5.777777777777778,False,0.07865704780232141,-14.368057332176825,0.3873314428252672,curve
t2_20261002_083430,14,12.937,1.3930000000000007,428,14.5,19.7,22.55673274970016,22.55673274970016,428,5.777777777777778,False,0.10320074040849159,-16.498956919592764,0.3873314428252672,curve
t2_20261002_083430,14,12.969,1.3610000000000007,428,14.5,19.7,21.411977987375536,21.411977987375536,428,5.777777777777778,False,0.12146660141090315,-35.211742126154796,0.32180130645439053,curve
t2_20261002_083430,14,13.001,1.3290000000000006,428,14.5,19.7,21.480000098039866,21.480000098039866,428,5.777777777777778,True,0.0723792161985628,2.136493207834985,0.32180130645439053,curve
t2_20261002_083430,14,13.035,1.295,428,14.5,19.7,21.200912933163565,21.200912933163565,428,5.888888888888889,True,0.023291830986221562,-8.163849312167608,0.32180130645439053,curve
t2_20261002_083430,14,13.092,1.2379999999999995,428,14.5,19.7,20.68198852037918,20.68198852037918,428,6.555555555555555,True,0.04753369895775261,-9.139554331507146,0.2613674404596207,curve
t2_20261002_083430,14,13.114,1.2159999999999993,428,14.5,19.7,20.465880392111075,20.465880392111075,428,6.555555555555555,True,0.04753369895775261,-9.475711304733919,0.2613674404596207,curve
t2_20261002_083430,14,13.147,1.1829999999999998,428,14.5,19.7,19.14412191711253,19.14412191711253,428,7.166666666666667,True,0.12098975710615711,-38.70740916189154,0.22194944653830806,curve
t2_20261002_083430,14,13.182,1.1479999999999997,428,14.5,19.7,18.392206204644552,18.392206204644552,428,7.833333333333333,True,0.09644606449998694,-21.29570873056113,0.22194944653830806,curve
t2_20261002_083430,14,13.21,1.1199999999999992,428,14.5,19.7,16.1023671014561,16.1023671014561,428,8.5,True,0.05510173981897948,-81.81148187232716,0.19584006879658844,curve
t2_20261002_083430,14,13.242,1.0879999999999992,428,14.5,19.7,15.635252651451484,15.635252651451484,428,8.5,True,0.05510173981897948,-14.948006583479065,0.19584006879658844,curve
t2_20261002_083430,14,13.275,1.0549999999999997,428,14.5,19.7,14.936279571207105,14.936279571207105,428,9.166666666666666,True,0.05163389833679766,-22.08719909845233,0.1842655241579907,curve
t2_20261002_083430,14,13.307,1.0229999999999997,428,14.5,19.7,15.413106509711586,15.413106509711586,428,9.833333333333334,True,0.04654087208788349,14.20654483758958,0.1842655241579907,curve
t2_20261002_083430,14,13.343,0.9870000000000001,428,14.5,19.7,15.745502693855546,15.745502693855546,428,10.444444444444445,True,0.0058756158307273765,8.54909890893252,0.1934959000330192,curve
t2_20261002_083430,14,13.369,0.9610000000000003,428,14.5,19.7,15.646708161977326,15.646708161977326,428,10.444444444444445,True,0.0058756158307273765,-2.337943246062297,0.1934959000330192,curve
t2_20261002_083430,14,13.403,0.9269999999999996,428,14.5,19.7,15.5047484388577,15.5047484388577,428,11.11111111111111,True,0.004421730045780059,-3.792542748716898,0.19422012637414676,curve
t2_20261002_083430,14,13.438,0.8919999999999995,428,14.5,19.7,15.566679180169903,15.566679180169903,428,11.777777777777779,True,0.004421730045780059,1.4618547518041518,0.19422012637414676,curve
t2_20261002_083430,14,13.466,0.8640000000000008,428,14.5,19.7,15.789853446056537,15.789853446056537,428,12.38888888888889,True,0.010114792878844536,8.446856075757264,0.19521344857375134,curve
t2_20261002_083430,14,13.501,0.8290000000000006,428,14.5,19.7,15.706813400862526,15.706813400862526,428,13.055555555555555,True,5.2721574691272366e-05,-3.148608173834487,0.19168362309087472,curve
t2_20261002_083430,14,13.529,0.8010000000000002,428,14.5,19.7,15.701092274744472,15.701092274744472,428,13.055555555555555,True,5.2721574691272366e-05,-0.024109740041475244,0.19168362309087472,curve
t2_20261002_083430,14,13.561,0.7690000000000001,428,14.5,19.7,15.735579650829568,15.735579650829568,428,13.666666666666666,True,0.011018215814515564,1.1393092789339851,0.18701879664029564,curve
t2_20261002_083430,14,13.609,0.7210000000000001,428,14.5,19.7,16.06010938572116,16.06010938572116,428,14,True,0.025008762067685097,6.247583814395075,0.1806817013579738,curve
t2_20261002_083430,14,13.642,0.6880000000000006,428,14.5,19.7,16.73701676561657,16.73701676561657,428,14,True,0.04955245467385527,21.60365008440121,0.1806817013579738,curve
t2_20261002_083430,14,13.674,0.6560000000000006,428,14.5,19.7,16.68250137487023,16.68250137487023,428,14,True,0.013481773010815878,-1.8763308245875514,0.17773585485586008,curve
t2_20261002_083430,14,13.707,0.6229999999999993,428,14.5,19.7,16.692844123019082,16.692844123019082,428,14,True,0.0018066103038831827,0.41391746768514887,0.17395432924331056,curve
t2_20261002_083430,14,13.741,0.5890000000000004,428,14.5,19.7,16.953378818280544,16.953378818280544,428,14,True,0.00573218315289159,7.853639148398664,0.1763380965943675,head_interference
t2_20261002_083430,14,13.768,0.5619999999999994,428,14.5,19.7,16.3759078850925,16.3759078850925,428,14,True,0.00573218315289159,-20.719276545485712,0.1763380965943675,head_interference
t2_20261002_083430,14,13.801,0.5289999999999999,428,14.5,19.7,16.713276400853307,16.713276400853307,428,14,True,0.04014296898014891,9.939015056259084,0.2115706052135189,head_interference
t2_20261002_083430,14,13.834,0.49600000000000044,428,14.5,19.7,17.191092168417615,17.191092168417615,428,14,True,0.02065236471925047,14.178718872116397,0.26051144212372,head_interference
t2_20261002_083430,14,13.867,0.4629999999999992,428,14.5,19.7,18.086533093600536,18.086533093600536,428,14,True,0.02065236471925047,27.25999980179684,0.26051144212372,head_interference
t2_20261002_083430,14,13.904,0.42600000000000016,428,14.5,19.7,18.758690462867747,18.758690462867747,428,14,True,0.07550630837627548,17.757856608196235,0.3555129327929798,head_interference
t2_20261002_083430,14,13.93,0.40000000000000036,428,14.5,19.7,20.010820725890284,20.010820725890284,428,14,True,0.09949530749100077,49.044844666884565,0.4907714461267556,head_interference
t2_20261002_083430,14,13.961,0.3689999999999998,428,14.5,19.7,19.610353409522844,19.610353409522844,428,14,True,0.11580270862599384,-13.53662228100632,0.6462103845922305,head_interference
t2_20261002_083430,14,13.994,0.3360000000000003,428,14.5,19.7,21.218971970250337,21.218971970250337,428,14,False,0.11580270862599384,50.86353166214637,0.6462103845922305,head_interference
t2_20261002_083430,14,14.026,0.30400000000000027,428,14.5,19.7,22.651866289668874,22.651866289668874,428,14,False,0.095738080992394,44.46716993768415,0.862165437172361,head_interference
t2_20261002_083430,14,14.058,0.27200000000000024,428,14.5,19.7,23.7242353672693,23.7242353672693,428,14,False,0.095738080992394,44.46716993768415,0.862165437172361,head_interference
t2_20261002_083430,14,14.089,0.24099999999999966,428,14.5,19.7,22.166511798456597,22.166511798456597,428,13.277777777777779,False,0.095738080992394,44.46716993768415,0.862165437172361,head_interference
t2_20261002_083430,14,14.138,0.19200000000000017,428,14.5,19.7,21.075210733706385,21.075210733706385,428,11.5,False,0.095738080992394,44.46716993768415,0.862165437172361,head_interference
t2_20261002_083430,14,14.17,0.16000000000000014,428,14.5,19.7,18.763225710018418,18.763225710018418,428,11.5,False,0.095738080992394,44.46716993768415,0.862165437172361,head_interference
t2_20261002_083430,14,14.203,0.12700000000000067,428,14.5,19.7,16.484680380685287,16.484680380685287,428,10.61111111111111,False,0.095738080992394,44.46716993768415,0.862165437172361,head_interference
t2_20261002_083430,14,14.234,0.09600000000000009,428,14.5,19.7,12.074551388467722,12.074551388467722,428,9.722222222222221,False,0.095738080992394,44.46716993768415,0.862165437172361,head_interference
t2_20261002_083430,14,14.266,0.06400000000000006,428,14.5,19.7,3.6887101594706344,3.6887101594706344,428,8.833333333333334,False,0.095738080992394,44.46716993768415,0.862165437172361,head_interference
t2_20261002_083430,14,14.309,0.021000000000000796,428,14.5,19.7,-2.292568651542524,-2.292568651542524,428,8.833333333333334,False,0.095738080992394,44.46716993768415,0.862165437172361,head_interference
t2_20261002_083430,14,14.33,0.0,428,14.5,19.7,-6.725951731825777,-6.725951731825777,428,8,False,0.095738080992394,44.46716993768415,0.862165437172361,head_interference
t2_20261002_083430,15,5.566,1.9859999999999998,51,14.5,47.3,106.29602277715814,106.29602277715814,51,5.79,False,0.8777543347996453,-158.8060906651642,0.7859830118335314,curve
t2_20261002_083430,15,5.598,1.9539999999999997,51,14.5,47.3,102.62437220731333,102.62437220731333,51,5.79,False,0.7957128119683112,-114.6326767551771,0.6529337668806026,curve
t2_20261002_083430,15,5.632,1.92,51,14.5,47.3,99.16292025926093,99.16292025926093,51,5.79,False,0.8157648464958651,-100.81326063530008,0.674663523865036,curve
t2_20261002_083430,15,5.663,1.8889999999999993,51,14.5,47.3,94.90015164578678,94.90015164578678,51,5.79,False,0.8157648464958651,-138.18498841978965,0.674663523865036,curve
t2_20261002_083430,15,5.709,1.843,51,14.5,47.3,90.5428718588927,90.5428718588927,51,5.79,False,0.8648522317082055,-95.0023850636284,0.674663523865036,curve
t2_20261002_083430,15,5.744,1.8079999999999998,51,14.5,47.3,84.3202660645057,84.3202660645057,51,5.79,False,0.7666774612835248,-179.30570674350952,0.674663523865036,curve
t2_20261002_083430,15,5.779,1.7729999999999997,51,14.5,47.3,80.52628197771612,80.52628197771612,51,5.79,False,0.7190757701472723,-105.96905915397775,0.45235613040518396,curve
t2_20261002_083430,15,5.806,1.7459999999999996,51,14.5,47.3,76.97188054814778,76.97188054814778,51,5.79,False,0.6363695774427534,-134.11861200862378,0.45235613040518396,curve
t2_20261002_083430,15,5.838,1.7139999999999995,51,14.5,47.3,74.13185072075892,74.13185072075892,51,5.79,True,0.5212528860423369,-88.13964650877162,0.5799753920625066,curve
t2_20261002_083430,15,5.871,1.6809999999999992,51,14.5,47.3,71.73874915398271,71.73874915398271,51,5.79,True,0.36894838687463505,-72.48725008659525,0.3925954153404825,curve
t2_20261002_083430,15,5.903,1.649,51,14.5,47.3,70.22684404992624,70.22684404992624,51,6.111111111111111,True,0.23303026820676287,-46.642785444012766,0.3925954153404825,curve
t2_20261002_083430,15,5.938,1.6139999999999999,51,14.5,47.3,68.73390061093248,68.73390061093248,51,6.722222222222222,True,0.23303026820676287,-42.82235223524504,0.3925954153404825,curve
t2_20261002_083430,15,5.967,1.585,51,14.5,47.3,67.1848046741954,67.1848046741954,51,6.722222222222222,True,0.23303026820676287,-53.41247189542931,0.3925954153404825,curve
t2_20261002_083430,15,5.999,1.553,51,14.5,47.3,65.49054758020839,65.49054758020839,51,7.388888888888889,True,0.2073768739285935,-52.07671954448406,0.34944222735076735,curve
t2_20261002_083430,15,6.031,1.521,51,14.5,47.3,63.853153718268175,63.853153718268175,51,8.055555555555555,True,0.19643878548800764,-52.242866185157155,0.353722121550895,curve
t2_20261002_083430,15,6.064,1.4879999999999995,51,14.5,47.3,62.29647960501785,62.29647960501785,51,8.722222222222221,True,0.17189509288183835,-47.815625795288746,0.353722121550895,curve
t2_20261002_083430,15,6.099,1.4529999999999994,51,14.5,47.3,60.96202639631484,60.96202639631484,51,8.722222222222221,True,0.15606965682321317,-37.379166641683746,0.3306939781023317,curve
t2_20261002_083430,15,6.126,1.4259999999999993,51,14.5,47.3,59.516874388552225,59.516874388552225,51,9.38888888888889,True,0.15606965682321317,-55.14289485931163,0.3306939781023317,curve
t2_20261002_083430,15,6.158,1.3939999999999992,51,14.5,47.3,58.13852227655801,58.13852227655801,51,10.055555555555555,True,0.12857181063786882,-43.08442445650726,0.3329516047579597,curve
t2_20261002_083430,15,6.192,1.3599999999999994,51,14.5,47.3,56.98091139596568,56.98091139596568,51,10.666666666666666,True,0.07948442542552847,-35.003003952000384,0.3329516047579597,curve
t2_20261002_083430,15,6.224,1.3279999999999994,51,14.5,47.3,56.08149065714164,56.08149065714164,51,10.666666666666666,True,0.09004427915305335,-28.188255289453764,0.35734913943157487,curve
t2_20261002_083430,15,6.271,1.2809999999999997,51,14.5,47.3,54.24719229920828,54.24719229920828,51,12,True,0.01725163055270329,-38.046043886193324,0.3776999911702177,curve
t2_20261002_083430,15,6.303,1.2489999999999997,51,14.5,47.3,55.61397543784855,55.61397543784855,51,12,True,0.05191610532661173,44.47770001610744,0.42761492836115744,curve
t2_20261002_083430,15,6.34,1.2119999999999997,51,14.5,47.3,55.56384871406992,55.56384871406992,51,12.666666666666666,True,0.051322990153435555,-1.1739222163699297,0.48615756255303166,curve
t2_20261002_083430,15,6.366,1.186,51,14.5,47.3,55.237985005871906,55.237985005871906,51,13.277777777777779,True,0.002235604941095204,-12.00563401235898,0.48615756255303166,curve
t2_20261002_083430,15,6.398,1.154,51,14.5,47.3,56.149172036367176,56.149172036367176,51,13.944444444444445,True,0.023936052955129128,28.938716716099346,0.5983345255130161,curve
t2_20261002_083430,15,6.453,1.0989999999999993,51,14.5,47.3,53.56273334960946,53.56273334960946,51,13.944444444444445,True,0.1488081677660844,-48.11180492839017,0.5990860786073537,curve
t2_20261002_083430,15,6.502,1.0499999999999998,51,14.5,47.3,51.749540974687946,51.749540974687946,51,14,True,0.20023342994101867,-37.43897609930841,0.5701541573083428,curve
t2_20261002_083430,15,6.527,1.0249999999999995,51,14.5,47.3,50.311735125543265,50.311735125543265,51,14,True,0.1221552934974639,-57.92122625988516,0.5138818472306155,curve
t2_20261002_083430,15,6.559,0.9929999999999994,51,14.5,47.3,49.48983619785675,49.48983619785675,51,14,True,0.08241348529257664,-25.344374209863023,0.4599031788068535,curve
t2_20261002_083430,15,6.591,0.9609999999999994,51,14.5,47.3,48.99876610111252,48.99876610111252,51,14,True,0.102860132993559,-14.512200653998637,0.4103678907675383,curve
t2_20261002_083430,15,6.623,0.9289999999999994,51,14.5,47.3,47.482451050613506,47.482451050613506,51,14,True,0.13299866561455076,-47.35511224385067,0.367759488449638,curve
t2_20261002_083430,15,6.667,0.8849999999999998,51,14.5,47.3,45.84502329266624,45.84502329266624,51,14,True,0.11197266064488076,-36.5372435424686,0.3361396004990964,curve
t2_20261002_083430,15,6.687,0.8649999999999993,51,14.5,47.3,44.03223116158705,44.03223116158705,51,14,True,0.16106004585721934,-91.21614492816299,0.3361396004990964,curve
t2_20261002_083430,15,6.718,0.8339999999999996,51,14.5,47.3,41.79063230058071,41.79063230058071,51,14,True,0.16563444456695464,-72.30040308008853,0.314252198550228,curve
t2_20261002_083430,15,6.766,0.7859999999999996,51,14.5,47.3,37.907609045170034,37.907609045170034,51,14,True,0.18120259435235297,-81.78084281201991,0.30720401026525357,curve
t2_20261002_083430,15,6.799,0.7529999999999992,51,14.5,47.3,34.60768690238241,34.60768690238241,51,14,True,0.23028997956469333,-100.35971476749712,0.30720401026525357,curve
t2_20261002_083430,15,6.832,0.7199999999999998,51,14.5,47.3,31.516136277872718,31.516136277872718,51,14,True,0.2091072283566433,-92.14527289412385,0.31702342114994586,curve
t2_20261002_083430,15,6.862,0.6899999999999995,51,14.5,47.3,28.9684187805056,28.9684187805056,51,14,True,0.20550373328618754,-83.0736993458938,0.33157278708116067,curve
t2_20261002_083430,15,6.907,0.6449999999999996,51,14.5,47.3,26.26049060017276,26.26049060017276,51,14,True,0.18096004068001648,-62.22104271749766,0.33157278708116067,curve
t2_20261002_083430,15,6.926,0.6259999999999994,51,14.5,47.3,23.392595964042712,23.392595964042712,51,14,True,0.21726976253070873,-145.64608288714683,0.3742752523421,curve
t2_20261002_083430,15,6.96,0.5919999999999996,51,14.5,47.3,20.320649298930903,20.320649298930903,51,14,True,0.21726976253070873,-90.92105471446634,0.3742752523421,curve
t2_20261002_083430,15,6.991,0.5609999999999999,51,14.5,47.3,18.508512076544307,18.508512076544307,51,14,True,0.19690422868973734,-58.048704472099175,0.4361860015480086,curve
t2_20261002_083430,15,7.023,0.5289999999999999,51,14.5,47.3,15.786141166163446,15.786141166163446,51,14,True,0.19690422868973734,-85.05340123251135,0.4361860015480086,head_interference
t2_20261002_083430,15,7.057,0.4949999999999992,51,14.5,47.3,13.610000503463539,13.610000503463539,51,14,True,0.2542382164486927,-63.86981060382688,0.48609893429877493,head_interference
t2_20261002_083430,15,7.088,0.4639999999999995,51,14.5,47.3,9.951368554602723,9.951368554602723,51,14,True,0.2542382164486927,-119.90370082131317,0.48609893429877493,head_interference
t2_20261002_083430,15,7.118,0.4339999999999993,51,14.5,47.3,8.156286630134673,8.156286630134673,51,14,True,0.12597783283682595,-58.847183913907294,0.554043018680284,head_interference
t2_20261002_083430,15,7.151,0.4009999999999998,51,14.5,47.3,6.114924496217611,6.114924496217611,51,14,True,0.1750652180491663,-61.99186924888301,0.554043018680284,head_interference
t2_20261002_083430,15,7.184,0.36799999999999944,51,14.5,47.3,5.236454756697185,5.236454756697185,51,14,True,0.11548026815945356,-28.362418070942056,0.6172224161926612,head_interference
t2_20261002_083430,15,7.22,0.33199999999999985,51,14.5,47.3,3.50431130219674,3.50431130219674,51,14,False,0.1001912803987608,-48.490261135357585,0.6768397666333827,head_interference
t2_20261002_083430,15,7.246,0.30599999999999916,51,14.5,47.3,2.683707376113503,2.683707376113503,51,13.833333333333334,False,0.18507684609059716,-30.323929027355053,0.6595900242496966,head_interference
t2_20261002_083430,15,7.279,0.2729999999999997,51,14.5,47.3,1.5138698807113187,1.5138698807113187,51,13.833333333333334,False,0.11926668086007197,-35.131905027908815,0.7170213750626062,head_interference
t2_20261002_083430,15,7.326,0.22599999999999998,51,14.5,47.3,-1.785104676712784,-1.785104676712784,51,12.11111111111111,False,0.09464152452203933,-68.61879373593558,0.7708787858723065,head_interference
t2_20261002_083430,15,7.358,0.19399999999999995,51,14.5,47.3,-2.9453368263818547,-2.9453368263818547,51,12.11111111111111,False,0.09464152452203933,-36.3316534623757,0.7708787858723065,head_interference
t2_20261002_083430,15,7.391,0.1609999999999996,51,14.5,47.3,-3.336612221649439,-3.336612221649439,51,11.222222222222221,False,0.14372890973437968,-11.67471887616426,0.7708787858723065,head_interference
t2_20261002_083430,15,7.432,0.11999999999999922,51,14.5,47.3,-3.2083101018848907,-3.2083101018848907,51,10.333333333333334,False,0.14372890973437968,-11.67471887616426,0.7708787858723065,head_interference
t2_20261002_083430,15,7.474,0.0779999999999994,51,14.5,47.3,-4.169453508753385,-4.169453508753385,51,9.5,False,0.14372890973437968,-11.67471887616426,0.7708787858723065,head_interference
t2_20261002_083430,15,7.518,0.03399999999999981,51,14.5,47.3,-5.373586776098094,-5.373586776098094,51,8.61111111111111,False,0.14372890973437968,-11.67471887616426,0.7708787858723065,head_interference
t2_20261002_083430,15,7.552,0.0,51,14.5,47.3,-6.254465171063103,-6.254465171063103,51,7.777777777777778,False,0.14372890973437968,-11.67471887616426,0.7708787858723065,head_interference
t2_20261002_083430,16,5.903,1.9860000000000007,76,14.5,53.8,95.73220337377019,95.73220337377019,76,5.79,False,0.8523084018766109,-135.77347114435543,0.06013468896767282,align
t2_20261002_083430,16,5.94,1.9489999999999998,76,14.5,53.8,91.31249937567854,91.31249937567854,76,5.79,False,0.758877209073745,-118.55327019728551,0.06013468896767282,align
t2_20261002_083430,16,5.967,1.9220000000000006,76,14.5,53.8,87.73317716400523,87.73317716400523,76,5.79,False,0.6805025536334188,-131.19375656936694,0.06013468896767282,align
t2_20261002_083430,16,6.002,1.8870000000000005,76,14.5,53.8,84.05854919344581,84.05854919344581,76,5.79,True,0.6805025536334188,-105.06075997299203,0.06013468896767282,align
t2_20261002_083430,16,6.031,1.8580000000000005,76,14.5,53.8,80.48552840861605,80.48552840861605,76,5.79,True,0.6559588610272478,-123.72235849173056,0.06013468896767282,align
t2_20261002_083430,16,6.064,1.8250000000000002,76,14.5,53.8,74.62904114594012,74.62904114594012,76,6.277777777777778,True,0.6559588610272478,-180.8431795751972,0.06013468896767282,align
t2_20261002_083430,16,6.095,1.7940000000000005,76,14.5,53.8,70.84802260058639,70.84802260058639,76,6.277777777777778,True,0.6539169817670203,-117.11189644909062,0.04958134352031651,align
t2_20261002_083430,16,6.128,1.7610000000000001,76,14.5,53.8,68.29580794102291,68.29580794102291,76,6.944444444444445,True,0.3517611336713493,-80.04018007256799,0.04958134352031651,align
t2_20261002_083430,16,6.162,1.7270000000000003,76,14.5,53.8,66.70747382020481,66.70747382020481,76,7.611111111111111,True,0.1762427852806372,-47.03604247195348,0.04958134352031651,align
t2_20261002_083430,16,6.207,1.6820000000000004,76,14.5,53.8,64.78956199582255,64.78956199582255,76,8.222222222222221,True,0.16033780588691648,-42.363218181421814,0.03663530457603503,align
t2_20261002_083430,16,6.243,1.646,76,14.5,53.8,64.98988619357264,64.98988619357264,76,8.88888888888889,True,0.11125042067457613,5.600503781387289,0.03663530457603503,align
t2_20261002_083430,16,6.271,1.6180000000000003,76,14.5,53.8,63.84851760976322,63.84851760976322,76,9.555555555555555,True,0.13429618851590064,-39.91472197662056,0.02699445669758127,align
t2_20261002_083430,16,6.302,1.5870000000000006,76,14.5,53.8,62.5568249964585,62.5568249964585,76,9.555555555555555,True,0.13511193217148332,-40.3481803236475,0.030083655210629168,align
t2_20261002_083430,16,6.336,1.553,76,14.5,53.8,61.16975495771071,61.16975495771071,76,10.166666666666666,True,0.13420783522588664,-41.975791225422185,0.022389238175879456,align
t2_20261002_083430,16,6.369,1.5200000000000005,76,14.5,53.8,60.07684739622893,60.07684739622893,76,10.833333333333334,True,0.08512045001354807,-33.65388899803437,0.022389238175879456,align
t2_20261002_083430,16,6.403,1.4860000000000007,76,14.5,53.8,58.84769424381652,58.84769424381652,76,11.5,True,0.085003342707342,-36.6261690568718,0.01726642348799512,align
t2_20261002_083430,16,6.431,1.4580000000000002,76,14.5,53.8,57.842250753294536,57.842250753294536,76,11.5,True,0.085003342707342,-34.579475278968374,0.01726642348799512,align
t2_20261002_083430,16,6.463,1.4260000000000002,76,14.5,53.8,56.531044776631305,56.531044776631305,76,12.11111111111111,True,0.11003293765003797,-41.269312904790695,0.014257181410976205,align
t2_20261002_083430,16,6.504,1.3850000000000007,76,14.5,53.8,54.68267500267629,54.68267500267629,76,12.777777777777779,True,0.08637781763172114,-43.83835225419395,0.013031519627898724,align
t2_20261002_083430,16,6.527,1.362,76,14.5,53.8,54.054804922110804,54.054804922110804,76,13.444444444444445,True,0.061834125025551856,-27.042586362577257,0.013031519627898724,align
t2_20261002_083430,16,6.565,1.3239999999999998,76,14.5,53.8,53.20208609825448,53.20208609825448,76,13.444444444444445,True,0.06301200385470729,-22.78525970283743,0.012258835103331922,align
t2_20261002_083430,16,6.592,1.2970000000000006,76,14.5,53.8,50.98416244079823,50.98416244079823,76,14,True,0.06301200385470729,-83.09833894967976,0.012258835103331922,align
t2_20261002_083430,16,6.623,1.266,76,14.5,53.8,50.13719684107308,50.13719684107308,76,14,True,0.06448764091521042,-27.81773022557752,0.012288096181768626,align
t2_20261002_083430,16,6.656,1.2330000000000005,76,14.5,53.8,49.43442092503115,49.43442092503115,76,14,True,0.03994394830904113,-22.21149323032143,0.012288096181768626,align
t2_20261002_083430,16,6.703,1.186,76,14.5,53.8,46.939725905735415,46.939725905735415,76,14,True,0.0657594254625753,-52.387514492749986,0.011525133197219262,align
t2_20261002_083430,16,6.735,1.154,76,14.5,53.8,46.01136334474957,46.01136334474957,76,14,True,0.06744533887932569,-29.62167183917987,0.011571989721350207,align
t2_20261002_083430,16,6.768,1.1210000000000004,76,14.5,53.8,44.56171072996389,44.56171072996389,76,14,True,0.04459176392264297,-43.840391761995555,0.011833663231859859,align
t2_20261002_083430,16,6.805,1.0840000000000005,76,14.5,53.8,43.92415517144724,43.92415517144724,76,14,True,0.04614844841011134,-16.95116439441899,0.012840727711681765,align
t2_20261002_083430,16,6.832,1.0570000000000004,76,14.5,53.8,43.028747002088906,43.028747002088906,76,14,True,0.0700544138234136,-31.3522205994957,0.012015615081574449,align
t2_20261002_083430,16,6.863,1.0259999999999998,76,14.5,53.8,42.21236257343149,42.21236257343149,76,14,True,0.04672902632641751,-26.108747307306242,0.013953509336191328,align
t2_20261002_083430,16,6.895,0.9940000000000007,76,14.5,53.8,41.198875542244906,41.198875542244906,76,14,True,0.04672902632641751,-31.339740403465605,0.013953509336191328,align
t2_20261002_083430,16,6.93,0.9590000000000005,76,14.5,53.8,40.175184570198695,40.175184570198695,76,14,True,0.0720424714182748,-30.513679791270924,0.017128507771669188,align
t2_20261002_083430,16,6.967,0.9220000000000006,76,14.5,53.8,39.18232766536458,39.18232766536458,76,14,True,0.0720424714182748,-26.82594275802892,0.017128507771669188,align
t2_20261002_083430,16,6.991,0.8980000000000006,76,14.5,53.8,37.938167460296086,37.938167460296086,76,14,True,0.0715594529157233,-55.20380946455836,0.019922404745470246,align
t2_20261002_083430,16,7.031,0.8580000000000005,76,14.5,53.8,36.67676163558855,36.67676163558855,76,14,True,0.07091887558730647,-30.87976849960969,0.025241833686481474,align
t2_20261002_083430,16,7.057,0.8319999999999999,76,14.5,53.8,35.82118588737538,35.82118588737538,76,14,True,0.07091887558730647,-30.53482570045853,0.025241833686481474,align
t2_20261002_083430,16,7.089,0.7999999999999998,76,14.5,53.8,32.807449631601756,32.807449631601756,76,14,True,0.06926949362975776,-95.5005888280365,0.03152508886934147,align
t2_20261002_083430,16,7.124,0.7650000000000006,76,14.5,53.8,31.791299972650535,31.791299972650535,76,14,True,0.0909730842740295,-29.62675595241182,0.03388114508075457,align
t2_20261002_083430,16,7.153,0.7360000000000007,76,14.5,53.8,30.46082242232606,30.46082242232606,76,14,True,0.0909730842740295,-46.07217671615277,0.03388114508075457,align
t2_20261002_083430,16,7.183,0.7060000000000004,76,14.5,53.8,30.44028860734828,30.44028860734828,76,14,True,0.038115665866014226,-0.7914960098060686,0.038547978154900076,align
t2_20261002_083430,16,7.216,0.673,76,14.5,53.8,29.55640426004112,29.55640426004112,76,14,True,0.08720305107835458,-26.52132912149562,0.038547978154900076,align
t2_20261002_083430,16,7.249,0.6400000000000006,76,14.5,53.8,28.479755435371402,28.479755435371402,76,14,True,0.08313443171017632,-33.8774717648289,0.03504474187208473,align
t2_20261002_083430,16,7.297,0.5920000000000005,76,14.5,53.8,24.760449882294665,24.760449882294665,76,14,True,0.07772656416417689,-76.6259905741748,0.038322747759165665,clean
t2_20261002_083430,16,7.329,0.5600000000000005,76,14.5,53.8,24.089130108287478,24.089130108287478,76,14,True,0.04944412892932881,-19.621642612009172,0.04400190572821172,clean
t2_20261002_083430,16,7.365,0.524,76,14.5,53.8,23.175466847650142,23.175466847650142,76,14,True,0.004625259911083646,-25.367603905185785,0.06398827387018757,clean
t2_20261002_083430,16,7.391,0.4980000000000002,76,14.5,53.8,23.28247754758631,23.28247754758631,76,14,True,0.004625259911083646,2.473220435731427,0.06398827387018757,clean
t2_20261002_083430,16,7.423,0.4660000000000002,76,14.5,53.8,23.04684221796684,23.04684221796684,76,14,True,0.016228745962516555,-7.952907548528699,0.09713724935657897,clean
t2_20261002_083430,16,7.457,0.4320000000000004,76,14.5,53.8,22.240154478782387,22.240154478782387,76,14,True,0.005209465439525829,-23.15894287044124,0.1359846153157993,curve
t2_20261002_083430,16,7.489,0.40000000000000036,76,14.5,53.8,22.344001214624328,22.344001214624328,76,14,True,0.005209465439525829,-23.15894287044124,0.1359846153157993,curve
t2_20261002_083430,16,7.517,0.3719999999999999,76,14.5,53.8,22.32763457906036,22.32763457906036,76,14,True,0.005209465439525829,-23.15894287044124,0.1359846153157993,curve
t2_20261002_083430,16,7.551,0.3380000000000001,76,14.5,53.8,22.36751854639344,22.36751854639344,76,14,True,0.005209465439525829,-23.15894287044124,0.1359846153157993,curve
t2_20261002_083430,16,7.583,0.30600000000000005,76,14.5,53.8,23.97020175673184,23.97020175673184,76,14,True,0.005209465439525829,-23.15894287044124,0.1359846153157993,curve
t2_20261002_083430,16,7.616,0.2730000000000006,76,14.5,53.8,26.123181842596622,26.123181842596622,76,14,True,0.005209465439525829,-23.15894287044124,0.1359846153157993,curve
t2_20261002_083430,16,7.648,0.24100000000000055,76,14.5,53.8,26.056801649782557,26.056801649782557,76,14,True,0.005209465439525829,-23.15894287044124,0.1359846153157993,curve
t2_20261002_083430,16,7.686,0.2030000000000003,76,14.5,53.8,27.682634428288907,27.682634428288907,76,14,True,0.005209465439525829,-23.15894287044124,0.1359846153157993,curve
t2_20261002_083430,16,7.711,0.17799999999999994,76,14.5,53.8,29.0067485491126,29.0067485491126,76,14,False,0.005209465439525829,-23.15894287044124,0.1359846153157993,curve
t2_20261002_083430,16,7.765,0.12400000000000055,76,14.5,53.8,26.083945441025193,26.083945441025193,76,13.666666666666666,False,0.005209465439525829,-23.15894287044124,0.1359846153157993,curve
t2_20261002_083430,16,7.791,0.09799999999999986,76,14.5,53.8,22.844859849258484,22.844859849258484,76,12.833333333333334,False,0.005209465439525829,-23.15894287044124,0.1359846153157993,curve
t2_20261002_083430,16,7.824,0.06500000000000039,76,14.5,53.8,11.419552466673565,11.419552466673565,76,12.833333333333334,False,0.005209465439525829,-23.15894287044124,0.1359846153157993,curve
t2_20261002_083430,16,7.857,0.03200000000000003,76,14.5,53.8,5.717909319478721,5.717909319478721,76,11.944444444444445,False,0.005209465439525829,-23.15894287044124,0.1359846153157993,curve
t2_20261002_083430,16,7.889,0.0,76,14.5,53.8,-4.95908432337918,-4.95908432337918,76,11.055555555555555,False,0.005209465439525829,-23.15894287044124,0.1359846153157993,curve
t2_20261002_083430,17,7.2,1.980999999999999,428,14.5,24.5,127.33780179550365,127.33780179550365,428,5.79,False,1.0138241149230742,-151.68256707769575,0.5050560249765979,curve
t2_20261002_083430,17,7.222,1.9589999999999987,428,14.5,24.5,122.67897246647212,122.67897246647212,428,5.79,False,0.989280422316904,-207.49302155961672,0.5050560249765979,curve
t2_20261002_083430,17,7.261,1.919999999999999,428,14.5,24.5,116.79046298061272,116.79046298061272,428,5.79,False,0.964736729710733,-149.85045095537316,0.5050560249765979,curve
t2_20261002_083430,17,7.295,1.8859999999999992,428,14.5,24.5,111.92088228854783,111.92088228854783,428,5.79,False,0.9401930371045637,-144.52950215501858,0.5050560249765979,curve
t2_20261002_083430,17,7.325,1.855999999999999,428,14.5,24.5,107.69148163917606,107.69148163917606,428,5.79,False,0.876059997392816,-137.42579651549758,0.40187515712498634,curve
t2_20261002_083430,17,7.358,1.8229999999999995,428,14.5,24.5,103.80454047051933,103.80454047051933,428,5.79,False,0.867779387386526,-121.86199996640244,0.4307463595765033,curve
t2_20261002_083430,17,7.394,1.786999999999999,428,14.5,24.5,99.19649292128082,99.19649292128082,428,5.79,False,0.867779387386526,-127.3594958283218,0.4307463595765033,curve
t2_20261002_083430,17,7.421,1.759999999999999,428,14.5,24.5,94.98289994827726,94.98289994827726,428,5.79,False,0.8432356947803559,-153.86374555620915,0.4307463595765033,curve
t2_20261002_083430,17,7.453,1.7279999999999989,428,14.5,24.5,91.32471142505702,91.32471142505702,428,5.79,False,0.7696046169618449,-115.81749582900747,0.4307463595765033,curve
t2_20261002_083430,17,7.485,1.6959999999999988,428,14.5,24.5,87.31054308749881,87.31054308749881,428,5.79,False,0.7696046169618449,-123.47044128340477,0.4307463595765033,curve
t2_20261002_083430,17,7.534,1.6469999999999994,428,14.5,24.5,81.8624335211477,81.8624335211477,428,5.79,False,0.6654724682344995,-113.10916457181563,0.33405810137544556,curve
t2_20261002_083430,17,7.567,1.613999999999999,428,14.5,24.5,78.83338447792225,78.83338447792225,428,5.79,True,0.6292011887669209,-92.59718042832152,0.36257440865223023,curve
t2_20261002_083430,17,7.599,1.581999999999999,428,14.5,24.5,75.62707133996979,75.62707133996979,428,5.888888888888889,True,0.5349449962590982,-99.21795383220972,0.36257440865223023,curve
t2_20261002_083430,17,7.633,1.5479999999999992,428,14.5,24.5,73.29555588571924,73.29555588571924,428,5.888888888888889,True,0.3846970564410568,-68.76348411188957,0.2743527135079753,curve
t2_20261002_083430,17,7.676,1.504999999999999,428,14.5,24.5,71.04800888543333,71.04800888543333,428,6.5,True,0.1932975155425214,-51.55196720781243,0.2743527135079753,curve
t2_20261002_083430,17,7.718,1.4629999999999992,428,14.5,24.5,70.5105263686094,70.5105263686094,428,7.166666666666667,True,0.18876047469315882,-12.684157083516691,0.2743527135079753,curve
t2_20261002_083430,17,7.759,1.4219999999999988,428,14.5,24.5,67.85330497761905,67.85330497761905,428,7.833333333333333,True,0.1812423450097338,-64.14385496896429,0.22287328368384207,curve
t2_20261002_083430,17,7.793,1.387999999999999,428,14.5,24.5,66.53232764690942,66.53232764690942,428,8.5,True,0.15669865240356362,-38.264261317577194,0.22287328368384207,curve
t2_20261002_083430,17,7.821,1.3599999999999994,428,14.5,24.5,65.33397127635611,65.33397127635611,428,9.166666666666666,True,0.12222908831647938,-41.870289202611666,0.1564993466779483,curve
t2_20261002_083430,17,7.853,1.3279999999999994,428,14.5,24.5,62.00738740487864,62.00738740487864,428,9.833333333333334,True,0.15128171506219523,-106.1739581861226,0.1792600416834076,curve
t2_20261002_083430,17,7.885,1.2959999999999994,428,14.5,24.5,60.59351947882362,60.59351947882362,428,9.833333333333334,True,0.1441212818168376,-43.962882832944146,0.12293021564969964,curve
t2_20261002_083430,17,7.917,1.2639999999999993,428,14.5,24.5,59.34377328699041,59.34377328699041,428,10.5,True,0.11957758921066741,-39.142957724388005,0.12293021564969964,curve
t2_20261002_083430,17,7.953,1.2279999999999989,428,14.5,24.5,58.28601234257167,58.28601234257167,428,11.11111111111111,True,0.09152308966547906,-28.86356695880725,0.07937476535444832,align
t2_20261002_083430,17,7.982,1.198999999999999,428,14.5,24.5,56.6849246728255,56.6849246728255,428,11.777777777777779,True,0.09067856179777856,-54.495564732662075,0.060322425751354825,align
t2_20261002_083430,17,8.033,1.1479999999999997,428,14.5,24.5,55.27131328883573,55.27131328883573,428,12.444444444444445,True,0.06613486919160838,-28.262072130702006,0.060322425751354825,align
t2_20261002_083430,17,8.062,1.1189999999999998,428,14.5,24.5,54.26798742932948,54.26798742932948,428,13.11111111111111,True,0.09008158636497932,-35.52270915151014,0.0455752183576732,align
t2_20261002_083430,17,8.093,1.0879999999999992,428,14.5,24.5,52.42855338117573,52.42855338117573,428,13.11111111111111,True,0.08929036369948173,-59.821956065568074,0.02649904765571387,align
t2_20261002_083430,17,8.163,1.017999999999999,428,14.5,24.5,50.779258437992084,50.779258437992084,428,13.777777777777779,True,0.06439014637141227,-22.584862544885933,0.014775400548106887,align
t2_20261002_083430,17,8.19,0.9909999999999997,428,14.636792452830191,24.5,48.382399670432164,48.382399670432164,428,14,True,0.06458618115486514,-86.26913471851432,0.019901623138935953,align
t2_20261002_083430,17,8.222,0.9589999999999996,428,14.5,24.5,47.62134125865482,47.62134125865482,428,14,True,0.0643734429146483,-24.149367871145856,0.011467609947982016,align
t2_20261002_083430,17,8.253,0.927999999999999,428,14.5,24.5,46.73170897207524,46.73170897207524,428,14,True,0.0643513011018455,-28.96128031265578,0.007366197094312188,align
t2_20261002_083430,17,8.286,0.8949999999999996,428,14.636792452830191,24.5,45.07814335195087,45.07814335195087,428,14,True,0.0645647567307499,-49.441220189674,0.007021779456330535,align
t2_20261002_083430,17,8.318,0.8629999999999995,428,14.636792452830191,24.5,44.19196770625183,44.19196770625183,428,14,True,0.0645647567307499,-28.408405238346678,0.007021779456330535,align
t2_20261002_083430,17,8.349,0.831999999999999,428,14.636792452830191,24.5,43.46037514718208,43.46037514718208,428,14,True,0.040366338935784896,-23.810613153147866,0.0075293702216208125,align
t2_20261002_083430,17,8.381,0.7999999999999989,428,14.5,24.5,41.31392484024245,41.31392484024245,428,14,True,0.04082405489633256,-65.24256901840191,0.008540000438924,align
t2_20261002_083430,17,8.415,0.766,428,14.5,24.5,40.41228657028363,40.41228657028363,428,14,True,0.06536774750250274,-28.49220741560604,0.008540000438924,align
t2_20261002_083430,17,8.446,0.7349999999999994,428,14.5,24.5,39.70412485597022,39.70412485597022,428,14,True,0.04155939932345154,-23.024390414749533,0.012160754721237677,align
t2_20261002_083430,17,8.479,0.702,428,14.636792452830191,24.5,39.04262456649931,39.04262456649931,428,14,True,0.04253438219978101,-20.145325511203747,0.01742725494919206,head_interference
t2_20261002_083430,17,8.513,0.6679999999999993,428,14.636792452830191,24.5,38.1455947154853,38.1455947154853,428,14,True,0.06707807480595118,-26.435957889412396,0.01742725494919206,head_interference
t2_20261002_083430,17,8.541,0.6399999999999988,428,14.5,24.5,37.43087139058018,37.43087139058018,428,14,True,0.04404562452142846,-24.06595857472079,0.029151238227894893,head_interference
t2_20261002_083430,17,8.594,0.5869999999999997,428,14.5,24.5,35.482639318623086,35.482639318623086,428,14,True,0.04605070623031038,-36.8433183436921,0.04489114090910906,head_interference
t2_20261002_083430,17,8.629,0.5519999999999996,428,14.5,24.5,34.698569880469236,34.698569880469236,428,14,True,0.048921712258754635,-22.35027842418752,0.07008179645138624,head_interference
t2_20261002_083430,17,8.653,0.5279999999999987,428,14.5,24.5,33.829114665223756,33.829114665223756,428,14,True,0.02499875032947685,-36.46230393610835,0.07371416076708481,head_interference
t2_20261002_083430,17,8.686,0.4949999999999992,428,14.5,24.5,33.41631894392788,33.41631894392788,428,14,True,0.029641916266739177,-12.062798092325117,0.11317646494505373,head_interference
t2_20261002_083430,17,8.72,0.4609999999999985,428,14.5,24.5,33.350813950218594,33.350813950218594,428,14,True,0.01944546894560162,-2.1304976162700866,0.11317646494505373,head_interference
t2_20261002_083430,17,8.753,0.42799999999999905,428,14.5,24.5,32.214816305493116,32.214816305493116,428,14,True,0.010968106271122657,-34.83290122715907,0.1713634319788464,head_interference
t2_20261002_083430,17,8.782,0.39899999999999913,428,14.5,24.5,32.58369085460792,32.58369085460792,428,14,True,0.024169656803787465,13.62533136185066,0.25337774112221156,head_interference
t2_20261002_083430,17,8.814,0.3669999999999991,428,14.5,24.5,33.38565055990861,33.38565055990861,428,14,True,0.08057858589794575,25.88446696623247,0.3681750913105528,head_interference
t2_20261002_083430,17,8.846,0.3349999999999991,428,14.5,24.5,32.853726138569854,32.853726138569854,428,14,True,0.05284143441674338,-19.04912055177745,0.49180972870080364,head_interference
t2_20261002_083430,17,8.878,0.30299999999999905,428,14.5,24.5,34.62625712532213,34.62625712532213,428,14,True,0.12647251223525435,55.703309092381296,0.49180972870080364,curve
t2_20261002_083430,17,8.909,0.27199999999999847,428,14.5,24.5,36.408942262247834,36.408942262247834,428,14,True,0.1375675282379034,56.57222939893902,0.6689757728632864,curve
t2_20261002_083430,17,8.941,0.23999999999999844,428,14.5,24.5,37.65611631308779,37.65611631308779,428,14,False,0.08546762044337575,38.72266915387277,1.0483386402788217,curve
t2_20261002_083430,17,8.973,0.2079999999999984,428,14.5,24.5,38.86641119180605,38.86641119180605,428,13.833333333333334,False,0.06125991753174587,37.47695556011771,1.2669670353167226,curve
t2_20261002_083430,17,9.007,0.1739999999999995,428,14.5,24.5,39.292473310198616,39.292473310198616,428,13.833333333333334,False,0.039149662402442775,13.496670310325532,1.4732637539678355,curve
t2_20261002_083430,17,9.038,0.1429999999999989,428,14.5,24.5,34.37743592727432,34.37743592727432,428,12.944444444444445,False,0.2819466821778036,-161.41515177697022,1.7692972707072276,curve
t2_20261002_083430,17,9.085,0.09599999999999831,428,14.5,24.5,25.682250559142503,25.682250559142503,428,12.11111111111111,False,0.2819466821778036,-161.41515177697022,1.7692972707072276,curve
t2_20261002_083430,17,9.118,0.06299999999999883,428,14.5,24.5,13.148287238620092,13.148287238620092,428,11.222222222222221,False,0.2819466821778036,-161.41515177697022,1.7692972707072276,curve
t2_20261002_083430,17,9.156,0.02499999999999858,428,14.5,24.5,4.268869905176835,4.268869905176835,428,10.38888888888889,False,0.2819466821778036,-161.41515177697022,1.7692972707072276,curve
t2_20261002_083430,17,9.181,0.0,428,14.5,24.5,0.07220511031175647,0.07220511031175647,428,10.38888888888889,False,0.2819466821778036,-161.41515177697022,1.7692972707072276,curve
t2_20261002_083430,18,11.517,1.9809999999999999,76,14.5,53.9,-1.9270909753301524,-1.9270909753301524,76,5.777777777777778,False,0.0494644540565492,-9.258905658265588,1.3948755381796314,curve
t2_20261002_083430,18,11.568,1.9299999999999997,76,14.5,53.9,-0.7134044380008007,-0.7134044380008007,76,5.777777777777778,False,0.07400814666272026,23.959650512336093,1.3948755381796314,curve
t2_20261002_083430,18,11.579,1.9189999999999987,76,14.5,53.9,-1.0195848883162242,-1.0195848883162242,76,5.777777777777778,False,0.14640183912136706,-27.28002950586374,1.3948755381796314,curve
t2_20261002_083430,18,11.612,1.8859999999999992,76,14.5,53.9,-1.7739451765045047,-1.7739451765045047,76,5.777777777777778,False,0.1476392244812299,-22.583603565897118,1.3948755381796314,curve
t2_20261002_083430,18,11.658,1.8399999999999999,76,14.5,53.9,-1.3191820624385784,-1.3191820624385784,76,5.777777777777778,False,0.1360810088488904,10.074892857264539,1.3253646874731393,curve
t2_20261002_083430,18,11.695,1.802999999999999,76,14.5,53.9,-1.708543596126681,-1.708543596126681,76,5.777777777777778,False,0.06244993103038077,-10.698942711009185,1.3253646874731393,curve
t2_20261002_083430,18,11.727,1.770999999999999,76,14.5,53.9,-2.2266425133876524,-2.2266425133876524,76,5.777777777777778,False,0.15216862368572492,-16.329425538743337,1.3253646874731393,curve
t2_20261002_083430,18,11.764,1.734,76,14.5,53.9,-2.595142684608142,-2.595142684608142,76,5.777777777777778,False,0.05307890286125527,-9.824495723390113,1.2367737451887701,curve
t2_20261002_083430,18,11.787,1.7109999999999985,76,14.5,53.9,-2.759803036772958,-2.759803036772958,76,5.777777777777778,False,0.028535210255085985,-7.339735774996535,1.2367737451887701,curve
t2_20261002_083430,18,11.818,1.6799999999999997,76,14.5,53.9,-2.9213951831965304,-2.9213951831965304,76,5.777777777777778,False,0.028535210255085985,-5.184303612822135,1.2367737451887701,curve
t2_20261002_083430,18,11.851,1.6469999999999985,76,14.5,53.9,-1.86663513865917,-1.86663513865917,76,5.777777777777778,False,0.020247882761122327,30.666120804324315,1.1741649625993835,curve
t2_20261002_083430,18,11.883,1.6150000000000002,76,14.5,53.9,-2.1661141409069486,-2.1661141409069486,76,5.777777777777778,False,0.05338319505738909,-9.216479982194306,1.1741649625993835,curve
t2_20261002_083430,18,11.915,1.5830000000000002,76,14.5,53.9,-2.482069333511653,-2.482069333511653,76,5.777777777777778,False,0.05338319505738909,-10.098720138506014,1.1741649625993835,curve
t2_20261002_083430,18,11.945,1.552999999999999,76,14.5,53.9,-3.0638130919263276,-3.0638130919263276,76,5.777777777777778,False,0.10247058026972944,-18.82906201659238,1.1741649625993835,curve
t2_20261002_083430,18,11.978,1.5199999999999996,76,14.5,53.9,-3.328700043177797,-3.328700043177797,76,5.777777777777778,False,0.05338319505738909,-7.908313693828344,1.1741649625993835,curve
t2_20261002_083430,18,12.042,1.4559999999999995,76,14.5,53.9,-3.262574584524735,-3.262574584524735,76,5.777777777777778,False,0.015765266638631203,1.0490036751107754,1.0986015762143895,curve
t2_20261002_083430,18,12.074,1.4239999999999995,76,14.5,53.9,-1.9886033213511993,-1.9886033213511993,76,5.777777777777778,False,0.008403922829335997,40.726270111954534,1.117331232902711,curve
t2_20261002_083430,18,12.106,1.3919999999999995,76,14.5,53.9,-2.1630504534460826,-2.1630504534460826,76,5.777777777777778,False,0.03294761543550706,-5.947798761111336,1.117331232902711,curve
t2_20261002_083430,18,12.138,1.3599999999999994,76,14.5,53.9,-2.2345588394778915,-2.2345588394778915,76,5.777777777777778,False,0.08203500064784564,-2.2535401111224704,1.117331232902711,curve
t2_20261002_083430,18,12.171,1.327,76,14.5,53.9,-2.2035557317675156,-2.2035557317675156,76,5.777777777777778,False,0.007240315762221172,1.2602192746209726,1.0501540801494018,curve
t2_20261002_083430,18,12.218,1.2799999999999994,76,14.5,53.9,-2.365405049881879,-2.365405049881879,76,5.777777777777778,False,0.017303376843948115,-3.1578751495609336,1.0501540801494018,curve
t2_20261002_083430,18,12.25,1.2479999999999993,76,14.5,53.9,-0.09742597605086445,-0.09742597605086445,76,5.777777777777778,False,0.003548507345083607,70.73316848104506,1.0088817016093996,curve
t2_20261002_083430,18,12.284,1.2139999999999986,76,14.5,53.9,-0.1857070497764184,-0.1857070497764184,76,5.777777777777778,False,0.028092199951252894,-2.842768561041348,1.0088817016093996,curve
t2_20261002_083430,18,12.32,1.177999999999999,76,14.5,53.9,-0.33881574039971696,-0.33881574039971696,76,5.777777777777778,False,0.028092199951252894,-4.442832888504701,1.0088817016093996,curve
t2_20261002_083430,18,12.346,1.1519999999999992,76,14.5,53.9,-0.7588673813789697,-0.7588673813789697,76,5.777777777777778,False,0.11946089250825054,-16.662090107133398,1.0088817016093996,curve
t2_20261002_083430,18,12.378,1.1199999999999992,76,14.5,53.9,-1.4429661539792633,-1.4429661539792633,76,5.777777777777778,False,0.12626697037593537,-21.442199672084875,1.0088817016093996,curve
t2_20261002_083430,18,12.411,1.0869999999999997,76,14.5,53.9,-1.7234686851380943,-1.7234686851380943,76,5.777777777777778,False,0.04455065405418246,-8.566044465143028,0.8479028010063274,curve
t2_20261002_083430,18,12.443,1.0549999999999997,76,14.5,53.9,-0.6173243583202819,-0.6173243583202819,76,5.777777777777778,False,0.016037824072714812,34.64238142033553,0.8583088223441617,curve
t2_20261002_083430,18,12.493,1.004999999999999,76,14.5,53.9,-0.8861314897521808,-0.8861314897521808,76,5.777777777777778,False,0.06512520928505694,-5.30626977231516,0.8583088223441617,curve
t2_20261002_083430,18,12.523,0.9749999999999996,76,14.5,53.9,-0.8521963695844263,-0.8521963695844263,76,5.777777777777778,False,0.014720263049570192,0.9704335661202927,0.8297246709589419,curve
t2_20261002_083430,18,12.539,0.9589999999999996,76,14.5,53.9,-1.0222389656803657,-1.0222389656803657,76,5.777777777777778,False,0.058910814768939446,-10.964816748280901,0.8297246709589419,curve
t2_20261002_083430,18,12.572,0.9260000000000002,76,14.5,53.9,-1.3716557641456077,-1.3716557641456077,76,5.777777777777778,False,0.058910814768939446,-10.693989362883949,0.8297246709589419,curve
t2_20261002_083430,18,12.619,0.8789999999999996,76,14.5,53.9,-1.8506782000694884,-1.8506782000694884,76,5.777777777777778,False,0.058910814768939446,-10.607563454907162,0.8297246709589419,curve
t2_20261002_083430,18,12.634,0.863999999999999,76,14.5,53.9,-0.6755123829696075,-0.6755123829696075,76,5.777777777777778,False,0.024309702505231456,77.14870883752579,0.8172967837317167,curve
t2_20261002_083430,18,12.683,0.8149999999999995,76,14.5,53.9,-0.5745528119260612,-0.5745528119260612,76,5.777777777777778,False,0.024777682707108895,2.359474318123227,0.8172967837317167,curve
t2_20261002_083430,18,12.721,0.7769999999999992,76,14.5,53.9,-0.7213237860705206,-0.7213237860705206,76,5.777777777777778,False,0.024777682707108895,-3.7118793739566156,0.8172967837317167,curve
t2_20261002_083430,18,12.747,0.7509999999999994,76,14.5,53.9,-1.3807744139825715,-1.3807744139825715,76,5.777777777777778,False,0.07013270297443341,-25.417934644553437,0.8056368725519021,curve
t2_20261002_083430,18,12.778,0.7199999999999989,76,14.5,53.9,-1.5012529194835125,-1.5012529194835125,76,5.777777777777778,False,0.021045317762091287,-3.702764255190359,0.8056368725519021,curve
t2_20261002_083430,18,12.811,0.6869999999999994,76,14.5,53.9,-1.6260623517497734,-1.6260623517497734,76,5.777777777777778,False,0.021045317762091287,-3.683373793811896,0.8056368725519021,curve
t2_20261002_083430,18,12.845,0.6529999999999987,76,14.5,53.9,-0.7599459385725638,-0.7599459385725638,76,5.777777777777778,False,0.03995753533457247,25.04339740488458,0.8101601895882897,curve
t2_20261002_083430,18,12.879,0.6189999999999998,76,14.5,53.9,-0.8070772744522046,-0.8070772744522046,76,5.777777777777778,False,0.03628104788368347,-1.2779499407868913,0.805011140324229,curve
t2_20261002_083430,18,12.907,0.5909999999999993,76,14.5,53.9,-1.032806407421056,-1.032806407421056,76,5.777777777777778,False,0.03628104788368347,-7.733756984540757,0.805011140324229,curve
t2_20261002_083430,18,12.938,0.5599999999999987,76,14.5,53.9,-2.065329957952436,-2.065329957952436,76,5.777777777777778,False,0.08536843309602204,-33.2518442477579,0.805011140324229,curve
t2_20261002_083430,18,12.971,0.5269999999999992,76,14.5,53.9,-2.2761460547874535,-2.2761460547874535,76,5.777777777777778,False,0.03628104788368347,-6.190986910900875,0.805011140324229,curve
t2_20261002_083430,18,13.003,0.4949999999999992,76,14.5,53.9,-2.4406916940331556,-2.4406916940331556,76,5.777777777777778,False,0.03628104788368347,-5.0010453467121305,0.805011140324229,curve
t2_20261002_083430,18,13.045,0.4529999999999994,76,14.5,53.9,-1.0083324916820615,-1.0083324916820615,76,5.777777777777778,False,0.02263463655461706,33.5743301097944,0.8086547749201012,curve
t2_20261002_083430,18,13.068,0.4299999999999997,76,14.5,53.9,-1.2989285386510474,-1.2989285386510474,76,5.777777777777778,False,0.05099644126389258,-12.504605476239393,0.8086547749201012,curve
t2_20261002_083430,18,13.118,0.379999999999999,76,14.5,53.9,-2.4632673183643377,-2.4632673183643377,76,5.777777777777778,False,0.05099644126389258,-12.504605476239393,0.8086547749201012,curve
t2_20261002_083430,18,13.131,0.3669999999999991,76,14.5,53.9,-2.729656234437421,-2.729656234437421,76,5.777777777777778,False,0.05099644126389258,-12.504605476239393,0.8086547749201012,curve
t2_20261002_083430,18,13.164,0.33399999999999963,76,14.5,53.9,-1.865945490560982,-1.865945490560982,76,5.777777777777778,False,0.05099644126389258,-12.504605476239393,0.8086547749201012,curve
t2_20261002_083430,18,13.21,0.2879999999999985,76,14.5,53.9,-2.05149087163867,-2.05149087163867,76,5.777777777777778,False,0.05099644126389258,-12.504605476239393,0.8086547749201012,curve
t2_20261002_083430,18,13.243,0.254999999999999,76,14.5,53.9,-1.5853951305703404,-1.5853951305703404,76,5.777777777777778,False,0.05099644126389258,-12.504605476239393,0.8086547749201012,curve
t2_20261002_083430,18,13.282,0.2159999999999993,76,14.5,53.9,-1.7797102152389428,-1.7797102152389428,76,5.777777777777778,False,0.05099644126389258,-12.504605476239393,0.8086547749201012,curve
t2_20261002_083430,18,13.307,0.19099999999999895,76,14.5,53.9,-2.104409904000754,-2.104409904000754,76,5.777777777777778,False,0.05099644126389258,-12.504605476239393,0.8086547749201012,curve
t2_20261002_083430,18,13.338,0.16000000000000014,76,14.5,53.9,-2.4853765369180607,-2.4853765369180607,76,5.777777777777778,False,0.05099644126389258,-12.504605476239393,0.8086547749201012,curve
t2_20261002_083430,18,13.37,0.1280000000000001,76,14.5,53.9,-2.9466268228834096,-2.9466268228834096,76,5.777777777777778,False,0.05099644126389258,-12.504605476239393,0.8086547749201012,curve
t2_20261002_083430,18,13.403,0.09499999999999886,76,14.5,53.9,-1.173676685343743,-1.173676685343743,76,5.777777777777778,False,0.05099644126389258,-12.504605476239393,0.8086547749201012,curve
t2_20261002_083430,18,13.441,0.05699999999999861,76,14.5,53.9,-0.17092847427094426,-0.17092847427094426,76,5.777777777777778,False,0.05099644126389258,-12.504605476239393,0.8086547749201012,curve
t2_20261002_083430,18,13.467,0.030999999999998806,76,14.5,53.9,-0.6966217068662175,-0.6966217068662175,76,5.777777777777778,False,0.05099644126389258,-12.504605476239393,0.8086547749201012,curve
t2_20261002_083430,18,13.498,0.0,76,14.5,53.9,-1.3208442615516773,-1.3208442615516773,76,5.777777777777778,False,0.05099644126389258,-12.504605476239393,0.8086547749201012,curve
t2_20261002_083430,19,8.597,1.9880000000000013,109,16.962264150943394,17.6,649.8248661728213,276.3192005521963,101,5.833333333333333,False,2.6752624940727774,-345.70862900512907,0.08178035075403223,body_endpoint
t2_20261002_083430,19,8.629,1.9560000000000013,109,17.099056603773587,17.6,637.6385259434851,269.5882296637711,101,5.833333333333333,False,2.6752624940733405,-380.7029052952991,0.09270996386857755,body_endpoint
t2_20261002_083430,19,8.664,1.9210000000000012,109,17.099056603773587,17.6,626.172703636224,263.41654009169844,101,5.833333333333333,False,2.6507188014671748,-330.4843406666519,0.09270996386858155,body_endpoint
t2_20261002_083430,19,8.705,1.8800000000000008,109,17.099056603773587,17.6,615.8877116331408,257.83257641129245,101,5.833333333333333,False,2.6261751088610197,-254.10211151823765,0.09270996386859709,body_endpoint
t2_20261002_083430,19,8.725,1.8600000000000012,109,17.099056603773587,17.6,605.5668690220742,252.24201361172396,101,5.833333333333333,False,2.626175108861027,-502.52701483474283,0.0927099638686042,body_endpoint
t2_20261002_083430,19,8.757,1.8280000000000012,109,17.099056603773587,17.6,594.7873261888936,246.40195302628314,101,5.833333333333333,False,2.6507188014669696,-337.4416253958238,0.09270996386837638,body_endpoint
t2_20261002_083430,19,8.805,1.7800000000000011,109,17.099056603773587,17.6,578.8758993276339,240.27379589374289,101,5.833333333333333,False,2.6036510021623682,-327.85407875510754,0.09472954977611536,body_endpoint
t2_20261002_083430,19,8.837,1.748000000000001,109,17.099056603773587,17.6,568.0482467188051,234.39888223062027,101,5.833333333333333,False,2.63144673446714,-338.76356291982876,0.09798158947471691,body_endpoint
t2_20261002_083430,19,8.869,1.716000000000001,109,17.099056603773587,17.6,554.8348964661906,227.34314711440712,101,5.833333333333333,False,2.650718801466569,-414.87296868508855,0.08216384595078319,body_endpoint
t2_20261002_083430,19,8.903,1.6820000000000004,109,17.099056603773587,17.6,544.1231986371499,221.4594055928688,101,5.833333333333333,False,2.626175108860326,-317.94172728919773,0.08216384595085646,body_endpoint
t2_20261002_083430,19,8.93,1.6550000000000011,109,17.099056603773587,17.6,534.5874634891169,216.26661541757406,101,5.833333333333333,False,2.62617510886028,-351.55816780636195,0.08216384595090265,body_endpoint
t2_20261002_083430,19,8.965,1.620000000000001,109,17.099056603773587,17.6,523.1653793639346,209.98561420576198,101,5.833333333333333,False,2.626175108860057,-328.2010244050839,0.08216384595112514,head_interference
t2_20261002_083430,19,9.003,1.5820000000000007,109,17.099056603773587,17.6,510.6137182897458,203.12530980693833,101,5.833333333333333,False,2.626175108859978,-329.14994799845744,0.08216384595120463,head_interference
t2_20261002_083430,19,9.03,1.5550000000000015,109,17.099056603773587,17.6,501.95766170289465,200.6489933527123,101,5.833333333333333,False,2.601631416253939,-322.2624242454021,0.08216384595107318,head_interference
t2_20261002_083430,19,9.063,1.5220000000000002,109,17.099056603773587,17.6,491.0614897198847,194.67235213702205,101,5.833333333333333,False,2.626175108860112,-327.1399036815566,0.08216384595107051,head_interference
t2_20261002_083430,19,9.101,1.484,109,17.099056603773587,17.6,480.9998026473541,189.0941536668809,101,5.833333333333333,False,2.626175108860151,-269.3404278743843,0.08216384595103143,head_interference
t2_20261002_083430,19,9.125,1.4600000000000009,109,17.099056603773587,17.6,478.48625967524305,187.66420108101016,101,5.833333333333333,False,2.6016314162544054,-101.88083198704359,0.05723665814740819,head_interference
t2_20261002_083430,19,9.157,1.4280000000000008,109,17.099056603773587,17.6,468.14318917147574,181.90861359346164,101,5.833333333333333,False,2.6016314162542367,-321.5071618253668,0.05723665814757739,head_interference
t2_20261002_083430,19,9.19,1.3950000000000014,109,17.099056603773587,17.6,457.723139612452,176.08753068633183,101,5.833333333333333,False,2.577087723647801,-320.9413010317173,0.05723665814784251,head_interference
t2_20261002_083430,19,9.222,1.3630000000000013,109,17.099056603773587,17.6,447.15910643380124,170.17549335877754,101,5.833333333333333,False,2.5770877236475958,-324.8105681113711,0.057236658148048125,head_interference
t2_20261002_083430,19,9.261,1.3240000000000016,109,17.099056603773587,17.6,437.10137362421466,164.51812840406953,101,5.833333333333333,False,2.579543450357238,-258.5434754541122,0.05478093143840557,head_interference
t2_20261002_083430,19,9.285,1.3000000000000007,109,17.099056603773587,17.6,426.6287662614587,160.60629306029742,101,5.833333333333333,False,2.558692506499625,-446.4344353744986,0.051088182689847716,head_interference
t2_20261002_083430,19,9.343,1.2420000000000009,109,17.099056603773587,17.8,404.0116739967167,147.90120811931152,101,5.833333333333333,False,2.5770877236484537,-389.5737676984165,0.04170510267130911,head_interference
t2_20261002_083430,19,9.366,1.2190000000000012,109,17.099056603773587,17.8,393.11177280028267,141.86071507886894,101,5.833333333333333,False,2.583165710469159,-473.837359530075,0.0477830894920146,head_interference
t2_20261002_083430,19,9.398,1.1870000000000012,109,17.099056603773587,17.8,383.06047955881155,136.2576211650922,101,5.833333333333333,False,2.5928095890193656,-306.3454189132721,0.05742696804222147,head_interference
t2_20261002_083430,19,9.45,1.1350000000000016,109,17.099056603773587,17.8,365.7007972033154,126.63600022263071,101,5.833333333333333,False,2.6047767487077804,-340.8605574386679,0.0693941277306358,head_interference
t2_20261002_083430,19,9.499,1.0860000000000003,109,17.099056603773587,17.8,351.38568762142245,120.55730242703024,101,5.833333333333333,False,2.5927114394242734,-287.52075612905895,0.0818725110532994,head_interference
t2_20261002_083430,19,9.526,1.059000000000001,109,17.099056603773587,17.8,340.30832068788914,114.45181280907343,101,5.833333333333333,False,2.6032819247224532,-412.7969496806218,0.09244299635147923,head_interference
t2_20261002_083430,19,9.557,1.0280000000000005,109,17.099056603773587,17.9,330.0154738344437,110.35958334343734,101,5.833333333333333,False,2.675262494073017,-333.9410877617582,0.1644235657020432,head_interference
t2_20261002_083430,19,9.589,0.9960000000000004,109,17.099056603773587,17.9,319.4335031788386,104.50906321910814,101,5.833333333333333,False,2.6507188014666614,-328.09639825089914,0.16442356570185757,head_interference
t2_20261002_083430,19,9.622,0.963000000000001,109,17.099056603773587,17.9,308.89098735073856,98.65751241400282,101,5.833333333333333,False,2.654856602891001,-324.1420616336957,0.16856136712619652,head_interference
t2_20261002_083430,19,9.654,0.9310000000000009,109,17.099056603773587,17.9,297.92434948286683,92.64190055697904,101,5.833333333333333,False,2.6601216437189024,-339.1102737492098,0.17382640795409854,head_interference
t2_20261002_083430,19,9.685,0.9000000000000004,109,17.099056603773587,17.9,287.53601808738415,86.91795593802446,101,5.833333333333333,False,2.672778312459707,-334.3194240042839,0.18648307669490283,head_interference
t2_20261002_083430,19,9.718,0.8670000000000009,109,17.099056603773587,17.9,276.6491638159373,80.99424808320269,101,5.833333333333333,False,2.659083415922632,-331.1338140413941,0.19733187276399855,head_interference
t2_20261002_083430,19,9.749,0.8360000000000003,109,17.099056603773587,17.9,266.38158579647296,78.98957265268922,101,5.833333333333333,False,2.6681148235247214,-326.6808996170736,0.2063632803660873,head_interference
t2_20261002_083430,19,9.782,0.8030000000000008,109,17.099056603773587,18.1,255.14842467698475,71.91085573759119,101,5.833333333333333,False,2.7979809571044143,-338.254051873733,0.3362294139457811,head_interference
t2_20261002_083430,19,9.823,0.7620000000000005,109,17.099056603773587,18.1,243.81404439268726,65.91652010870907,101,5.833333333333333,False,2.798527177059456,-275.562639642311,0.3613193265069925,head_interference
t2_20261002_083430,19,9.862,0.7230000000000008,109,17.099056603773587,18.1,227.43525862400347,57.35600609657672,101,5.833333333333333,False,2.854796277714229,-428.24080294741407,0.4175884271617649,head_interference
t2_20261002_083430,19,9.903,0.6820000000000004,109,17.099056603773587,18.1,215.87107304263378,51.38072137005237,101,5.833333333333333,False,2.9634891119158535,-278.35623470336475,0.45265018354487907,head_interference
t2_20261002_083430,19,9.947,0.6380000000000017,109,17.099056603773587,18.1,197.45896146273162,42.03602648618279,101,5.833333333333333,False,3.002788740255059,-424.6496867481244,0.5164935044902546,head_interference
t2_20261002_083430,19,9.99,0.5950000000000006,109,17.099056603773587,18.1,182.23127247746484,42.02863654704731,101,5.833333333333333,False,3.083944365475248,-352.9235282943993,0.5731054371042736,head_interference
t2_20261002_083430,19,10.025,0.5600000000000005,109,17.099056603773587,18.2,166.8208391703203,34.89019756542473,101,5.833333333333333,False,2.85859096488128,-432.5004556503589,0.7891194749116024,body_interference
t2_20261002_083430,19,10.053,0.532,109,17.099056603773587,18.2,155.67782958057484,29.740447645389036,101,5.833333333333333,False,2.7797349009672576,-402.72985112938306,0.8188881536132846,body_interference
t2_20261002_083430,19,10.085,0.5,109,17.099056603773587,18.2,144.2059347030906,24.61657603052689,101,5.833333333333333,False,2.7202041596451867,-357.5720680394107,0.8538752023291853,body_interference
t2_20261002_083430,19,10.121,0.4640000000000004,109,17.099056603773587,18.2,131.58455319379237,19.128761669476713,101,5.833333333333333,False,2.6897082219356,-350.74425920983856,0.8843711400387724,body_interference
t2_20261002_083430,19,10.15,0.4350000000000005,109,17.099056603773587,18.2,122.34560272038044,15.519752013029223,101,5.833333333333333,False,2.535448487969159,-323.3500136445548,0.9159124109743617,body_interference
t2_20261002_083430,19,10.181,0.4040000000000017,109,17.099056603773587,18.2,111.74247035030837,11.570114769041123,101,5.833333333333333,False,2.5851055930686737,-334.6619004875961,0.9495057086369889,body_interference
t2_20261002_083430,19,10.222,0.3630000000000013,109,17.099056603773587,18.2,100.78813029923312,20.887010315256095,101,5.833333333333333,False,2.6731569371628323,-274.350190728631,0.9870867241366423,body_interference
t2_20261002_083430,19,10.245,0.34000000000000163,109,17.099056603773587,18.2,89.62310839852401,16.979253602913747,101,5.833333333333333,False,2.781451693474695,-484.99234212157756,1.0160434205904312,body_interference
t2_20261002_083430,19,10.278,0.3070000000000004,109,17.235849056603772,18.3,86.7020398281823,14.974820270918212,101,5.833333333333333,False,2.6834700290347886,-88.35943654158666,1.1427198131759297,body_interference
t2_20261002_083430,19,10.311,0.2740000000000009,109,17.235849056603772,18.3,75.8935516711575,10.742225540857703,101,5.833333333333333,False,2.7363055665435017,-324.05912625060245,1.1543580044312236,body_interference
t2_20261002_083430,19,10.344,0.24100000000000144,109,17.235849056603772,18.3,64.82197229886218,6.869091266307272,101,5.833333333333333,False,2.6174431817132744,-336.2762842166283,1.171090985050264,body_interference
t2_20261002_083430,19,10.39,0.19500000000000028,109,17.235849056603772,18.3,49.14622574948311,3.556118913427788,101,5.833333333333333,False,2.396601384931298,-343.3592553794618,1.1979249456314824,body_interference
t2_20261002_083430,19,10.422,0.16300000000000026,109,17.235849056603772,18.3,39.14644276167324,3.2633327605370113,101,5.833333333333333,False,2.227326687100918,-306.72204738492684,1.232905279638869,body_interference
t2_20261002_083430,19,10.461,0.12400000000000055,109,17.235849056603772,18.3,29.861457398364475,17.75937578966575,101,5.833333333333333,False,2.071152947867618,-236.9405804125204,1.2641880968358579,body_interference
t2_20261002_083430,19,10.506,0.07900000000000063,109,17.37264150943396,18.5,9.879889686968895,9.879889686968895,109,5.833333333333333,False,2.071152947867618,-236.9405804125204,1.2641880968358579,body_interference
t2_20261002_083430,19,10.549,0.036000000000001364,109,17.37264150943396,18.5,1.2704653776276942,1.2704653776276942,109,5.833333333333333,False,2.071152947867618,-236.9405804125204,1.2641880968358579,body_interference
t2_20261002_083430,19,10.585,0.0,109,17.37264150943396,18.5,-3.5704686542145936,-3.5704686542145936,109,5.833333333333333,False,2.071152947867618,-236.9405804125204,1.2641880968358579,body_interference
t2_20261002_083430,20,23.102,1.972999999999999,469,14.5,40.4,66.08809253710905,66.08809253710905,469,5.777777777777778,False,0.3960253653130561,-75.57048496595132,1.3457695237985097,curve
t2_20261002_083430,20,23.134,1.940999999999999,469,14.5,40.4,65.99099854088786,65.99099854088786,469,5.777777777777778,False,0.43125140406884555,-4.855927510759985,1.3497909720845604,curve
t2_20261002_083430,20,23.167,1.9079999999999977,469,14.5,40.4,63.88685223199059,63.88685223199059,469,5.777777777777778,False,0.43125140406884555,-62.40400807938722,1.3497909720845604,curve
t2_20261002_083430,20,23.198,1.876999999999999,469,14.5,40.4,61.751834028237255,61.751834028237255,469,5.777777777777778,False,0.3792688109824809,-69.92739734169474,1.252394496354312,curve
t2_20261002_083430,20,23.236,1.8389999999999986,469,14.5,40.4,59.56728406161588,59.56728406161588,469,5.777777777777778,False,0.3792688109824809,-56.645842565562255,1.252394496354312,curve
t2_20261002_083430,20,23.261,1.814,469,14.5,40.4,57.39630272752561,57.39630272752561,469,5.777777777777778,False,0.3792688109824809,-83.88910557159734,1.252394496354312,curve
t2_20261002_083430,20,23.29,1.7850000000000001,469,14.5,40.4,55.48649957184293,55.48649957184293,469,5.777777777777778,False,0.40381250358865195,-67.24499543735418,1.252394496354312,curve
t2_20261002_083430,20,23.327,1.7479999999999976,469,14.5,40.4,54.42570191331657,54.42570191331657,469,5.777777777777778,False,0.32958616843721344,-29.669718526183683,1.2326790523342495,curve
t2_20261002_083430,20,23.359,1.7159999999999975,469,14.5,40.4,52.29706626582848,52.29706626582848,469,5.777777777777778,False,0.37867355364955557,-65.70957140291947,1.2326790523342495,curve
t2_20261002_083430,20,23.399,1.6759999999999984,469,14.5,40.4,49.02661350104986,49.02661350104986,469,5.777777777777778,False,0.40321724625572486,-79.72802062803795,1.2326790523342495,curve
t2_20261002_083430,20,23.427,1.6479999999999997,469,14.5,40.4,47.21950973243272,47.21950973243272,469,5.777777777777778,False,0.40321724625572486,-65.70821205564182,1.2326790523342495,curve
t2_20261002_083430,20,23.455,1.620000000000001,469,14.5,40.4,45.11507732946627,45.11507732946627,469,5.777777777777778,False,0.4523046314680652,-76.596388318054,1.2326790523342495,curve
t2_20261002_083430,20,23.486,1.5889999999999986,469,14.5,40.4,43.191446787088715,43.191446787088715,469,5.777777777777778,False,0.35665972477899643,-61.47411511261434,1.2022251789837477,curve
t2_20261002_083430,20,23.534,1.5410000000000004,469,14.5,40.4,41.03530130104394,41.03530130104394,469,5.777777777777778,False,0.38006591951623747,-46.03613030497011,1.209371860804326,curve
t2_20261002_083430,20,23.567,1.5079999999999991,469,14.5,40.4,39.05338538991722,39.05338538991722,469,5.777777777777778,False,0.40460961212240854,-58.68586461016193,1.209371860804326,curve
t2_20261002_083430,20,23.599,1.475999999999999,469,14.5,40.4,38.898307678066494,38.898307678066494,469,5.777777777777778,False,0.3609223529123007,-5.2979040479349475,1.1747922996786988,curve
t2_20261002_083430,20,23.632,1.4429999999999978,469,14.5,40.4,36.80494399034061,36.80494399034061,469,5.777777777777778,False,0.3609223529123007,-63.95470546283487,1.1747922996786988,curve
t2_20261002_083430,20,23.664,1.4109999999999978,469,14.5,40.4,34.677458036969774,34.677458036969774,469,5.777777777777778,False,0.38546604551847174,-66.48375284356015,1.1747922996786988,curve
t2_20261002_083430,20,23.695,1.379999999999999,469,14.5,40.4,32.74667546401778,32.74667546401778,469,5.777777777777778,False,0.38546604551847174,-61.60162256539315,1.1747922996786988,curve
t2_20261002_083430,20,23.727,1.347999999999999,469,14.5,40.4,31.996410116912735,31.996410116912735,469,5.777777777777778,False,0.36756103284283625,-23.81449863680754,1.1448617815908935,curve
t2_20261002_083430,20,23.76,1.3149999999999977,469,14.5,40.4,30.05585408370093,30.05585408370093,469,5.777777777777778,False,0.3184736476304959,-58.85998124286164,1.1448617815908935,curve
t2_20261002_083430,20,23.8,1.2749999999999986,469,14.5,40.4,28.3877256007656,28.3877256007656,469,5.777777777777778,False,0.3184736476304959,-42.324614383351545,1.1448617815908935,curve
t2_20261002_083430,20,23.822,1.2530000000000001,469,14.5,40.4,26.571541282451157,26.571541282451157,469,5.777777777777778,False,0.3064936508725218,-81.36788910725332,1.103236960798517,curve
t2_20261002_083430,20,23.871,1.2040000000000006,469,14.5,40.4,24.207740877133496,24.207740877133496,469,5.777777777777778,False,0.3064936508725218,-47.492205520075544,1.103236960798517,curve
t2_20261002_083430,20,23.887,1.1879999999999988,469,14.5,40.4,23.376854772645608,23.376854772645608,469,5.777777777777778,False,0.3064936508725218,-52.73072972467839,1.103236960798517,curve
t2_20261002_083430,20,23.921,1.154,469,14.5,40.4,22.796638820761522,22.796638820761522,469,5.777777777777778,False,0.19607855660979823,-18.294543557194753,1.0695891591614881,curve
t2_20261002_083430,20,23.962,1.1129999999999995,469,14.5,40.4,21.609196891976246,21.609196891976246,469,5.777777777777778,False,0.19607855660979823,-28.260854376132272,1.0695891591614881,curve
t2_20261002_083430,20,23.982,1.093,469,14.5,40.4,20.081918151348013,20.081918151348013,469,5.777777777777778,False,0.26970963442830787,-74.54561869397433,1.0695891591614881,curve
t2_20261002_083430,20,24.015,1.0599999999999987,469,14.5,40.4,18.419912093493345,18.419912093493345,469,5.777777777777778,False,0.29425332703447893,-50.69784670984563,1.0695891591614881,curve
t2_20261002_083430,20,24.061,1.0139999999999993,469,14.5,40.4,16.169788042533092,16.169788042533092,469,5.777777777777778,False,0.11782020463063603,-48.57138305765659,1.0248489263153715,curve
t2_20261002_083430,20,24.094,0.9809999999999981,469,14.5,40.4,15.337452886191222,15.337452886191222,469,5.777777777777778,False,0.16690758984297638,-25.13905970631858,1.0248489263153715,curve
t2_20261002_083430,20,24.126,0.9489999999999981,469,14.5,40.4,15.192843708005377,15.192843708005377,469,5.777777777777778,False,0.18627291928359568,-5.039083527309585,1.0353404092415448,curve
t2_20261002_083430,20,24.159,0.9160000000000004,469,14.5,40.4,14.479207477176807,14.479207477176807,469,5.777777777777778,False,0.13564503634651714,-21.85867572529411,0.9905239059082258,curve
t2_20261002_083430,20,24.197,0.8780000000000001,469,14.5,40.4,13.635955390512343,13.635955390512343,469,5.777777777777778,False,0.16018872895268643,-22.46854288392232,0.9905239059082258,curve
t2_20261002_083430,20,24.222,0.852999999999998,469,14.5,40.4,12.707320653189704,12.707320653189704,469,5.777777777777778,False,0.16018872895268643,-37.50893192321509,0.9905239059082258,curve
t2_20261002_083430,20,24.255,0.8200000000000003,469,14.5,40.4,11.57610572465736,11.57610572465736,469,5.777777777777778,False,0.20927611416502678,-34.12473630991038,0.9905239059082258,curve
t2_20261002_083430,20,24.287,0.7880000000000003,469,14.5,40.4,10.947264017788093,10.947264017788093,469,5.777777777777778,False,0.0888660557073262,-19.420345030225864,0.851188822935609,curve
t2_20261002_083430,20,24.318,0.7569999999999979,469,14.5,40.4,13.048959924279053,13.048959924279053,469,5.777777777777778,False,0.10661803827811234,68.19233992853624,0.9568336700637832,curve
t2_20261002_083430,20,24.358,0.7169999999999987,469,14.5,40.4,12.178754622789107,12.178754622789107,469,5.777777777777778,False,0.1557054234904527,-21.88147412540547,0.9568336700637832,curve
t2_20261002_083430,20,24.384,0.690999999999999,469,14.5,40.4,11.576494248783156,11.576494248783156,469,5.777777777777778,False,0.11169085226110553,-24.10213622871227,0.8217458026211113,curve
t2_20261002_083430,20,24.414,0.6609999999999978,469,14.5,40.4,10.968715238284098,10.968715238284098,469,5.777777777777778,False,0.11169085226110553,-20.65409341217618,0.8217458026211113,curve
t2_20261002_083430,20,24.446,0.6289999999999978,469,14.5,40.4,10.081214358221722,10.081214358221722,469,5.777777777777778,False,0.16077823747344766,-28.72155900998474,0.8217458026211113,curve
t2_20261002_083430,20,24.479,0.5960000000000001,469,14.5,40.4,9.26933455897801,9.26933455897801,469,5.777777777777778,False,0.1362345448672766,-24.70463245269458,0.8217458026211113,curve
t2_20261002_083430,20,24.517,0.5579999999999998,469,14.5,40.4,8.819664916543758,8.819664916543758,469,5.777777777777778,False,0.0710514185352622,-11.45000045728902,0.7853917641207535,curve
t2_20261002_083430,20,24.542,0.5329999999999977,469,14.5,40.4,8.41356571161775,8.41356571161775,469,5.777777777777778,False,0.08735225813999747,-14.486329342345181,0.7940919748534911,curve
t2_20261002_083430,20,24.591,0.4839999999999982,469,14.5,40.4,7.519843268291652,7.519843268291652,469,5.777777777777778,False,0.09813375902755084,-18.37695827774426,0.7603284114939797,curve
t2_20261002_083430,20,24.622,0.4529999999999994,469,14.5,40.4,7.036093747459006,7.036093747459006,469,5.777777777777778,False,0.07359006642138155,-15.552941552570339,0.7603284114939797,curve
t2_20261002_083430,20,24.655,0.41999999999999815,469,14.5,40.4,6.598929993396986,6.598929993396986,469,5.777777777777778,False,0.07359006642138155,-13.643858797546281,0.7603284114939797,head_interference
t2_20261002_083430,20,24.686,0.38899999999999935,469,14.5,40.4,5.9211125563049265,5.9211125563049265,469,5.777777777777778,False,0.1226774516337219,-21.31529528125446,0.7603284114939797,head_interference
t2_20261002_083430,20,24.718,0.3569999999999993,469,14.5,40.4,5.48328529931873,5.48328529931873,469,5.777777777777778,False,0.0626269467542393,-13.561387730922856,0.6792191035461621,head_interference
t2_20261002_083430,20,24.758,0.31700000000000017,469,14.5,40.4,5.922879972726442,5.922879972726442,469,5.777777777777778,False,0.05313772392949545,10.625433256222314,0.7375789885436808,head_interference
t2_20261002_083430,20,24.782,0.29299999999999926,469,14.636792452830191,40.4,6.528497574962389,6.528497574962389,469,5.777777777777778,False,0.05313772392949545,24.528851293612046,0.7375789885436808,head_interference
t2_20261002_083430,20,24.811,0.26399999999999935,469,14.636792452830191,40.4,6.1667568627918445,6.1667568627918445,469,5.777777777777778,False,0.05313772392949545,24.528851293612046,0.7375789885436808,head_interference
t2_20261002_083430,20,24.848,0.2270000000000003,469,14.636792452830191,40.4,5.857250359277403,5.857250359277403,469,5.777777777777778,False,0.05313772392949545,24.528851293612046,0.7375789885436808,head_interference
t2_20261002_083430,20,24.878,0.19699999999999918,469,14.636792452830191,40.4,5.317722253915855,5.317722253915855,469,5.777777777777778,False,0.05313772392949545,24.528851293612046,0.7375789885436808,head_interference
t2_20261002_083430,20,24.915,0.16000000000000014,469,14.636792452830191,40.4,4.833684885186921,4.833684885186921,469,5.777777777777778,False,0.05313772392949545,24.528851293612046,0.7375789885436808,head_interference
t2_20261002_083430,20,24.942,0.13299999999999912,469,14.636792452830191,40.4,4.621722474661931,4.621722474661931,469,5.777777777777778,False,0.05313772392949545,24.528851293612046,0.7375789885436808,head_interference
t2_20261002_083430,20,24.974,0.10099999999999909,469,14.636792452830191,40.4,5.183393228264395,5.183393228264395,469,5.777777777777778,False,0.05313772392949545,24.528851293612046,0.7375789885436808,head_interference
t2_20261002_083430,20,25.007,0.06799999999999784,469,14.636792452830191,40.4,4.558097973645845,4.558097973645845,469,5.777777777777778,False,0.05313772392949545,24.528851293612046,0.7375789885436808,head_interference
t2_20261002_083430,20,25.039,0.03599999999999781,469,14.636792452830191,40.4,1.0114174743118003,1.0114174743118003,469,5.777777777777778,True,0.05313772392949545,24.528851293612046,0.7375789885436808,head_interference
t2_20261002_083430,20,25.075,0.0,469,14.636792452830191,40.4,-2.6675354515529133,-2.6675354515529133,469,5.777777777777778,True,0.05313772392949545,24.528851293612046,0.7375789885436808,head_interference
